iceberg_id,timestamp,latitude,longitude,dt_hours,wind_u10,wind_v10,observed_u,observed_v
A23A,2020-01-01,-75.7833,-41.0638,24.0,-9.298599,-3.9293823,-0.001451368324061295,0.0
A23A,2020-01-02,-75.7833,-41.0659,24.0,-9.298599,-3.9293823,-0.0006625811914183607,0.0
A23A,2020-01-03,-75.7833,-41.0667,24.0,-9.298599,-3.9293823,-0.00025241188244466277,0.0
A23A,2020-01-04,-75.7833,-41.0658,24.0,-9.298599,-3.9293823,0.0002839633677491247,0.0
A23A,2020-01-05,-75.7833,-41.0634,24.0,-9.298599,-3.9293823,0.0007572356473362303,0.0
A23A,2020-01-06,-75.7833,-41.0601,24.0,-9.298599,-3.9293823,0.0010411990150875968,0.0
A23A,2020-01-07,-75.7833,-41.0566,24.0,-9.298599,-3.9293823,0.0011043019856965205,0.0
A23A,2020-01-08,-75.7833,-41.0533,24.0,-9.298599,-3.9293823,0.0010411990150875968,0.0
A23A,2020-01-09,-75.7833,-41.0509,24.0,-9.298599,-3.9293823,0.0007572356473362303,0.0
A23A,2020-01-10,-75.7833,-41.05,24.0,-9.298599,-3.9293823,0.00028396336775136655,0.0
A23A,2020-01-11,-75.7833,-41.05,24.0,-9.298599,-3.9293823,0.0,0.0
A23A,2020-01-12,-75.7833,-41.05,24.0,-9.298599,-3.9293823,0.0,0.0
A23A,2020-01-13,-75.7833,-41.05,24.0,-9.298599,-3.9293823,0.0,0.0
A23A,2020-01-14,-75.7833,-41.05,24.0,-9.298599,-3.9293823,0.0,0.0
A23A,2020-01-15,-75.7833,-41.05,24.0,-9.298599,-3.9293823,0.0,0.0
A23A,2020-01-16,-75.7833,-41.05,24.0,-9.298599,-3.9293823,0.0,0.0
A23A,2020-01-17,-75.7833,-41.05,24.0,-9.298599,-3.9293823,0.0,0.0
A23A,2020-01-18,-75.7833,-41.05,24.0,-9.298599,-3.9293823,0.0,0.0
A23A,2020-01-19,-75.7833,-41.05,24.0,-9.298599,-3.9293823,0.0,0.0
A23A,2020-01-20,-75.7833,-41.05,24.0,-9.298599,-3.9293823,0.0,0.0
A23A,2020-01-21,-75.7833,-41.05,24.0,-9.298599,-3.9293823,0.0,0.0
A23A,2020-01-22,-75.7833,-41.05,24.0,-9.298599,-3.9293823,0.0,0.0
A23A,2020-01-23,-75.7833,-41.05,24.0,-9.298599,-3.9293823,0.0,0.0
A23A,2020-01-24,-75.7833,-41.05,24.0,-9.298599,-3.9293823,0.0,0.0
A23A,2020-01-25,-75.7833,-41.05,24.0,-9.298599,-3.9293823,0.0,0.0
A23A,2020-01-26,-75.7833,-41.05,24.0,-9.298599,-3.9293823,0.0,0.0
A23A,2020-01-27,-75.7833,-41.05,24.0,-9.298599,-3.9293823,0.0,0.0
A23A,2020-01-28,-75.7833,-41.05,24.0,-9.298599,-3.9293823,0.0,0.0
A23A,2020-01-29,-75.7833,-41.05,24.0,-9.298599,-3.9293823,0.0,0.0
A23A,2020-01-30,-75.7833,-41.05,24.0,-9.298599,-3.9293823,0.0,0.0
A23A,2020-01-31,-75.7833,-41.05,24.0,-9.298599,-3.9293823,0.0,0.0
A23A,2020-02-01,-75.7833,-41.0509,24.0,-9.298599,-3.9293823,-0.00028396336775136655,0.0
A23A,2020-02-02,-75.7833,-41.0533,24.0,-9.298599,-3.9293823,-0.0007572356473362303,0.0
A23A,2020-02-03,-75.7833,-41.0566,24.0,-9.298599,-3.9293823,-0.0010411990150875968,0.0
A23A,2020-02-04,-75.7833,-41.0601,24.0,-9.298599,-3.9293823,-0.0011043019856965205,0.0
A23A,2020-02-05,-75.7833,-41.0634,24.0,-9.298599,-3.9293823,-0.0010411990150875968,0.0
A23A,2020-02-06,-75.7833,-41.0658,24.0,-9.298599,-3.9293823,-0.0007572356473362303,0.0
A23A,2020-02-07,-75.7833,-41.0667,24.0,-9.298599,-3.9293823,-0.0002839633677491247,0.0
A23A,2020-02-08,-75.7833,-41.0658,24.0,-9.298599,-3.9293823,0.0002839633677491247,0.0
A23A,2020-02-09,-75.7833,-41.0634,24.0,-9.298599,-3.9293823,0.0007572356473362303,0.0
A23A,2020-02-10,-75.7833,-41.0601,24.0,-9.298599,-3.9293823,0.0010411990150875968,0.0
A23A,2020-02-11,-75.7833,-41.0566,24.0,-9.298599,-3.9293823,0.0011043019856965205,0.0
A23A,2020-02-12,-75.7833,-41.0533,24.0,-9.298599,-3.9293823,0.0010411990150875968,0.0
A23A,2020-02-13,-75.7833,-41.0509,24.0,-9.298599,-3.9293823,0.0007572356473362303,0.0
A23A,2020-02-14,-75.7833,-41.05,24.0,-9.298599,-3.9293823,0.00028396336775136655,0.0
A23A,2020-02-15,-75.7833,-41.05,24.0,-9.298599,-3.9293823,0.0,0.0
A23A,2020-02-16,-75.7833,-41.05,24.0,-9.298599,-3.9293823,0.0,0.0
A23A,2020-02-17,-75.7833,-41.05,24.0,-9.298599,-3.9293823,0.0,0.0
A23A,2020-02-18,-75.7833,-41.05,24.0,-9.298599,-3.9293823,0.0,0.0
A23A,2020-02-19,-75.7833,-41.05,24.0,-9.298599,-3.9293823,0.0,0.0
A23A,2020-02-20,-75.7833,-41.05,24.0,-9.298599,-3.9293823,0.0,0.0
A23A,2020-02-21,-75.7833,-41.05,24.0,-9.298599,-3.9293823,0.0,0.0
A23A,2020-02-22,-75.7833,-41.05,24.0,-9.298599,-3.9293823,0.0,0.0
A23A,2020-02-23,-75.7833,-41.05,24.0,-9.298599,-3.9293823,0.0,0.0
A23A,2020-02-24,-75.7833,-41.05,24.0,-9.298599,-3.9293823,0.0,0.0
A23A,2020-02-25,-75.7833,-41.05,24.0,-9.298599,-3.9293823,0.0,0.0
A23A,2020-02-26,-75.7833,-41.05,24.0,-9.298599,-3.9293823,0.0,0.0
A23A,2020-02-27,-75.7833,-41.05,24.0,-9.298599,-3.9293823,0.0,0.0
A23A,2020-02-28,-75.7833,-41.05,24.0,-9.298599,-3.9293823,0.0,0.0
A23A,2020-02-29,-75.7833,-41.05,24.0,-9.298599,-3.9293823,0.0,0.0
A23A,2020-03-01,-75.7833,-41.05,24.0,-9.298599,-3.9293823,0.0,0.0
A23A,2020-03-02,-75.7833,-41.05,24.0,-9.298599,-3.9293823,0.0,0.0
A23A,2020-03-03,-75.7833,-41.05,24.0,-9.298599,-3.9293823,0.0,0.0
A23A,2020-03-04,-75.7833,-41.05,24.0,-9.298599,-3.9293823,0.0,0.0
A23A,2020-03-05,-75.7833,-41.05,24.0,-9.298599,-3.9293823,0.0,0.0
A23A,2020-03-06,-75.7833,-41.05,24.0,-9.298599,-3.9293823,0.0,0.0
A23A,2020-03-07,-75.7833,-41.05,24.0,-9.298599,-3.9293823,0.0,0.0
A23A,2020-03-08,-75.7833,-41.05,24.0,-9.298599,-3.9293823,0.0,0.0
A23A,2020-03-09,-75.7833,-41.05,24.0,-9.298599,-3.9293823,0.0,0.0
A23A,2020-03-10,-75.7833,-41.05,24.0,-9.298599,-3.9293823,0.0,0.0
A23A,2020-03-11,-75.7833,-41.05,24.0,-9.298599,-3.9293823,0.0,0.0
A23A,2020-03-12,-75.7833,-41.05,24.0,-9.298599,-3.9293823,0.0,0.0
A23A,2020-03-13,-75.7833,-41.05,24.0,-9.298599,-3.9293823,0.0,0.0
A23A,2020-03-14,-75.7833,-41.0509,24.0,-9.298599,-3.9293823,-0.00028396336775136655,0.0
A23A,2020-03-15,-75.7833,-41.0533,24.0,-9.298599,-3.9293823,-0.0007572356473362303,0.0
A23A,2020-03-16,-75.7833,-41.0566,24.0,-9.298599,-3.9293823,-0.0010411990150875968,0.0
A23A,2020-03-17,-75.7833,-41.0601,24.0,-9.298599,-3.9293823,-0.0011043019856965205,0.0
A23A,2020-03-18,-75.7833,-41.0634,24.0,-9.298599,-3.9293823,-0.0010411990150875968,0.0
A23A,2020-03-19,-75.7833,-41.0658,24.0,-9.298599,-3.9293823,-0.0007572356473362303,0.0
A23A,2020-03-20,-75.7833,-41.0667,24.0,-9.298599,-3.9293823,-0.0002839633677491247,0.0
A23A,2020-03-21,-75.7833,-41.0658,24.0,-9.298599,-3.9293823,0.0002839633677491247,0.0
A23A,2020-03-22,-75.7833,-41.0634,24.0,-9.298599,-3.9293823,0.0007572356473362303,0.0
A23A,2020-03-23,-75.7833,-41.0601,24.0,-9.298599,-3.9293823,0.0010411990150875968,0.0
A23A,2020-03-24,-75.7833,-41.0566,24.0,-9.298599,-3.9293823,0.0011043019856965205,0.0
A23A,2020-03-25,-75.7833,-41.0533,24.0,-9.298599,-3.9293823,0.0010411990150875968,0.0
A23A,2020-03-26,-75.7833,-41.0509,24.0,-9.298599,-3.9293823,0.0007572356473362303,0.0
A23A,2020-03-27,-75.7833,-41.05,24.0,-9.298599,-3.9293823,0.00028396336775136655,0.0
A23A,2020-03-28,-75.7833,-41.05,24.0,-9.298599,-3.9293823,0.0,0.0
A23A,2020-03-29,-75.7833,-41.05,24.0,-9.298599,-3.9293823,0.0,0.0
A23A,2020-03-30,-75.7833,-41.05,24.0,-9.298599,-3.9293823,0.0,0.0
A23A,2020-03-31,-75.7833,-41.05,24.0,-9.298599,-3.9293823,0.0,0.0
A23A,2020-04-01,-75.7833,-41.05,24.0,-9.298599,-3.9293823,0.0,0.0
A23A,2020-04-02,-75.7833,-41.05,24.0,-9.298599,-3.9293823,0.0,0.0
A23A,2020-04-03,-75.7833,-41.05,24.0,-9.298599,-3.9293823,0.0,0.0
A23A,2020-04-04,-75.7833,-41.0509,24.0,-9.298599,-3.9293823,-0.00028396336775136655,0.0
A23A,2020-04-05,-75.7833,-41.0533,24.0,-9.298599,-3.9293823,-0.0007572356473362303,0.0
A23A,2020-04-06,-75.7833,-41.0566,24.0,-9.298599,-3.9293823,-0.0010411990150875968,0.0
A23A,2020-04-07,-75.7833,-41.0601,24.0,-9.298599,-3.9293823,-0.0011043019856965205,0.0
A23A,2020-04-08,-75.7833,-41.0634,24.0,-9.298599,-3.9293823,-0.0010411990150875968,0.0
A23A,2020-04-09,-75.7833,-41.0658,24.0,-9.298599,-3.9293823,-0.0007572356473362303,0.0
A23A,2020-04-10,-75.7833,-41.0667,24.0,-9.298599,-3.9293823,-0.0002839633677491247,0.0
A23A,2020-04-11,-75.7833,-41.0658,24.0,-9.298599,-3.9293823,0.0002839633677491247,0.0
A23A,2020-04-12,-75.7833,-41.0634,24.0,-9.298599,-3.9293823,0.0007572356473362303,0.0
A23A,2020-04-13,-75.7833,-41.0601,24.0,-9.298599,-3.9293823,0.0010411990150875968,0.0
A23A,2020-04-14,-75.7833,-41.0566,24.0,-9.298599,-3.9293823,0.0011043019856965205,0.0
A23A,2020-04-15,-75.7833,-41.0533,24.0,-9.298599,-3.9293823,0.0010411990150875968,0.0
A23A,2020-04-16,-75.7833,-41.0509,24.0,-9.298599,-3.9293823,0.0007572356473362303,0.0
A23A,2020-04-17,-75.7833,-41.05,24.0,-9.298599,-3.9293823,0.00028396336775136655,0.0
A23A,2020-04-18,-75.7833,-41.05,24.0,-9.298599,-3.9293823,0.0,0.0
A23A,2020-04-19,-75.7833,-41.05,24.0,-9.298599,-3.9293823,0.0,0.0
A23A,2020-04-20,-75.7833,-41.05,24.0,-9.298599,-3.9293823,0.0,0.0
A23A,2020-04-21,-75.7833,-41.05,24.0,-9.298599,-3.9293823,0.0,0.0
A23A,2020-04-22,-75.7833,-41.05,24.0,-9.298599,-3.9293823,0.0,0.0
A23A,2020-04-23,-75.7833,-41.05,24.0,-9.298599,-3.9293823,0.0,0.0
A23A,2020-04-24,-75.7833,-41.05,24.0,-9.298599,-3.9293823,0.0,0.0
A23A,2020-04-25,-75.7833,-41.05,24.0,-9.298599,-3.9293823,0.0,0.0
A23A,2020-04-26,-75.7833,-41.05,24.0,-9.298599,-3.9293823,0.0,0.0
A23A,2020-04-27,-75.7833,-41.05,24.0,-9.298599,-3.9293823,0.0,0.0
A23A,2020-04-28,-75.7833,-41.05,24.0,-9.298599,-3.9293823,0.0,0.0
A23A,2020-04-29,-75.7833,-41.05,24.0,-9.298599,-3.9293823,0.0,0.0
A23A,2020-04-30,-75.7833,-41.05,24.0,-9.298599,-3.9293823,0.0,0.0
A23A,2020-05-01,-75.7833,-41.05,24.0,-9.298599,-3.9293823,0.0,0.0
A23A,2020-05-02,-75.7833,-41.0509,24.0,-9.298599,-3.9293823,-0.00028396336775136655,0.0
A23A,2020-05-03,-75.7833,-41.0533,24.0,-9.298599,-3.9293823,-0.0007572356473362303,0.0
A23A,2020-05-04,-75.7833,-41.0566,24.0,-9.298599,-3.9293823,-0.0010411990150875968,0.0
A23A,2020-05-05,-75.7833,-41.0601,24.0,-9.298599,-3.9293823,-0.0011043019856965205,0.0
A23A,2020-05-06,-75.7833,-41.0634,24.0,-9.298599,-3.9293823,-0.0010411990150875968,0.0
A23A,2020-05-07,-75.7833,-41.0658,24.0,-9.298599,-3.9293823,-0.0007572356473362303,0.0
A23A,2020-05-08,-75.7833,-41.0667,24.0,-9.298599,-3.9293823,-0.0002839633677491247,0.0
A23A,2020-05-09,-75.7833,-41.0658,24.0,-9.298599,-3.9293823,0.0002839633677491247,0.0
A23A,2020-05-10,-75.7833,-41.0634,24.0,-9.298599,-3.9293823,0.0007572356473362303,0.0
A23A,2020-05-11,-75.7833,-41.0601,24.0,-9.298599,-3.9293823,0.0010411990150875968,0.0
A23A,2020-05-12,-75.7833,-41.0566,24.0,-9.298599,-3.9293823,0.0011043019856965205,0.0
A23A,2020-05-13,-75.7833,-41.0533,24.0,-9.298599,-3.9293823,0.0010411990150875968,0.0
A23A,2020-05-14,-75.7833,-41.0509,24.0,-9.298599,-3.9293823,0.0007572356473362303,0.0
A23A,2020-05-15,-75.7833,-41.05,24.0,-9.298599,-3.9293823,0.00028396336775136655,0.0
A23A,2020-05-16,-75.7833,-41.05,24.0,-9.298599,-3.9293823,0.0,0.0
A23A,2020-05-17,-75.7833,-41.05,24.0,-9.298599,-3.9293823,0.0,0.0
A23A,2020-05-18,-75.7833,-41.05,24.0,-9.298599,-3.9293823,0.0,0.0
A23A,2020-05-19,-75.7833,-41.05,24.0,-9.298599,-3.9293823,0.0,0.0
A23A,2020-05-20,-75.7833,-41.05,24.0,-9.298599,-3.9293823,0.0,0.0
A23A,2020-05-21,-75.7833,-41.05,24.0,-9.298599,-3.9293823,0.0,0.0
A23A,2020-05-22,-75.7833,-41.05,24.0,-9.298599,-3.9293823,0.0,0.0
A23A,2020-05-23,-75.7833,-41.05,24.0,-9.298599,-3.9293823,0.0,0.0
A23A,2020-05-24,-75.7833,-41.05,24.0,-9.298599,-3.9293823,0.0,0.0
A23A,2020-05-25,-75.7833,-41.05,24.0,-9.298599,-3.9293823,0.0,0.0
A23A,2020-05-26,-75.7833,-41.05,24.0,-9.298599,-3.9293823,0.0,0.0
A23A,2020-05-27,-75.7833,-41.05,24.0,-9.298599,-3.9293823,0.0,0.0
A23A,2020-05-28,-75.7833,-41.05,24.0,-9.298599,-3.9293823,0.0,0.0
A23A,2020-05-29,-75.7833,-41.05,24.0,-9.298599,-3.9293823,0.0,0.0
A23A,2020-05-30,-75.7833,-41.0509,24.0,-9.298599,-3.9293823,-0.00028396336775136655,0.0
A23A,2020-05-31,-75.7833,-41.0533,24.0,-9.298599,-3.9293823,-0.0007572356473362303,0.0
A23A,2020-06-01,-75.7833,-41.0566,24.0,-9.298599,-3.9293823,-0.0010411990150875968,0.0
A23A,2020-06-02,-75.7833,-41.0601,24.0,-7.955124,-3.2004395,-0.0011043019856965205,0.0
A23A,2020-06-03,-75.7833,-41.0634,24.0,-7.8350525,-5.2192383,-0.0010411990150875968,0.0
A23A,2020-06-04,-75.7833,-41.0658,24.0,-6.481018,-6.443695,-0.0007572356473362303,0.0
A23A,2020-06-05,-75.7833,-41.0667,24.0,-6.737335,-8.539124,-0.0002839633677491247,0.0
A23A,2020-06-06,-75.7833,-41.0658,24.0,-5.289032,-3.2292633,0.0002839633677491247,0.0
A23A,2020-06-07,-75.7833,-41.0634,24.0,-1.0438843,-6.5892334,0.0007572356473362303,0.0
A23A,2020-06-08,-75.7833,-41.0601,24.0,-1.3596039,-5.553116,0.0010411990150875968,0.0
A23A,2020-06-09,-75.7833,-41.0566,24.0,0.59562683,-0.86183167,0.0011043019856965205,0.0
A23A,2020-06-10,-75.7833,-41.0533,24.0,-3.646286,-7.0653687,0.0010411990150875968,0.0
A23A,2020-06-11,-75.7833,-41.0509,24.0,-0.5414734,-3.6396027,0.0007572356473362303,0.0
A23A,2020-06-12,-75.7833,-41.05,24.0,-4.4858856,1.9117584,0.00028396336775136655,0.0
A23A,2020-06-27,-75.7833,-41.0509,24.0,-6.5723267,-2.4041748,-0.00028396336775136655,0.0
A23A,2020-06-28,-75.7833,-41.0533,24.0,-4.410431,-2.406784,-0.0007572356473362303,0.0
A23A,2020-06-29,-75.7833,-41.0566,24.0,-5.48349,-0.34358215,-0.0010411990150875968,0.0
A23A,2020-06-30,-75.7833,-41.0601,24.0,-3.7312012,-2.4368744,-0.0011043019856965205,0.0
A23A,2020-07-01,-75.7833,-41.0634,24.0,-2.8196259,0.120269775,-0.0010411990150875968,0.0
A23A,2020-07-02,-75.7833,-41.0658,24.0,-3.7008362,-4.9273376,-0.0007572356473362303,0.0
A23A,2020-07-03,-75.7833,-41.0667,24.0,-5.6383057,-2.6983643,-0.0002839633677491247,0.0
A23A,2020-07-04,-75.7815,-41.051,24.0,-3.2184296,-2.3340302,0.004954197447441048,0.002312500000003739
A23A,2020-07-05,-75.7767,-41.0105,24.0,-4.3742523,1.3354034,0.012784161473522456,0.0061666666666522945
A23A,2020-07-06,-75.7702,-40.9552,24.0,-3.1986237,-3.3873444,0.017463717065236563,0.008350694444447804
A23A,2020-07-07,-75.7631,-40.8948,24.0,-3.2391968,-4.1555786,0.019083615492338456,0.00912152777778847
A23A,2020-07-08,-75.7566,-40.8395,24.0,-2.647705,-5.5897827,0.017480062771157222,0.008350694444429548
A23A,2020-07-09,-75.7518,-40.799,24.0,-0.788147,-6.0477753,0.012806079207128097,0.0061666666666705516
A23A,2020-07-10,-75.75,-40.7833,24.0,-6.1416016,-0.8017731,0.004964946108352944,0.002312500000003739
A23A,2020-07-11,-75.75,-40.7833,24.0,-10.319138,-4.9747314,0.0,0.0
A23A,2020-07-12,-75.75,-40.7833,24.0,-9.6874695,-5.640518,0.0,0.0
A23A,2020-07-13,-75.75,-40.7833,24.0,-5.575287,-6.849869,0.0,0.0
A23A,2020-07-14,-75.75,-40.7833,24.0,-5.8252106,-5.956955,0.0,0.0
A23A,2020-07-15,-75.75,-40.7833,24.0,-4.001602,-3.3116302,0.0,0.0
A23A,2020-07-16,-75.75,-40.7833,24.0,-1.9813385,-4.7450867,0.0,0.0
A23A,2020-07-17,-75.75,-40.7833,24.0,-4.3066254,-1.9862671,0.0,0.0
A23A,2020-07-18,-75.7463,-40.7805,24.0,-3.9637299,-2.1949158,0.0008856932447710981,0.004753472222215708
A23A,2020-07-19,-75.7368,-40.7734,24.0,-4.752304,-2.496521,0.002247330829814654,0.012204861111114617
A23A,2020-07-20,-75.7237,-40.7636,24.0,-3.505188,-4.4536285,0.0031047393968098654,0.016829861111122096
A23A,2020-07-21,-75.7096,-40.753,24.0,-4.088562,-3.9283752,0.0033614352007570484,0.018114583333332195
A23A,2020-07-22,-75.6965,-40.7432,24.0,-5.2250214,-4.8118744,0.0031105314416300044,0.016829861111103836
A23A,2020-07-23,-75.687,-40.7361,24.0,-11.254303,-7.4472504,0.0022550137813062607,0.012204861111114617
A23A,2020-07-24,-75.6833,-40.7333,24.0,-7.6793213,-8.004883,0.0008895262955274332,0.004753472222215708
A23A,2020-07-25,-75.6833,-40.7342,24.0,-8.274033,-4.717041,-0.0002859191664199352,0.0
A23A,2020-07-26,-75.6833,-40.7366,24.0,-7.3880005,-3.497116,-0.0007624511104524081,0.0
A23A,2020-07-27,-75.6833,-40.7399,24.0,-3.9678802,-2.477707,-0.001048370276870086,0.0
A23A,2020-07-28,-75.6833,-40.7434,24.0,-4.4894257,-2.5374603,-0.001111907869409856,0.0
A23A,2020-07-29,-75.6833,-40.7467,24.0,-1.9507446,-4.581711,-0.001048370276870086,0.0
A23A,2020-07-30,-75.6833,-40.7491,24.0,-2.6085968,-1.4960938,-0.0007624511104524081,0.0
A23A,2020-07-31,-75.6833,-40.75,24.0,-5.1460266,-0.7939911,-0.0002859191664199352,0.0
A23A,2020-08-01,-75.6805,-40.7344,24.0,-7.3353577,-2.193039,0.004956881215435157,0.0035972222222320958
A23A,2020-08-02,-75.6734,-40.694,24.0,-6.697281,-5.15744,0.012843283139394793,0.009121527777770212
A23A,2020-08-03,-75.6636,-40.6382,24.0,-6.013962,-3.909668,0.017750870087819375,0.012590277777775822
A23A,2020-08-04,-75.653,-40.5765,24.0,-5.134598,-1.3826141,0.01964196203162477,0.013618055555551201
A23A,2020-08-05,-75.6432,-40.5182,24.0,-5.9927673,-4.9177856,0.018571996007199557,0.012590277777794078
A23A,2020-08-06,-75.6361,-40.4729,24.0,-6.841614,-0.89904785,0.014437714059940127,0.009121527777770212
A23A,2020-08-07,-75.6333,-40.45,24.0,-4.952896,-1.0522766,0.00729992814991335,0.0035972222222138387
A23A,2020-08-08,-75.6333,-40.4428,24.0,-3.711792,-2.50177,0.0022951739161314157,0.0
A23A,2020-08-09,-75.6333,-40.4378,24.0,-2.5733643,-11.787506,0.0015938707750888072,0.0
A23A,2020-08-10,-75.6333,-40.4342,24.0,-4.916504,-11.162109,0.0011475869580668404,0.0
A23A,2020-08-11,-75.6333,-40.4311,24.0,-6.051361,-4.790863,0.0009881998805547887,0.0
A23A,2020-08-12,-75.6333,-40.4278,24.0,-5.490906,-2.5824738,0.0010519547115605155,0.0
A23A,2020-08-13,-75.6333,-40.4232,24.0,-3.159256,-3.126175,0.0014663611130818837,0.0
A23A,2020-08-14,-75.6333,-40.4167,24.0,-4.7867126,-3.7276611,0.0020720320076181675,0.0
A23A,2020-08-15,-75.6327,-40.4027,24.0,-5.45076,-1.9189758,0.004463020629949358,0.0007708333333406654
A23A,2020-08-16,-75.631,-40.379,24.0,-2.8610077,-3.88797,0.007556131502541518,0.002184027777777252
A23A,2020-08-17,-75.6285,-40.35,24.0,-2.4352112,2.6101532,0.009247474084985574,0.0032118055555526346
A23A,2020-08-18,-75.6256,-40.32,24.0,-4.9280853,2.1161194,0.00956824221259102,0.0037256944444403256
A23A,2020-08-19,-75.6224,-40.2933,24.0,-4.665558,0.40437317,0.008517591370296384,0.004111111111119787
A23A,2020-08-20,-75.6194,-40.2741,24.0,-5.2385254,-3.1773376,0.006126260609217095,0.003854166666666813
A23A,2020-08-21,-75.6167,-40.2667,24.0,-2.2370605,1.4590912,0.002361596907538135,0.0034687500000056084
A23A,2020-08-22,-75.614,-40.2685,24.0,-3.1980438,-1.9101105,-0.0005745480486573836,0.0034687499999873517
A23A,2020-08-23,-75.611,-40.2733,24.0,-6.307831,-0.6520691,-0.001532440889117131,0.003854166666666813
A23A,2020-08-24,-75.6078,-40.2798,24.0,-4.6629944,-6.4637604,-0.0020756321279426235,0.004111111111119787
A23A,2020-08-25,-75.6048,-40.2869,24.0,-6.792755,-7.035019,-0.0022676915501393963,0.003854166666666813
A23A,2020-08-26,-75.6023,-40.2934,24.0,-5.611252,-5.1076965,-0.0020764085706040294,0.0032118055555526346
A23A,2020-08-27,-75.6006,-40.2982,24.0,-4.743973,-2.2956696,-0.001533525089062092,0.002184027777777252
A23A,2020-08-28,-75.6,-40.3,24.0,-6.445862,-0.3442688,-0.0005750953640673868,0.0007708333333406654
A23A,2020-08-29,-75.6,-40.2945,24.0,-4.429016,0.6045227,0.0017572358346537539,0.0
A23A,2020-08-30,-75.6,-40.2802,24.0,-6.51915,-0.51405334,0.004568813170101122,0.0
A23A,2020-08-31,-75.6,-40.2606,24.0,-5.2653046,-2.4173126,0.00626214951986077,0.0
A23A,2020-09-01,-75.6,-40.2394,24.0,-2.23555,-5.734314,0.00677334539902951,0.0
A23A,2020-09-02,-75.6,-40.2198,24.0,-2.23555,-5.734314,0.00626214951986077,0.0
A23A,2020-09-03,-75.6,-40.2055,24.0,-2.23555,-5.734314,0.004568813170101122,0.0
A23A,2020-09-04,-75.6,-40.2,24.0,-2.23555,-5.734314,0.0017572358346537539,0.0
A23A,2020-09-05,-75.5994,-40.2015,24.0,-2.23555,-5.734314,-0.0004792656830637393,0.0007708333333224084
A23A,2020-09-06,-75.5977,-40.2057,24.0,-2.23555,-5.734314,-0.0013420989794073143,0.002184027777777252
A23A,2020-09-07,-75.5952,-40.212,24.0,-2.23555,-5.734314,-0.0020134905250769534,0.0032118055555526346
A23A,2020-09-08,-75.5922,-40.2201,24.0,-2.23555,-5.734314,-0.00258930126922114,0.003854166666666813
A23A,2020-09-09,-75.589,-40.2295,24.0,-2.23555,-5.734314,-0.0030055213950527164,0.004111111111119787
A23A,2020-09-10,-75.586,-40.2396,24.0,-2.23555,-5.734314,-0.0032299948422024865,0.003854166666666813
A23A,2020-09-11,-75.5833,-40.25,24.0,-2.23555,-5.734314,-0.0033265450877081673,0.0034687500000056084
A23A,2020-09-12,-75.5809,-40.265,24.0,-2.23555,-5.734314,-0.004798683360699679,0.0030833333333261472
A23A,2020-09-13,-75.5786,-40.287,24.0,-2.23555,-5.734314,-0.007039167769369467,0.0029548611111179174
A23A,2020-09-14,-75.5762,-40.3126,24.0,-2.23555,-5.734314,-0.008192365816190456,0.0030833333333261472
A23A,2020-09-15,-75.5738,-40.3385,24.0,-2.23555,-5.734314,-0.008289719954075922,0.0030833333333261472
A23A,2020-09-16,-75.5714,-40.3611,24.0,-2.23555,-5.734314,-0.007234678658898951,0.0030833333333444043
A23A,2020-09-17,-75.5691,-40.3772,24.0,-2.23555,-5.734314,-0.005154712365202039,0.0029548611110996603
A23A,2020-09-18,-75.5667,-40.3833,24.0,-2.23555,-5.734314,-0.0019533455747517245,0.0030833333333444043
A23A,2020-09-19,-75.564,-40.3833,24.0,-2.23555,-5.734314,0.0,0.0034687500000056084
A23A,2020-09-20,-75.561,-40.3833,24.0,-2.23555,-5.734314,0.0,0.003854166666648556
A23A,2020-09-21,-75.5578,-40.3833,24.0,-2.23555,-5.734314,0.0,0.004111111111119787
A23A,2020-09-22,-75.5548,-40.3833,24.0,-2.23555,-5.734314,0.0,0.003854166666666813
A23A,2020-09-23,-75.5523,-40.3833,24.0,-2.23555,-5.734314,0.0,0.0032118055555526346
A23A,2020-09-24,-75.5506,-40.3833,24.0,-2.23555,-5.734314,0.0,0.002184027777777252
A23A,2020-09-25,-75.55,-40.3833,24.0,-2.23555,-5.734314,0.0,0.0007708333333406654
A23A,2020-10-10,-75.5523,-40.8909,24.0,-2.23555,-5.734314,-0.018462716412101992,-0.0029548611111179174
A23A,2020-10-11,-75.5585,-40.9679,24.0,-2.23555,-5.734314,-0.024670695684441024,-0.007965277777768343
A23A,2020-10-12,-75.5671,-41.054,24.0,-2.23555,-5.734314,-0.02757024459355487,-0.011048611111112747
A23A,2020-10-13,-75.5768,-41.1389,24.0,-2.23555,-5.734314,-0.027168106987375252,-0.012461805555567591
A23A,2020-10-14,-75.5864,-41.2123,24.0,-2.23555,-5.734314,-0.02347279025668567,-0.012333333333322849
A23A,2020-10-15,-75.5946,-41.2638,24.0,-2.23555,-5.734314,-0.016460157114882183,-0.010534722222225056
A23A,2020-10-16,-75.6,-41.2833,24.0,-2.23555,-5.734314,-0.006230199777409177,-0.00693749999999296
A23A,2020-10-17,-75.6036,-41.2755,24.0,-2.23555,-5.734314,0.002491470059423376,-0.004625000000007478
A23A,2020-10-18,-75.607,-41.2553,24.0,-2.23555,-5.734314,0.006450776975101781,-0.004368055555554504
A23A,2020-10-19,-75.6101,-41.2274,24.0,-2.23555,-5.734314,0.008907858037385518,-0.003982638888893299
A23A,2020-10-20,-75.6128,-41.1965,24.0,-2.23555,-5.734314,0.009863880193887415,-0.0034687499999873517
A23A,2020-10-21,-75.6148,-41.1674,24.0,-2.23555,-5.734314,0.009288021154666858,-0.0025694444444567133
A23A,2020-10-22,-75.6162,-41.1447,24.0,-2.23555,-5.734314,0.00724460460079019,-0.0017986111111160479
A23A,2020-10-23,-75.6167,-41.1333,24.0,-2.23555,-5.734314,0.0036381357764797514,-0.0006423611110959212
A23A,2020-10-24,-75.6167,-41.1292,24.0,-2.23555,-5.734314,0.0013084523406639093,0.0
A23A,2020-10-25,-75.6167,-41.1257,24.0,-2.23555,-5.734314,0.0011169715103210797,0.0
A23A,2020-10-26,-75.6167,-41.1226,24.0,-2.23555,-5.734314,0.000989317623429639,0.0
A23A,2020-10-27,-75.6167,-41.1201,24.0,-2.23555,-5.734314,0.0007978367930868095,0.0
A23A,2020-10-28,-75.6167,-41.1182,24.0,-2.23555,-5.734314,0.0006063559627462474,0.0
A23A,2020-10-29,-75.6167,-41.1171,24.0,-2.23555,-5.734314,0.0003510481889588311,0.0
A23A,2020-10-30,-75.6167,-41.1167,24.0,-2.23555,-5.734314,0.0001276538868937081,0.0
A23A,2020-10-31,-75.6197,-41.1203,24.0,-2.23555,-5.734314,-0.0011486504065346811,-0.003854166666666813
A23A,2020-11-01,-75.6277,-41.1301,24.0,-2.23555,-5.734314,-0.0031251787758786414,-0.01027777777779034
A23A,2020-11-02,-75.6389,-41.1445,24.0,-2.23555,-5.734314,-0.00458859619488825,-0.014388888888891869
A23A,2020-11-03,-75.6518,-41.1619,24.0,-2.23555,-5.734314,-0.005539677882640634,-0.016572916666650863
A23A,2020-11-04,-75.6645,-41.1808,24.0,-2.23555,-5.734314,-0.006012021949234281,-0.016315972222234406
A23A,2020-11-05,-75.6756,-41.1996,24.0,-2.23555,-5.734314,-0.00597567873925077,-0.01426041666666538
A23A,2020-11-06,-75.6833,-41.2167,24.0,-2.23555,-5.734314,-0.005432464161971997,-0.009892361111110878
A23A,2020-11-07,-75.6881,-41.2324,24.0,-2.23555,-5.734314,-0.004986063705095937,-0.0061666666666705516
A23A,2020-11-08,-75.6918,-41.2482,24.0,-2.23555,-5.734314,-0.005016551917365371,-0.004753472222215708
A23A,2020-11-09,-75.6949,-41.2644,24.0,-2.23555,-5.734314,-0.005142462089692055,-0.003982638888893299
A23A,2020-11-10,-75.6979,-41.2813,24.0,-2.23555,-5.734314,-0.005363565655646772,-0.003854166666666813
A23A,2020-11-11,-75.7011,-41.2993,24.0,-2.23555,-5.734314,-0.005711421956060281,-0.00411111111110153
A23A,2020-11-12,-75.705,-41.3188,24.0,-2.23555,-5.734314,-0.006185721357744724,-0.005010416666668682
A23A,2020-11-13,-75.71,-41.34,24.0,-2.23555,-5.734314,-0.006722686141030716,-0.006423611111105269
A23A,2020-11-14,-75.7183,-41.3645,24.0,-2.23555,-5.734314,-0.007764723359419763,-0.010663194444451542
A23A,2020-11-15,-75.7307,-41.393,24.0,-2.23555,-5.734314,-0.009024753825273525,-0.01593055555555494
A23A,2020-11-16,-75.7452,-41.4241,24.0,-2.23555,-5.734314,-0.009838264859260594,-0.018628472222219885
A23A,2020-11-17,-75.7602,-41.4565,24.0,-2.23555,-5.734314,-0.010238948434421892,-0.019270833333334066
A23A,2020-11-18,-75.7739,-41.4892,24.0,-2.23555,-5.734314,-0.010324016740981044,-0.017600694444444502
A23A,2020-11-19,-75.7844,-41.5207,24.0,-2.23555,-5.734314,-0.009937964720067945,-0.013489583333342972
A23A,2020-11-20,-75.79,-41.55,24.0,-2.23555,-5.734314,-0.00924031815429547,-0.007194444444445934
A23A,2020-11-21,-75.7924,-41.5803,24.0,-2.23555,-5.734314,-0.009554106683793091,-0.0030833333333261472
A23A,2020-11-22,-75.7946,-41.6139,24.0,-2.23555,-5.734314,-0.010593046165160274,-0.00282638888889143
A23A,2020-11-23,-75.7964,-41.648,24.0,-2.23555,-5.734314,-0.010749346558437817,-0.002312500000003739
A23A,2020-11-24,-75.7979,-41.6795,24.0,-2.23555,-5.734314,-0.009928721202365707,-0.001927083333324278
A23A,2020-11-25,-75.7991,-41.7056,24.0,-2.23555,-5.734314,-0.008225973896009249,-0.0015416666666630736
A23A,2020-11-26,-75.7998,-41.7234,24.0,-2.23555,-5.734314,-0.005609780313991457,-0.0008993055555671524
A23A,2020-11-27,-75.8,-41.73,24.0,-2.23555,-5.734314,-0.002080002209430312,-0.0002569444444347171
A23A,2020-11-28,-75.7997,-41.7255,24.0,-2.23555,-5.734314,0.0014182126702404628,0.0003854166666612042
A23A,2020-11-29,-75.7988,-41.713,24.0,-2.23555,-5.734314,0.0039397241858121655,0.0011562500000018695
A23A,2020-11-30,-75.7975,-41.6943,24.0,-2.23555,-5.734314,0.0058943558166996155,0.0016701388888895607
A23A,2020-12-01,-75.7958,-41.6709,24.0,-2.23555,-5.734314,0.007376689631340662,0.002184027777777252
A23A,2020-12-02,-75.7939,-41.6446,24.0,-2.23555,-5.734314,0.008291980955613293,0.002440972222230226
A23A,2020-12-03,-75.792,-41.6171,24.0,-2.23555,-5.734314,0.008671458041882173,0.002440972222211969
A23A,2020-12-04,-75.79,-41.59,24.0,-2.23555,-5.734314,0.008546505869671959,0.0025694444444384562
A23A,2020-12-05,-75.7875,-41.5582,24.0,-2.23555,-5.734314,0.010030469251716441,0.0032118055555708912
A23A,2020-12-06,-75.7841,-41.5181,24.0,-2.23555,-5.734314,0.01265144831824932,0.004368055555554504
A23A,2020-12-07,-75.7803,-41.4732,24.0,-2.23555,-5.734314,0.01416954471028856,0.004881944444442195
A23A,2020-12-08,-75.7765,-41.4273,24.0,-2.23555,-5.734314,0.0144889158664248,0.004881944444442195
A23A,2020-12-09,-75.7732,-41.3841,24.0,-2.23555,-5.734314,0.013639725253747214,0.004239583333328017
A23A,2020-12-10,-75.7709,-41.347,24.0,-2.23555,-5.734314,0.011715600163564169,0.0029548611111179174
A23A,2020-12-11,-75.77,-41.32,24.0,-2.23555,-5.734314,0.008526706169270827,0.0011562500000018695
A23A,2020-12-12,-75.7761,-41.2991,24.0,-2.23555,-5.734314,0.0065975311969823985,-0.007836805555560112
A23A,2020-12-13,-75.7918,-41.2789,24.0,-2.23555,-5.734314,0.006369667905374363,-0.02017013888888296
A23A,2020-12-14,-75.8133,-41.2602,24.0,-2.23555,-5.734314,0.0058879330967923135,-0.027621527777781867
A23A,2020-12-15,-75.8367,-41.244,24.0,-2.23555,-5.734314,0.005092535098747095,-0.030062499999993837
A23A,2020-12-16,-75.8582,-41.2313,24.0,-2.23555,-5.734314,0.003986359363436276,-0.027621527777781867
A23A,2020-12-17,-75.8739,-41.223,24.0,-2.23555,-5.734314,0.0026024250413828193,-0.020170138888901217
A23A,2020-12-18,-75.88,-41.22,24.0,-2.23555,-5.734314,0.000940237625736643,-0.007836805555541856
A23A,2020-12-19,-75.88,-41.225,24.0,-2.23555,-5.734314,-0.001567062709561814,0.0
A23A,2020-12-20,-75.88,-41.2378,24.0,-2.23555,-5.734314,-0.00401168053647575,0.0
A23A,2020-12-21,-75.88,-41.2554,24.0,-2.23555,-5.734314,-0.005516060737655269,0.0
A23A,2020-12-22,-75.88,-41.2746,24.0,-2.23555,-5.734314,-0.006017520804713624,0.0
A23A,2020-12-23,-75.88,-41.2922,24.0,-2.23555,-5.734314,-0.005516060737655269,0.0
A23A,2020-12-24,-75.88,-41.305,24.0,-2.23555,-5.734314,-0.00401168053647575,0.0
A23A,2020-12-25,-75.88,-41.31,24.0,-2.23555,-5.734314,-0.001567062709561814,0.0
A23A,2020-12-26,-75.8797,-41.3074,24.0,-2.23555,-5.734314,0.0008148895701981024,0.0003854166666612042
A23A,2020-12-27,-75.8787,-41.3001,24.0,-2.23555,-5.734314,0.002288117917089873,0.0012847222222283567
A23A,2020-12-28,-75.8771,-41.289,24.0,-2.23555,-5.734314,0.003479579187981578,0.002055555555550765
A23A,2020-12-29,-75.8751,-41.2747,24.0,-2.23555,-5.734314,0.004483323017429357,0.0025694444444384562
A23A,2020-12-30,-75.8727,-41.2581,24.0,-2.23555,-5.734314,0.005205283233927316,0.0030833333333444043
A23A,2020-12-31,-75.87,-41.24,24.0,-2.23555,-5.734314,0.005676702799030417,0.0034687499999873517
A63,2020-01-01,-76.3,-46.7333,24.0,-9.298599,-3.9293823,0.0,0.0
A63,2020-01-02,-76.3,-46.7333,24.0,-9.298599,-3.9293823,0.0,0.0
A63,2020-01-03,-76.3,-46.7333,24.0,-9.298599,-3.9293823,0.0,0.0
A63,2020-01-04,-76.3,-46.7333,24.0,-9.298599,-3.9293823,0.0,0.0
A63,2020-01-05,-76.3,-46.7333,24.0,-9.298599,-3.9293823,0.0,0.0
A63,2020-01-06,-76.3,-46.7333,24.0,-9.298599,-3.9293823,0.0,0.0
A63,2020-01-07,-76.3,-46.7333,24.0,-9.298599,-3.9293823,0.0,0.0
A63,2020-01-08,-76.3,-46.7333,24.0,-9.298599,-3.9293823,0.0,0.0
A63,2020-01-09,-76.3,-46.7333,24.0,-9.298599,-3.9293823,0.0,0.0
A63,2020-01-10,-76.3,-46.7333,24.0,-9.298599,-3.9293823,0.0,0.0
A63,2020-01-11,-76.3,-46.7333,24.0,-9.298599,-3.9293823,0.0,0.0
A63,2020-01-12,-76.3,-46.7333,24.0,-9.298599,-3.9293823,0.0,0.0
A63,2020-01-13,-76.3,-46.7333,24.0,-9.298599,-3.9293823,0.0,0.0
A63,2020-01-14,-76.3,-46.7333,24.0,-9.298599,-3.9293823,0.0,0.0
A63,2020-01-15,-76.3,-46.7333,24.0,-9.298599,-3.9293823,0.0,0.0
A63,2020-01-16,-76.3,-46.7333,24.0,-9.298599,-3.9293823,0.0,0.0
A63,2020-01-17,-76.3,-46.7333,24.0,-9.298599,-3.9293823,0.0,0.0
A63,2020-01-18,-76.3,-46.7333,24.0,-9.298599,-3.9293823,0.0,0.0
A63,2020-01-19,-76.3,-46.7333,24.0,-9.298599,-3.9293823,0.0,0.0
A63,2020-01-20,-76.3,-46.7333,24.0,-9.298599,-3.9293823,0.0,0.0
A63,2020-01-21,-76.3,-46.7333,24.0,-9.298599,-3.9293823,0.0,0.0
A63,2020-01-22,-76.3,-46.7333,24.0,-9.298599,-3.9293823,0.0,0.0
A63,2020-01-23,-76.3,-46.7333,24.0,-9.298599,-3.9293823,0.0,0.0
A63,2020-01-24,-76.3,-46.7333,24.0,-9.298599,-3.9293823,0.0,0.0
A63,2020-01-25,-76.3,-46.7333,24.0,-9.298599,-3.9293823,0.0,0.0
A63,2020-01-26,-76.3,-46.7333,24.0,-9.298599,-3.9293823,0.0,0.0
A63,2020-01-27,-76.3,-46.7333,24.0,-9.298599,-3.9293823,0.0,0.0
A63,2020-01-28,-76.3,-46.7333,24.0,-9.298599,-3.9293823,0.0,0.0
A63,2020-01-29,-76.3,-46.7333,24.0,-9.298599,-3.9293823,0.0,0.0
A63,2020-01-30,-76.3,-46.7333,24.0,-9.298599,-3.9293823,0.0,0.0
A63,2020-01-31,-76.3,-46.7333,24.0,-9.298599,-3.9293823,0.0,0.0
A63,2020-02-01,-76.3,-46.7333,24.0,-9.298599,-3.9293823,0.0,0.0
A63,2020-02-02,-76.3,-46.7333,24.0,-9.298599,-3.9293823,0.0,0.0
A63,2020-02-03,-76.3,-46.7333,24.0,-9.298599,-3.9293823,0.0,0.0
A63,2020-02-04,-76.3,-46.7333,24.0,-9.298599,-3.9293823,0.0,0.0
A63,2020-02-05,-76.3,-46.7333,24.0,-9.298599,-3.9293823,0.0,0.0
A63,2020-02-06,-76.3,-46.7333,24.0,-9.298599,-3.9293823,0.0,0.0
A63,2020-02-07,-76.3,-46.7333,24.0,-9.298599,-3.9293823,0.0,0.0
A63,2020-02-08,-76.2991,-46.7388,24.0,-9.298599,-3.9293823,-0.0016735995952662825,0.0011562500000018695
A63,2020-02-09,-76.2967,-46.7531,24.0,-9.298599,-3.9293823,-0.004352106591545663,0.0030833333333261472
A63,2020-02-10,-76.2934,-46.7727,24.0,-9.298599,-3.9293823,-0.005966534122490504,0.004239583333328017
A63,2020-02-11,-76.2899,-46.7939,24.0,-9.298599,-3.9293823,-0.006455214498980283,0.004496527777780991
A63,2020-02-12,-76.2866,-46.8135,24.0,-9.298599,-3.9293823,-0.0059694374622778455,0.004239583333328017
A63,2020-02-13,-76.2842,-46.8278,24.0,-9.298599,-3.9293823,-0.004356000446442281,0.0030833333333444043
A63,2020-02-14,-76.2833,-46.8333,24.0,-9.298599,-3.9293823,-0.001675492613843193,0.0011562500000018695
A63,2020-02-15,-76.2833,-46.8333,24.0,-9.298599,-3.9293823,0.0,0.0
A63,2020-02-16,-76.2833,-46.8333,24.0,-9.298599,-3.9293823,0.0,0.0
A63,2020-02-17,-76.2833,-46.8333,24.0,-9.298599,-3.9293823,0.0,0.0
A63,2020-02-18,-76.2833,-46.8333,24.0,-9.298599,-3.9293823,0.0,0.0
A63,2020-02-19,-76.2833,-46.8333,24.0,-9.298599,-3.9293823,0.0,0.0
A63,2020-02-20,-76.2833,-46.8333,24.0,-9.298599,-3.9293823,0.0,0.0
A63,2020-02-21,-76.2833,-46.8333,24.0,-9.298599,-3.9293823,0.0,0.0
A63,2020-02-22,-76.2833,-46.8333,24.0,-9.298599,-3.9293823,0.0,0.0
A63,2020-02-23,-76.2833,-46.8333,24.0,-9.298599,-3.9293823,0.0,0.0
A63,2020-02-24,-76.2833,-46.8333,24.0,-9.298599,-3.9293823,0.0,0.0
A63,2020-02-25,-76.2833,-46.8333,24.0,-9.298599,-3.9293823,0.0,0.0
A63,2020-02-26,-76.2833,-46.8333,24.0,-9.298599,-3.9293823,0.0,0.0
A63,2020-02-27,-76.2833,-46.8333,24.0,-9.298599,-3.9293823,0.0,0.0
A63,2020-02-28,-76.2833,-46.8333,24.0,-9.298599,-3.9293823,0.0,0.0
A63,2020-02-29,-76.2833,-46.8333,24.0,-9.298599,-3.9293823,0.0,0.0
A63,2020-03-01,-76.2833,-46.8333,24.0,-9.298599,-3.9293823,0.0,0.0
A63,2020-03-02,-76.2833,-46.8333,24.0,-9.298599,-3.9293823,0.0,0.0
A63,2020-03-03,-76.2833,-46.8333,24.0,-9.298599,-3.9293823,0.0,0.0
A63,2020-03-04,-76.2833,-46.8333,24.0,-9.298599,-3.9293823,0.0,0.0
A63,2020-03-05,-76.2833,-46.8333,24.0,-9.298599,-3.9293823,0.0,0.0
A63,2020-03-06,-76.2833,-46.8333,24.0,-9.298599,-3.9293823,0.0,0.0
A63,2020-03-07,-76.2833,-46.8333,24.0,-9.298599,-3.9293823,0.0,0.0
A63,2020-03-08,-76.2833,-46.8333,24.0,-9.298599,-3.9293823,0.0,0.0
A63,2020-03-09,-76.2833,-46.8333,24.0,-9.298599,-3.9293823,0.0,0.0
A63,2020-03-10,-76.2833,-46.8333,24.0,-9.298599,-3.9293823,0.0,0.0
A63,2020-03-11,-76.2833,-46.8333,24.0,-9.298599,-3.9293823,0.0,0.0
A63,2020-03-12,-76.2833,-46.8333,24.0,-9.298599,-3.9293823,0.0,0.0
A63,2020-03-13,-76.2833,-46.8333,24.0,-9.298599,-3.9293823,0.0,0.0
A63,2020-03-14,-76.2833,-46.8333,24.0,-9.298599,-3.9293823,0.0,0.0
A63,2020-03-15,-76.2833,-46.8333,24.0,-9.298599,-3.9293823,0.0,0.0
A63,2020-03-16,-76.2833,-46.8333,24.0,-9.298599,-3.9293823,0.0,0.0
A63,2020-03-17,-76.2833,-46.8333,24.0,-9.298599,-3.9293823,0.0,0.0
A63,2020-03-18,-76.2833,-46.8333,24.0,-9.298599,-3.9293823,0.0,0.0
A63,2020-03-19,-76.2833,-46.8333,24.0,-9.298599,-3.9293823,0.0,0.0
A63,2020-03-20,-76.2833,-46.8333,24.0,-9.298599,-3.9293823,0.0,0.0
A63,2020-03-21,-76.2833,-46.8333,24.0,-9.298599,-3.9293823,0.0,0.0
A63,2020-03-22,-76.2833,-46.8333,24.0,-9.298599,-3.9293823,0.0,0.0
A63,2020-03-23,-76.2833,-46.8333,24.0,-9.298599,-3.9293823,0.0,0.0
A63,2020-03-24,-76.2833,-46.8333,24.0,-9.298599,-3.9293823,0.0,0.0
A63,2020-03-25,-76.2833,-46.8333,24.0,-9.298599,-3.9293823,0.0,0.0
A63,2020-03-26,-76.2833,-46.8333,24.0,-9.298599,-3.9293823,0.0,0.0
A63,2020-03-27,-76.2833,-46.8333,24.0,-9.298599,-3.9293823,0.0,0.0
A63,2020-03-28,-76.2833,-46.8333,24.0,-9.298599,-3.9293823,0.0,0.0
A63,2020-03-29,-76.2833,-46.8333,24.0,-9.298599,-3.9293823,0.0,0.0
A63,2020-03-30,-76.2833,-46.8333,24.0,-9.298599,-3.9293823,0.0,0.0
A63,2020-03-31,-76.2833,-46.8333,24.0,-9.298599,-3.9293823,0.0,0.0
A63,2020-04-01,-76.2833,-46.8333,24.0,-9.298599,-3.9293823,0.0,0.0
A63,2020-04-02,-76.2833,-46.8333,24.0,-9.298599,-3.9293823,0.0,0.0
A63,2020-04-03,-76.2833,-46.8333,24.0,-9.298599,-3.9293823,0.0,0.0
A63,2020-04-04,-76.2833,-46.8333,24.0,-9.298599,-3.9293823,0.0,0.0
A63,2020-04-05,-76.2833,-46.8333,24.0,-9.298599,-3.9293823,0.0,0.0
A63,2020-04-06,-76.2833,-46.8333,24.0,-9.298599,-3.9293823,0.0,0.0
A63,2020-04-07,-76.2833,-46.8333,24.0,-9.298599,-3.9293823,0.0,0.0
A63,2020-04-08,-76.2833,-46.8333,24.0,-9.298599,-3.9293823,0.0,0.0
A63,2020-04-09,-76.2833,-46.8333,24.0,-9.298599,-3.9293823,0.0,0.0
A63,2020-04-10,-76.2833,-46.8333,24.0,-9.298599,-3.9293823,0.0,0.0
A63,2020-04-11,-76.2833,-46.8333,24.0,-9.298599,-3.9293823,0.0,0.0
A63,2020-04-12,-76.2833,-46.8333,24.0,-9.298599,-3.9293823,0.0,0.0
A63,2020-04-13,-76.2833,-46.8333,24.0,-9.298599,-3.9293823,0.0,0.0
A63,2020-04-14,-76.2833,-46.8333,24.0,-9.298599,-3.9293823,0.0,0.0
A63,2020-04-15,-76.2833,-46.8333,24.0,-9.298599,-3.9293823,0.0,0.0
A63,2020-04-16,-76.2833,-46.8333,24.0,-9.298599,-3.9293823,0.0,0.0
A63,2020-04-17,-76.2833,-46.8333,24.0,-9.298599,-3.9293823,0.0,0.0
A63,2020-04-18,-76.2833,-46.8333,24.0,-9.298599,-3.9293823,0.0,0.0
A63,2020-04-19,-76.2833,-46.8333,24.0,-9.298599,-3.9293823,0.0,0.0
A63,2020-04-20,-76.2833,-46.8333,24.0,-9.298599,-3.9293823,0.0,0.0
A63,2020-04-21,-76.2833,-46.8333,24.0,-9.298599,-3.9293823,0.0,0.0
A63,2020-04-22,-76.2833,-46.8333,24.0,-9.298599,-3.9293823,0.0,0.0
A63,2020-04-23,-76.2833,-46.8333,24.0,-9.298599,-3.9293823,0.0,0.0
A63,2020-04-24,-76.2833,-46.8333,24.0,-9.298599,-3.9293823,0.0,0.0
A63,2020-04-25,-76.2833,-46.8333,24.0,-9.298599,-3.9293823,0.0,0.0
A63,2020-04-26,-76.2833,-46.8333,24.0,-9.298599,-3.9293823,0.0,0.0
A63,2020-04-27,-76.2833,-46.8333,24.0,-9.298599,-3.9293823,0.0,0.0
A63,2020-04-28,-76.2833,-46.8333,24.0,-9.298599,-3.9293823,0.0,0.0
A63,2020-04-29,-76.2833,-46.8333,24.0,-9.298599,-3.9293823,0.0,0.0
A63,2020-04-30,-76.2833,-46.8333,24.0,-9.298599,-3.9293823,0.0,0.0
A63,2020-05-01,-76.2833,-46.8333,24.0,-9.298599,-3.9293823,0.0,0.0
A63,2020-05-02,-76.2833,-46.8333,24.0,-9.298599,-3.9293823,0.0,0.0
A63,2020-05-03,-76.2833,-46.8333,24.0,-9.298599,-3.9293823,0.0,0.0
A63,2020-05-04,-76.2833,-46.8333,24.0,-9.298599,-3.9293823,0.0,0.0
A63,2020-05-05,-76.2833,-46.8333,24.0,-9.298599,-3.9293823,0.0,0.0
A63,2020-05-06,-76.2833,-46.8333,24.0,-9.298599,-3.9293823,0.0,0.0
A63,2020-05-07,-76.2833,-46.8333,24.0,-9.298599,-3.9293823,0.0,0.0
A63,2020-05-08,-76.2833,-46.8333,24.0,-9.298599,-3.9293823,0.0,0.0
A63,2020-05-09,-76.2833,-46.8333,24.0,-9.298599,-3.9293823,0.0,0.0
A63,2020-05-10,-76.2833,-46.8333,24.0,-9.298599,-3.9293823,0.0,0.0
A63,2020-05-11,-76.2833,-46.8333,24.0,-9.298599,-3.9293823,0.0,0.0
A63,2020-05-12,-76.2833,-46.8333,24.0,-9.298599,-3.9293823,0.0,0.0
A63,2020-05-13,-76.2833,-46.8333,24.0,-9.298599,-3.9293823,0.0,0.0
A63,2020-05-14,-76.2833,-46.8333,24.0,-9.298599,-3.9293823,0.0,0.0
A63,2020-05-15,-76.2833,-46.8333,24.0,-9.298599,-3.9293823,0.0,0.0
A63,2020-05-16,-76.2833,-46.8333,24.0,-9.298599,-3.9293823,0.0,0.0
A63,2020-05-17,-76.2833,-46.8333,24.0,-9.298599,-3.9293823,0.0,0.0
A63,2020-05-18,-76.2833,-46.8333,24.0,-9.298599,-3.9293823,0.0,0.0
A63,2020-05-19,-76.2833,-46.8333,24.0,-9.298599,-3.9293823,0.0,0.0
A63,2020-05-20,-76.2833,-46.8333,24.0,-9.298599,-3.9293823,0.0,0.0
A63,2020-05-21,-76.2833,-46.8333,24.0,-9.298599,-3.9293823,0.0,0.0
A63,2020-05-22,-76.2833,-46.8333,24.0,-9.298599,-3.9293823,0.0,0.0
A63,2020-05-23,-76.2833,-46.8333,24.0,-9.298599,-3.9293823,0.0,0.0
A63,2020-05-24,-76.2833,-46.8333,24.0,-9.298599,-3.9293823,0.0,0.0
A63,2020-05-25,-76.2833,-46.8333,24.0,-9.298599,-3.9293823,0.0,0.0
A63,2020-05-26,-76.2833,-46.8333,24.0,-9.298599,-3.9293823,0.0,0.0
A63,2020-05-27,-76.2833,-46.8333,24.0,-9.298599,-3.9293823,0.0,0.0
A63,2020-05-28,-76.2833,-46.8333,24.0,-9.298599,-3.9293823,0.0,0.0
A63,2020-05-29,-76.2833,-46.8333,24.0,-9.298599,-3.9293823,0.0,0.0
A63,2020-05-30,-76.2833,-46.8333,24.0,-9.298599,-3.9293823,0.0,0.0
A63,2020-05-31,-76.2833,-46.8333,24.0,-9.298599,-3.9293823,0.0,0.0
A63,2020-06-01,-76.2833,-46.8333,24.0,-9.298599,-3.9293823,0.0,0.0
A63,2020-06-02,-76.2833,-46.8333,24.0,-7.955124,-3.2004395,0.0,0.0
A63,2020-06-03,-76.2833,-46.8333,24.0,-7.8350525,-5.2192383,0.0,0.0
A63,2020-06-04,-76.2833,-46.8333,24.0,-6.481018,-6.443695,0.0,0.0
A63,2020-06-05,-76.2833,-46.8333,24.0,-6.737335,-8.539124,0.0,0.0
A63,2020-06-06,-76.2757,-46.8702,24.0,-5.289032,-3.2292633,-0.011247141028752563,0.00976388888888439
A63,2020-06-07,-76.2558,-46.9655,24.0,-1.0438843,-6.5892334,-0.029088802291460252,0.0255659722222311
A63,2020-06-08,-76.2277,-47.0957,24.0,-1.3596039,-5.553116,-0.03982115176188397,0.0361006944444379
A63,2020-06-09,-76.1956,-47.2376,24.0,0.59562683,-0.86183167,-0.043498741813861895,0.041239583333333066
A63,2020-06-10,-76.1636,-47.3678,24.0,-3.646286,-7.0653687,-0.04000288182580783,0.04111111111110659
A63,2020-06-11,-76.1359,-47.4631,24.0,-0.5414734,-3.6396027,-0.029337613628616664,0.03558680555555021
A63,2020-06-12,-76.1167,-47.5,24.0,-4.4858856,1.9117584,-0.011374897281138618,0.024666666666682206
A63,2020-06-13,-76.103,-47.4528,24.0,-5.308975,-3.4534912,0.014564079487491324,0.017600694444444502
A63,2020-06-14,-76.0896,-47.3305,24.0,-3.236786,-4.0611725,0.03777268106224659,0.01721527777776504
A63,2020-06-15,-76.0771,-47.1618,24.0,-6.7257233,-7.7651978,0.052149340558650045,0.01605902777778143
A63,2020-06-16,-76.0663,-46.9756,24.0,-3.8315582,-8.131668,0.05760278842743262,0.013875000000004176
A63,2020-06-17,-76.0577,-46.8007,24.0,-6.1670685,-9.029861,0.054139756831058844,0.011048611111112747
A63,2020-06-18,-76.052,-46.6659,24.0,-6.027466,-2.0492096,0.041743646090980434,0.007322916666654165
A63,2020-06-19,-76.05,-46.6,24.0,-4.9786987,-0.07885742,0.020410184751013572,0.0025694444444567133
A63,2020-06-20,-76.05,-46.5794,24.0,-5.364044,2.0833893,0.006380118450241579,0.0
A63,2020-06-21,-76.05,-46.5613,24.0,-7.815094,-0.14320374,0.005605832230550636,0.0
A63,2020-06-22,-76.05,-46.5459,24.0,-6.038925,-4.7047577,0.0047696031132868815,0.0
A63,2020-06-23,-76.05,-46.5335,24.0,-7.227417,-1.5546112,0.0038404596496617103,0.0
A63,2020-06-24,-76.05,-46.5243,24.0,-7.556885,-2.1038055,0.0028493732884571268,0.0
A63,2020-06-25,-76.05,-46.5186,24.0,0.8067932,-7.239792,0.001765372580891126,0.0
A63,2020-06-26,-76.05,-46.5167,24.0,-5.916336,-6.2786865,0.0005884575269637087,0.0
A63,2020-06-27,-76.0483,-46.5185,24.0,-6.5723267,-2.4041748,-0.0005575526675412302,0.002184027777777252
A63,2020-06-28,-76.0434,-46.5233,24.0,-4.410431,-2.406784,-0.0014873189302461237,0.006295138888878782
A63,2020-06-29,-76.0356,-46.5298,24.0,-5.48349,-0.34358215,-0.002015180966229549,0.010020833333337364
A63,2020-06-30,-76.0253,-46.5369,24.0,-3.7312012,-2.4368744,-0.0022027889404435275,0.01323263888889
A63,2020-07-01,-76.013,-46.5434,24.0,-2.8196259,0.120269775,-0.0020183773461775662,0.015802083333328457
A63,2020-07-02,-75.9988,-46.5482,24.0,-3.7008362,-4.9273376,-0.0014919770071330624,0.01824305555555868
A63,2020-07-03,-75.9833,-46.55,24.0,-5.6383057,-2.6983643,-0.0005600983627369344,0.01991319444444824
A63,2020-07-04,-75.9582,-46.5467,24.0,-3.2184296,-2.3340302,0.0010286488666376595,0.03224652777777109
A63,2020-07-05,-75.9177,-46.5373,24.0,-4.3742523,1.3354034,0.0029383712013359743,0.052031250000011096
A63,2020-07-06,-75.8656,-46.5222,24.0,-3.1986237,-3.3873444,0.00473725750441173,0.06693402777777241
A63,2020-07-07,-75.8057,-46.5021,24.0,-3.2391968,-4.1555786,0.006332061684594688,0.07695486111110977
A63,2020-07-08,-75.7417,-46.4774,24.0,-2.647705,-5.5897827,0.007815548899643388,0.08222222222223143
A63,2020-07-09,-75.6774,-46.4488,24.0,-0.788147,-6.0477753,0.009089541775286128,0.08260763888887437
A63,2020-07-10,-75.6167,-46.4167,24.0,-6.1416016,-0.8017731,0.010244224423243886,0.0779826388889034
A63,2020-07-11,-75.5563,-46.3416,24.0,-10.319138,-4.9747314,0.024065525850908615,0.07759722222222394
A63,2020-07-12,-75.4915,-46.2008,24.0,-9.6874695,-5.640518,0.04531694087075851,0.08324999999998856
A63,2020-07-13,-75.4244,-46.0202,24.0,-5.575287,-6.849869,0.058389719393976455,0.08620486111110646
A63,2020-07-14,-75.3565,-45.8256,24.0,-5.8252106,-5.956955,0.06320275257398861,0.08723263888890011
A63,2020-07-15,-75.2898,-45.6429,24.0,-4.001602,-3.3116302,0.05960216435207901,0.08569097222221878
A63,2020-07-16,-75.2259,-45.498,24.0,-1.9813385,-4.7450867,0.047471461213263746,0.08209375000000493
A63,2020-07-17,-75.1667,-45.4167,24.0,-4.3066254,-1.9862671,0.026739463325725552,0.07605555555554262
A63,2020-07-18,-75.1109,-45.3775,24.0,-3.9637299,-2.1949158,0.012940234331703396,0.07168750000000637
A63,2020-07-19,-75.0562,-45.342,24.0,-4.752304,-2.496521,0.011760908802068388,0.07027430555555152
A63,2020-07-20,-75.0032,-45.3111,24.0,-3.505188,-4.4536285,0.01027243526582635,0.06809027777777427
A63,2020-07-21,-74.9523,-45.2856,24.0,-4.088562,-3.9283752,0.00850536125560277,0.06539236111112759
A63,2020-07-22,-74.904,-45.2664,24.0,-5.2250214,-4.8118744,0.006424115264139439,0.06205208333333021
A63,2020-07-23,-74.8586,-45.2542,24.0,-11.743561,-6.113266,0.004093979487504105,0.058326388888889885
A63,2020-07-24,-74.8167,-45.25,24.0,-7.390259,-5.9570312,0.0014132113455949935,0.0538298611111089
A63,2020-07-25,-74.7765,-45.2509,24.0,-8.312119,-4.4543457,-0.00030361386044304835,0.051645833333331635
A63,2020-07-26,-74.7368,-45.2533,24.0,-7.4612427,-1.6299286,-0.0008116982254330523,0.05100347222221746
A63,2020-07-27,-74.6985,-45.2566,24.0,-4.4405365,-0.36637878,-0.0011188188425522078,0.04920486111111967
A63,2020-07-28,-74.663,-45.2601,24.0,-5.1085663,-0.14683533,-0.001189313066602606,0.045607638888887574
A63,2020-07-29,-74.6311,-45.2634,24.0,-3.3169556,-2.029953,-0.0011236285141216465,0.040982638888880096
A63,2020-07-30,-74.6042,-45.2658,24.0,-3.6691437,3.6542969,-0.0008185801217420467,0.03455902777777482
A63,2020-07-31,-74.5833,-45.2667,24.0,-4.9263,3.926712,-0.0003073741596818836,0.02685069444445946
A63,2020-08-01,-74.5683,-45.2637,24.0,-7.392975,2.3616486,0.0010255532090807792,0.019270833333334066
A63,2020-08-02,-74.5574,-45.2555,24.0,-7.3672028,-0.5744324,0.002805110603260656,0.014003472222212408
A63,2020-08-03,-74.5486,-45.2434,24.0,-6.450485,0.30419922,0.00414154988971524,0.01130555555556572
A63,2020-08-04,-74.5402,-45.2289,24.0,-5.2732697,3.5109406,0.00496564664408574,0.010791666666659773
A63,2020-08-05,-74.5305,-45.2131,24.0,-6.1617126,-0.72442627,0.005414154625095029,0.012461805555549332
A63,2020-08-06,-74.5177,-45.1975,24.0,-6.7283325,3.5228271,0.005349936037208189,0.016444444444442635
A63,2020-08-07,-74.5,-45.1833,24.0,-4.60524,3.9584656,0.004875244541370486,0.022739583333339673
A63,2020-08-08,-74.4534,-45.1682,24.0,-3.7039795,3.3117065,0.005199441271698137,0.05986805555555296
A63,2020-08-09,-74.3665,-45.1502,24.0,-2.9776611,-6.602936,0.006231792562252052,0.11164236111111109
A63,2020-08-10,-74.2566,-45.1312,24.0,-5.7006836,-8.422852,0.006623079707277242,0.14119097222221721
A63,2020-08-11,-74.1411,-45.1131,24.0,-5.9410095,-1.0018005,0.006354459194572299,0.14838541666668142
A63,2020-08-12,-74.0372,-45.0978,24.0,-6.1012573,4.8364716,0.005405727949308182,0.1334826388888836
A63,2020-08-13,-73.9622,-45.0872,24.0,-3.9795685,4.9529266,0.0037622802711151536,0.09635416666667031
A63,2020-08-14,-73.9333,-45.0833,24.0,-5.513275,3.423706,0.0013866639111629708,0.03712847222221328
A63,2020-08-15,-73.9444,-45.1045,24.0,-4.7173615,5.3544617,-0.0075326922627578455,-0.01426041666666538
A63,2020-08-16,-73.973,-45.1593,24.0,-2.3346405,3.9665222,-0.019437524678003335,-0.03674305555555208
A63,2020-08-17,-74.012,-45.2342,24.0,-2.4606018,8.475388,-0.026504022645373725,-0.05010416666666856
A63,2020-08-18,-74.0546,-45.3158,24.0,-3.6282806,8.954987,-0.02879993878603169,-0.05472916666665779
A63,2020-08-19,-74.0936,-45.3907,24.0,-3.9624329,7.366287,-0.026372253192849544,-0.05010416666666856
A63,2020-08-20,-74.1222,-45.4455,24.0,-5.22583,4.535553,-0.019261253707390343,-0.036743055555570336
A63,2020-08-21,-74.1333,-45.4667,24.0,-2.222412,6.6085052,-0.007446358594291444,-0.01426041666666538
A63,2020-08-22,-74.1311,-45.4638,24.0,-3.405075,5.2109833,0.0010187432620179786,0.00282638888889143
A63,2020-08-23,-74.1248,-45.4561,24.0,-4.8752136,5.9250793,0.002705985258383813,0.008093750000013087
A63,2020-08-24,-74.115,-45.4451,24.0,-5.646393,-0.45399475,0.0038680181385589998,0.012590277777775822
A63,2020-08-25,-74.1021,-45.4325,24.0,-7.158966,-3.8816986,0.004434144245732798,0.01657291666666912
A63,2020-08-26,-74.0866,-45.4197,24.0,-6.684494,-1.6418762,0.004508805818314048,0.019913194444429985
A63,2020-08-27,-74.0691,-45.4084,24.0,-5.8094025,2.3566742,0.003984694100231802,0.0224826388888867
A63,2020-08-28,-74.05,-45.4,24.0,-6.2280884,4.858856,0.0029655326458154795,0.02453819444445572
A63,2020-08-29,-74.0185,-45.3945,24.0,-3.7376099,7.1806946,0.0019454526767907602,0.04046874999999241
A63,2020-08-30,-73.9678,-45.3904,24.0,-6.2046967,6.5015717,0.0014547268208242878,0.0651354166666746
A63,2020-08-31,-73.9042,-45.387,24.0,-4.5201874,5.4889374,0.001211018171870619,0.08170833333332547
A63,2020-09-01,-73.8342,-45.3836,24.0,-3.9591827,4.0684204,0.001216144656421185,0.08993055555556505
A63,2020-09-02,-73.7642,-45.3795,24.0,-3.9591827,4.0684204,0.0014727071280792375,0.0899305555555468
A63,2020-09-03,-73.7007,-45.3741,24.0,-3.9591827,4.0684204,0.0019470439422464847,0.08157986111111724
A63,2020-09-04,-73.65,-45.3667,24.0,-3.9591827,4.0684204,0.002676244695879141,0.06513541666665636
A63,2020-09-05,-73.6061,-45.349,24.0,-4.4044952,5.1416626,0.006418004578009257,0.056399305555565604
A63,2020-09-06,-73.5608,-45.3157,24.0,-4.4044952,5.1416626,0.01210699636524959,0.058197916666663393
A63,2020-09-07,-73.5169,-45.2707,24.0,-4.4044952,5.1416626,0.016403286212312847,0.05639930555554735
A63,2020-09-08,-73.4776,-45.2178,24.0,-4.4044952,5.1416626,0.019327669922228282,0.05048958333334803
A63,2020-09-09,-73.4458,-45.1608,24.0,-4.4044952,5.1416626,0.020864617520066103,0.04085416666665361
A63,2020-09-10,-73.4245,-45.1036,24.0,-4.4044952,5.1416626,0.020964011747276187,0.02736458333334715
A63,2020-09-11,-73.4167,-45.05,24.0,-4.4044952,5.1416626,0.01965358313402138,0.010020833333319108
A63,2020-09-12,-73.4209,-44.9989,24.0,-4.4044952,5.1416626,0.018732292586066283,-0.005395833333329886
A63,2020-09-13,-73.4322,-44.9465,24.0,-4.4044952,5.1416626,0.019196122675757,-0.014517361111100097
A63,2020-09-14,-73.4488,-44.8923,24.0,-4.4044952,5.1416626,0.019836194113923202,-0.021326388888903085
A63,2020-09-15,-73.469,-44.836,24.0,-4.4044952,5.1416626,0.020580310090554402,-0.02595138888887405
A63,2020-09-16,-73.4911,-44.7771,24.0,-4.4044952,5.1416626,0.021502750449542352,-0.028392361111122533
A63,2020-09-17,-73.5131,-44.7152,24.0,-4.4044952,5.1416626,0.022568688927298228,-0.028263888888877788
A63,2020-09-18,-73.5333,-44.65,24.0,-4.4044952,5.1416626,0.02374354742173236,-0.02595138888889231
A63,2020-09-19,-73.5554,-44.5694,24.0,-4.4044952,5.1416626,0.029313381377404617,-0.028392361111122533
A63,2020-09-20,-73.5822,-44.4693,24.0,-4.4044952,5.1416626,0.03634763237005406,-0.034430555555548345
A63,2020-09-21,-73.6107,-44.3613,24.0,-4.4044952,5.1416626,0.039150019099350244,-0.03661458333332559
A63,2020-09-22,-73.638,-44.2571,24.0,-3.9591827,4.0684204,0.037711321161953686,-0.035072916666680776
A63,2020-09-23,-73.6612,-44.1683,24.0,-3.9591827,4.0684204,0.03209353692195772,-0.029805555555540864
A63,2020-09-24,-73.6773,-44.1065,24.0,-3.9591827,4.0684204,0.022313956951300458,-0.020684027777788907
A63,2020-09-25,-73.6833,-44.0833,24.0,-3.9591827,4.0684204,0.008373765066200974,-0.007708333333333626
A63,2020-10-10,-73.2617,-46.3356,24.0,-5.9191437,5.4541626,-0.07485118782449401,0.07065972222221273
A63,2020-10-11,-73.1853,-46.5821,24.0,-5.9191437,5.4541626,-0.0916095323589428,0.09815277777778636
A63,2020-10-12,-73.0956,-46.8453,24.0,-7.023636,4.004944,-0.09832256222313,0.11523958333332492
A63,2020-10-13,-73.0007,-47.0979,24.0,-7.023636,4.004944,-0.0948769177242955,0.12192013888890141
A63,2020-10-14,-72.9089,-47.3123,24.0,-7.023636,4.004944,-0.08095087851879645,0.11793749999998987
A63,2020-10-15,-72.8282,-47.461,24.0,-6.034378,3.123108,-0.05640170438586763,0.10367708333334273
A63,2020-10-16,-72.7667,-47.5167,24.0,-6.034378,3.123108,-0.021200306753993467,0.07901041666666053
A63,2020-10-17,-72.7168,-47.4927,24.0,-6.034378,3.123108,0.009160426416655,0.06410763888888096
A63,2020-10-18,-72.667,-47.4308,24.0,-6.034378,3.123108,0.023692257059698553,0.06397916666667275
A63,2020-10-19,-72.6202,-47.3461,24.0,-5.0783234,3.413147,0.03250380425654128,0.06012500000000593
A63,2020-10-20,-72.579,-47.2539,24.0,-5.0783234,3.413147,0.0354632228560761,0.05293055555556
A63,2020-10-21,-72.5462,-47.1692,24.0,-5.0783234,3.413147,0.03263790140529116,0.04213888888888197
A63,2020-10-22,-72.5245,-47.1073,24.0,-5.0783234,3.413147,0.023880986510261087,0.027878472222216583
A63,2020-10-23,-72.5167,-47.0833,24.0,-5.0783234,3.413147,0.00926319071181326,0.010020833333337364
A63,2020-10-24,-72.5232,-47.1045,24.0,-5.0783234,3.413147,-0.008179537973798742,-0.008350694444447804
A63,2020-10-25,-72.5398,-47.1593,24.0,-5.0783234,3.413147,-0.02112387727287588,-0.02132638888888483
A63,2020-10-26,-72.5626,-47.2342,24.0,-5.0783234,3.413147,-0.028835339152324883,-0.029291666666671427
A63,2020-10-27,-72.5874,-47.3158,24.0,-5.0783234,3.413147,-0.03137144140477166,-0.03186111111110988
A63,2020-10-28,-72.6102,-47.3907,24.0,-5.0783234,3.413147,-0.028759060886637426,-0.029291666666671427
A63,2020-10-29,-72.6268,-47.4455,24.0,-6.034378,3.123108,-0.021021876267830975,-0.02132638888888483
A63,2020-10-30,-72.6333,-47.4667,24.0,-6.034378,3.123108,-0.008129601739973472,-0.008350694444447804
A63,2020-10-31,-72.6309,-47.4445,24.0,-6.034378,3.123108,0.008514213729943432,0.0030833333333444043
A63,2020-11-01,-72.6245,-47.3874,24.0,-5.0783234,3.413147,0.021906991700524094,0.008222222222221317
A63,2020-11-02,-72.6151,-47.3093,24.0,-5.0783234,3.413147,0.029979563582784138,0.01207638888888813
A63,2020-11-03,-72.6036,-47.2241,24.0,-5.0783234,3.413147,0.0327259438952705,0.014774305555553072
A63,2020-11-04,-72.591,-47.146,24.0,-5.0783234,3.413147,0.03001983711193999,0.016187500000007914
A63,2020-11-05,-72.5784,-47.0889,24.0,-5.0783234,3.413147,0.021963314578335245,0.016187499999989658
A63,2020-11-06,-72.5667,-47.0667,24.0,-5.0783234,3.413147,0.00854470879049805,0.015031250000006045
A64,2020-01-01,-69.7333,-60.9833,24.0,-1.575943,-4.6657104,0.0,0.0
A64,2020-01-02,-69.7333,-60.9833,24.0,-1.575943,-4.6657104,0.0,0.0
A64,2020-01-03,-69.7333,-60.9833,24.0,-1.575943,-4.6657104,0.0,0.0
A64,2020-01-04,-69.7333,-60.9833,24.0,-1.575943,-4.6657104,0.0,0.0
A64,2020-01-05,-69.7333,-60.9833,24.0,-1.575943,-4.6657104,0.0,0.0
A64,2020-01-06,-69.7333,-60.9833,24.0,-1.575943,-4.6657104,0.0,0.0
A64,2020-01-07,-69.7333,-60.9833,24.0,-1.575943,-4.6657104,0.0,0.0
A64,2020-01-08,-69.7333,-60.9833,24.0,-1.575943,-4.6657104,0.0,0.0
A64,2020-01-09,-69.7333,-60.9833,24.0,-1.575943,-4.6657104,0.0,0.0
A64,2020-01-10,-69.7333,-60.9833,24.0,-1.575943,-4.6657104,0.0,0.0
A64,2020-01-11,-69.7333,-60.9833,24.0,-1.575943,-4.6657104,0.0,0.0
A64,2020-01-12,-69.7333,-60.9833,24.0,-1.575943,-4.6657104,0.0,0.0
A64,2020-01-13,-69.7333,-60.9833,24.0,-1.575943,-4.6657104,0.0,0.0
A64,2020-01-14,-69.7333,-60.9833,24.0,-1.575943,-4.6657104,0.0,0.0
A64,2020-01-15,-69.7333,-60.9833,24.0,-1.575943,-4.6657104,0.0,0.0
A64,2020-01-16,-69.7333,-60.9833,24.0,-1.575943,-4.6657104,0.0,0.0
A64,2020-01-17,-69.7333,-60.9833,24.0,-1.575943,-4.6657104,0.0,0.0
A64,2020-01-18,-69.7333,-60.9833,24.0,-1.575943,-4.6657104,0.0,0.0
A64,2020-01-19,-69.7333,-60.9833,24.0,-1.575943,-4.6657104,0.0,0.0
A64,2020-01-20,-69.7333,-60.9833,24.0,-1.575943,-4.6657104,0.0,0.0
A64,2020-01-21,-69.7333,-60.9833,24.0,-1.575943,-4.6657104,0.0,0.0
A64,2020-01-22,-69.7333,-60.9833,24.0,-1.575943,-4.6657104,0.0,0.0
A64,2020-01-23,-69.7333,-60.9833,24.0,-1.575943,-4.6657104,0.0,0.0
A64,2020-01-24,-69.7333,-60.9833,24.0,-1.575943,-4.6657104,0.0,0.0
A64,2020-01-25,-69.7333,-60.9833,24.0,-1.575943,-4.6657104,0.0,0.0
A64,2020-01-26,-69.7333,-60.9833,24.0,-1.575943,-4.6657104,0.0,0.0
A64,2020-01-27,-69.7333,-60.9833,24.0,-1.575943,-4.6657104,0.0,0.0
A64,2020-01-28,-69.7333,-60.9833,24.0,-1.575943,-4.6657104,0.0,0.0
A64,2020-01-29,-69.7333,-60.9833,24.0,-1.575943,-4.6657104,0.0,0.0
A64,2020-01-30,-69.7333,-60.9833,24.0,-1.575943,-4.6657104,0.0,0.0
A64,2020-01-31,-69.7333,-60.9833,24.0,-1.575943,-4.6657104,0.0,0.0
A64,2020-02-01,-69.7333,-60.9833,24.0,-1.575943,-4.6657104,0.0,0.0
A64,2020-02-02,-69.7333,-60.9833,24.0,-1.575943,-4.6657104,0.0,0.0
A64,2020-02-03,-69.7333,-60.9833,24.0,-1.575943,-4.6657104,0.0,0.0
A64,2020-02-04,-69.7333,-60.9833,24.0,-1.575943,-4.6657104,0.0,0.0
A64,2020-02-05,-69.7333,-60.9833,24.0,-1.575943,-4.6657104,0.0,0.0
A64,2020-02-06,-69.7333,-60.9833,24.0,-1.575943,-4.6657104,0.0,0.0
A64,2020-02-07,-69.7333,-60.9833,24.0,-1.575943,-4.6657104,0.0,0.0
A64,2020-02-08,-69.7333,-60.9833,24.0,-1.575943,-4.6657104,0.0,0.0
A64,2020-02-09,-69.7333,-60.9833,24.0,-1.575943,-4.6657104,0.0,0.0
A64,2020-02-10,-69.7333,-60.9833,24.0,-1.575943,-4.6657104,0.0,0.0
A64,2020-02-11,-69.7333,-60.9833,24.0,-1.575943,-4.6657104,0.0,0.0
A64,2020-02-12,-69.7333,-60.9833,24.0,-1.575943,-4.6657104,0.0,0.0
A64,2020-02-13,-69.7333,-60.9833,24.0,-1.575943,-4.6657104,0.0,0.0
A64,2020-02-14,-69.7333,-60.9833,24.0,-1.575943,-4.6657104,0.0,0.0
A64,2020-02-15,-69.7333,-60.9833,24.0,-1.575943,-4.6657104,0.0,0.0
A64,2020-02-16,-69.7333,-60.9833,24.0,-1.575943,-4.6657104,0.0,0.0
A64,2020-02-17,-69.7333,-60.9833,24.0,-1.575943,-4.6657104,0.0,0.0
A64,2020-02-18,-69.7333,-60.9833,24.0,-1.575943,-4.6657104,0.0,0.0
A64,2020-02-19,-69.7333,-60.9833,24.0,-1.575943,-4.6657104,0.0,0.0
A64,2020-02-20,-69.7333,-60.9833,24.0,-1.575943,-4.6657104,0.0,0.0
A64,2020-02-21,-69.7333,-60.9833,24.0,-1.575943,-4.6657104,0.0,0.0
A64,2020-02-22,-69.7333,-60.9833,24.0,-1.575943,-4.6657104,0.0,0.0
A64,2020-02-23,-69.7333,-60.9833,24.0,-1.575943,-4.6657104,0.0,0.0
A64,2020-02-24,-69.7333,-60.9833,24.0,-1.575943,-4.6657104,0.0,0.0
A64,2020-02-25,-69.7333,-60.9833,24.0,-1.575943,-4.6657104,0.0,0.0
A64,2020-02-26,-69.7333,-60.9833,24.0,-1.575943,-4.6657104,0.0,0.0
A64,2020-02-27,-69.7333,-60.9833,24.0,-1.575943,-4.6657104,0.0,0.0
A64,2020-02-28,-69.7333,-60.9833,24.0,-1.575943,-4.6657104,0.0,0.0
A64,2020-02-29,-69.7333,-60.9833,24.0,-1.575943,-4.6657104,0.0,0.0
A64,2020-03-01,-69.7333,-60.9833,24.0,-1.575943,-4.6657104,0.0,0.0
A64,2020-03-02,-69.7333,-60.9833,24.0,-1.575943,-4.6657104,0.0,0.0
A64,2020-03-03,-69.7333,-60.9833,24.0,-1.575943,-4.6657104,0.0,0.0
A64,2020-03-04,-69.7333,-60.9833,24.0,-1.575943,-4.6657104,0.0,0.0
A64,2020-03-05,-69.7333,-60.9833,24.0,-1.575943,-4.6657104,0.0,0.0
A64,2020-03-06,-69.7333,-60.9833,24.0,-1.575943,-4.6657104,0.0,0.0
A64,2020-03-07,-69.7333,-60.9833,24.0,-1.575943,-4.6657104,0.0,0.0
A64,2020-03-08,-69.7333,-60.9833,24.0,-1.575943,-4.6657104,0.0,0.0
A64,2020-03-09,-69.7333,-60.9833,24.0,-1.575943,-4.6657104,0.0,0.0
A64,2020-03-10,-69.7333,-60.9833,24.0,-1.575943,-4.6657104,0.0,0.0
A64,2020-03-11,-69.7333,-60.9833,24.0,-1.575943,-4.6657104,0.0,0.0
A64,2020-03-12,-69.7333,-60.9833,24.0,-1.575943,-4.6657104,0.0,0.0
A64,2020-03-13,-69.7333,-60.9833,24.0,-1.575943,-4.6657104,0.0,0.0
A64,2020-03-14,-69.7333,-60.9833,24.0,-1.575943,-4.6657104,0.0,0.0
A64,2020-03-15,-69.7333,-60.9833,24.0,-1.575943,-4.6657104,0.0,0.0
A64,2020-03-16,-69.7333,-60.9833,24.0,-1.575943,-4.6657104,0.0,0.0
A64,2020-03-17,-69.7333,-60.9833,24.0,-1.575943,-4.6657104,0.0,0.0
A64,2020-03-18,-69.7333,-60.9833,24.0,-1.575943,-4.6657104,0.0,0.0
A64,2020-03-19,-69.7333,-60.9833,24.0,-1.575943,-4.6657104,0.0,0.0
A64,2020-03-20,-69.7333,-60.9833,24.0,-1.575943,-4.6657104,0.0,0.0
A64,2020-03-21,-69.7333,-60.9815,24.0,-1.575943,-4.6657104,0.0008010280242817978,0.0
A64,2020-03-22,-69.7333,-60.9767,24.0,-1.575943,-4.6657104,0.002136074731412857,0.0
A64,2020-03-23,-69.7333,-60.9702,24.0,-1.575943,-4.6657104,0.0028926011987918674,0.0
A64,2020-03-24,-69.7333,-60.9631,24.0,-1.575943,-4.6657104,0.0031596105402180792,0.0
A64,2020-03-25,-69.7333,-60.9566,24.0,-1.575943,-4.6657104,0.0028926011987887054,0.0
A64,2020-03-26,-69.7333,-60.9518,24.0,-1.575943,-4.6657104,0.002136074731416019,0.0
A64,2020-03-27,-69.7333,-60.95,24.0,-1.575943,-4.6657104,0.0008010280242786357,0.0
A64,2020-03-28,-69.7333,-60.95,24.0,-1.575943,-4.6657104,0.0,0.0
A64,2020-03-29,-69.7333,-60.95,24.0,-1.575943,-4.6657104,0.0,0.0
A64,2020-03-30,-69.7333,-60.95,24.0,-1.575943,-4.6657104,0.0,0.0
A64,2020-03-31,-69.7333,-60.95,24.0,-1.575943,-4.6657104,0.0,0.0
A64,2020-04-01,-69.7333,-60.95,24.0,-1.575943,-4.6657104,0.0,0.0
A64,2020-04-02,-69.7333,-60.95,24.0,-1.575943,-4.6657104,0.0,0.0
A64,2020-04-03,-69.7333,-60.95,24.0,-1.575943,-4.6657104,0.0,0.0
A64,2020-04-04,-69.7333,-60.95,24.0,-1.575943,-4.6657104,0.0,0.0
A64,2020-04-05,-69.7333,-60.95,24.0,-1.575943,-4.6657104,0.0,0.0
A64,2020-04-06,-69.7333,-60.95,24.0,-1.575943,-4.6657104,0.0,0.0
A64,2020-04-07,-69.7333,-60.95,24.0,-1.575943,-4.6657104,0.0,0.0
A64,2020-04-08,-69.7333,-60.95,24.0,-1.575943,-4.6657104,0.0,0.0
A64,2020-04-09,-69.7333,-60.95,24.0,-1.575943,-4.6657104,0.0,0.0
A64,2020-04-10,-69.7333,-60.95,24.0,-1.575943,-4.6657104,0.0,0.0
A64,2020-04-11,-69.7333,-60.95,24.0,-1.575943,-4.6657104,0.0,0.0
A64,2020-04-12,-69.7333,-60.95,24.0,-1.575943,-4.6657104,0.0,0.0
A64,2020-04-13,-69.7333,-60.95,24.0,-1.575943,-4.6657104,0.0,0.0
A64,2020-04-14,-69.7333,-60.95,24.0,-1.575943,-4.6657104,0.0,0.0
A64,2020-04-15,-69.7333,-60.95,24.0,-1.575943,-4.6657104,0.0,0.0
A64,2020-04-16,-69.7333,-60.95,24.0,-1.575943,-4.6657104,0.0,0.0
A64,2020-04-17,-69.7333,-60.95,24.0,-1.575943,-4.6657104,0.0,0.0
A64,2020-04-18,-69.7333,-60.95,24.0,-1.575943,-4.6657104,0.0,0.0
A64,2020-04-19,-69.7333,-60.95,24.0,-1.575943,-4.6657104,0.0,0.0
A64,2020-04-20,-69.7333,-60.95,24.0,-1.575943,-4.6657104,0.0,0.0
A64,2020-04-21,-69.7333,-60.95,24.0,-1.575943,-4.6657104,0.0,0.0
A64,2020-04-22,-69.7333,-60.95,24.0,-1.575943,-4.6657104,0.0,0.0
A64,2020-04-23,-69.7333,-60.95,24.0,-1.575943,-4.6657104,0.0,0.0
A64,2020-04-24,-69.7333,-60.95,24.0,-1.575943,-4.6657104,0.0,0.0
A64,2020-04-25,-69.7333,-60.95,24.0,-1.575943,-4.6657104,0.0,0.0
A64,2020-04-26,-69.7333,-60.95,24.0,-1.575943,-4.6657104,0.0,0.0
A64,2020-04-27,-69.7333,-60.95,24.0,-1.575943,-4.6657104,0.0,0.0
A64,2020-04-28,-69.7333,-60.95,24.0,-1.575943,-4.6657104,0.0,0.0
A64,2020-04-29,-69.7333,-60.95,24.0,-1.575943,-4.6657104,0.0,0.0
A64,2020-04-30,-69.7333,-60.95,24.0,-1.575943,-4.6657104,0.0,0.0
A64,2020-05-01,-69.7333,-60.95,24.0,-1.575943,-4.6657104,0.0,0.0
A64,2020-05-02,-69.7333,-60.95,24.0,-1.575943,-4.6657104,0.0,0.0
A64,2020-05-03,-69.7333,-60.95,24.0,-1.575943,-4.6657104,0.0,0.0
A64,2020-05-04,-69.7333,-60.95,24.0,-1.575943,-4.6657104,0.0,0.0
A64,2020-05-05,-69.7333,-60.95,24.0,-1.575943,-4.6657104,0.0,0.0
A64,2020-05-06,-69.7333,-60.95,24.0,-1.575943,-4.6657104,0.0,0.0
A64,2020-05-07,-69.7333,-60.95,24.0,-1.575943,-4.6657104,0.0,0.0
A64,2020-05-08,-69.7333,-60.95,24.0,-1.575943,-4.6657104,0.0,0.0
A64,2020-05-09,-69.7333,-60.95,24.0,-1.575943,-4.6657104,0.0,0.0
A64,2020-05-10,-69.7333,-60.95,24.0,-1.575943,-4.6657104,0.0,0.0
A64,2020-05-11,-69.7333,-60.95,24.0,-1.575943,-4.6657104,0.0,0.0
A64,2020-05-12,-69.7333,-60.95,24.0,-1.575943,-4.6657104,0.0,0.0
A64,2020-05-13,-69.7333,-60.95,24.0,-1.575943,-4.6657104,0.0,0.0
A64,2020-05-14,-69.7333,-60.95,24.0,-1.575943,-4.6657104,0.0,0.0
A64,2020-05-15,-69.7333,-60.95,24.0,-1.575943,-4.6657104,0.0,0.0
A64,2020-05-16,-69.7333,-60.95,24.0,-1.575943,-4.6657104,0.0,0.0
A64,2020-05-17,-69.7333,-60.95,24.0,-1.575943,-4.6657104,0.0,0.0
A64,2020-05-18,-69.7333,-60.95,24.0,-1.575943,-4.6657104,0.0,0.0
A64,2020-05-19,-69.7333,-60.95,24.0,-1.575943,-4.6657104,0.0,0.0
A64,2020-05-20,-69.7333,-60.95,24.0,-1.575943,-4.6657104,0.0,0.0
A64,2020-05-21,-69.7333,-60.95,24.0,-1.575943,-4.6657104,0.0,0.0
A64,2020-05-22,-69.7333,-60.95,24.0,-1.575943,-4.6657104,0.0,0.0
A64,2020-05-23,-69.7333,-60.95,24.0,-1.575943,-4.6657104,0.0,0.0
A64,2020-05-24,-69.7333,-60.95,24.0,-1.575943,-4.6657104,0.0,0.0
A64,2020-05-25,-69.7333,-60.95,24.0,-1.575943,-4.6657104,0.0,0.0
A64,2020-05-26,-69.7333,-60.95,24.0,-1.575943,-4.6657104,0.0,0.0
A64,2020-05-27,-69.7333,-60.95,24.0,-1.575943,-4.6657104,0.0,0.0
A64,2020-05-28,-69.7333,-60.95,24.0,-1.575943,-4.6657104,0.0,0.0
A64,2020-05-29,-69.7333,-60.95,24.0,-1.575943,-4.6657104,0.0,0.0
A64,2020-05-30,-69.7333,-60.95,24.0,-1.575943,-4.6657104,0.0,0.0
A64,2020-05-31,-69.7333,-60.95,24.0,-1.575943,-4.6657104,0.0,0.0
A64,2020-06-01,-69.7333,-60.95,24.0,-1.575943,-4.6657104,0.0,0.0
A64,2020-06-02,-69.7333,-60.95,24.0,-16.616257,-4.1174316,0.0,0.0
A64,2020-06-03,-69.7333,-60.95,24.0,-7.016693,-4.8012695,0.0,0.0
A64,2020-06-04,-69.7333,-60.95,24.0,-21.023987,-3.3821716,0.0,0.0
A64,2020-06-05,-69.7333,-60.95,24.0,2.7812195,-4.0928345,0.0,0.0
A64,2020-06-06,-69.7333,-60.95,24.0,-3.7148132,-3.8757477,0.0,0.0
A64,2020-06-07,-69.7333,-60.95,24.0,-5.722595,-0.048217773,0.0,0.0
A64,2020-06-08,-69.7333,-60.95,24.0,-4.2336273,-3.1527252,0.0,0.0
A64,2020-06-09,-69.7333,-60.95,24.0,-9.080154,4.0551605,0.0,0.0
A64,2020-06-10,-69.7333,-60.95,24.0,-4.371872,-3.0907593,0.0,0.0
A64,2020-06-11,-69.7333,-60.95,24.0,-7.268036,3.972702,0.0,0.0
A64,2020-06-12,-69.7333,-60.95,24.0,-0.22221375,1.4957428,0.0,0.0
A64,2020-06-13,-69.7333,-60.95,24.0,1.0084076,3.184204,0.0,0.0
A64,2020-06-14,-69.7333,-60.95,24.0,-4.644989,4.085312,0.0,0.0
A64,2020-06-15,-69.7333,-60.95,24.0,6.90123,0.42132568,0.0,0.0
A64,2020-06-16,-69.7333,-60.95,24.0,-7.680191,-1.0310822,0.0,0.0
A64,2020-06-17,-69.7333,-60.95,24.0,-20.353592,-4.8892365,0.0,0.0
A64,2020-06-18,-69.7333,-60.95,24.0,1.5037842,-2.407608,0.0,0.0
A64,2020-06-19,-69.7333,-60.95,24.0,-4.6691284,2.9504395,0.0,0.0
A64,2020-06-20,-69.7333,-60.9518,24.0,7.6007996,2.9652252,-0.0008010280242786357,0.0
A64,2020-06-21,-69.7333,-60.9566,24.0,-5.8971252,-1.8101959,-0.002136074731416019,0.0
A64,2020-06-22,-69.7333,-60.9631,24.0,0.8595123,11.070633,-0.0028926011987887054,0.0
A64,2020-06-23,-69.7333,-60.9702,24.0,-6.908081,5.9395294,-0.0031596105402180792,0.0
A64,2020-06-24,-69.7333,-60.9767,24.0,1.7956543,2.419632,-0.0028926011987918674,0.0
A64,2020-06-25,-69.7333,-60.9815,24.0,-1.2068787,-1.5034637,-0.002136074731412857,0.0
A64,2020-06-26,-69.7333,-60.9833,24.0,-2.2659454,-2.362671,-0.0008010280242817978,0.0
A64,2020-06-27,-69.7333,-60.9833,24.0,0.019470215,-0.9373779,0.0,0.0
A64,2020-06-28,-69.7333,-60.9833,24.0,4.1823425,2.7055206,0.0,0.0
A64,2020-06-29,-69.7333,-60.9833,24.0,0.99502563,3.3868866,0.0,0.0
A64,2020-06-30,-69.7333,-60.9833,24.0,-0.1550293,1.155899,0.0,0.0
A64,2020-07-01,-69.7333,-60.9833,24.0,-3.8743134,3.1163635,0.0,0.0
A64,2020-07-02,-69.7333,-60.9833,24.0,-1.980133,3.678131,0.0,0.0
A64,2020-07-03,-69.7333,-60.9833,24.0,1.824585,1.3192139,0.0,0.0
A64,2020-07-04,-69.7333,-60.9833,24.0,-5.686203,0.87202454,0.0,0.0
A64,2020-07-05,-69.7333,-60.9833,24.0,0.7243805,1.1293488,0.0,0.0
A64,2020-07-06,-69.7333,-60.9833,24.0,-4.345108,-1.7232819,0.0,0.0
A64,2020-07-07,-69.7333,-60.9833,24.0,-7.701111,-0.54229736,0.0,0.0
A64,2020-07-08,-69.7333,-60.9833,24.0,-10.945557,-1.1005249,0.0,0.0
A64,2020-07-09,-69.7333,-60.9833,24.0,-6.9522095,-0.25187683,0.0,0.0
A64,2020-07-10,-69.7333,-60.9833,24.0,-1.0244141,6.6161957,0.0,0.0
A64,2020-07-11,-69.7333,-60.9833,24.0,5.1740265,7.9764404,0.0,0.0
A64,2020-07-12,-69.7333,-60.9833,24.0,-19.791962,3.72081,0.0,0.0
A64,2020-07-13,-69.7333,-60.9833,24.0,-3.2120056,0.15501404,0.0,0.0
A64,2020-07-14,-69.7333,-60.9833,24.0,2.6493988,-3.4335175,0.0,0.0
A64,2020-07-15,-69.7333,-60.9833,24.0,-0.59046936,-2.6993256,0.0,0.0
A64,2020-07-16,-69.7333,-60.9833,24.0,1.8087006,-2.1835632,0.0,0.0
A64,2020-07-17,-69.7333,-60.9833,24.0,-6.3603363,3.4795532,0.0,0.0
A64,2020-07-18,-69.7333,-60.9833,24.0,-4.755722,6.799225,0.0,0.0
A64,2020-07-19,-69.7333,-60.9833,24.0,-0.87535095,4.8618774,0.0,0.0
A64,2020-07-20,-69.7333,-60.9833,24.0,3.9977417,-1.1255035,0.0,0.0
A64,2020-07-21,-69.7333,-60.9833,24.0,1.6370239,-3.308258,0.0,0.0
A64,2020-07-22,-69.7333,-60.9833,24.0,-9.14299,1.9488678,0.0,0.0
A64,2020-07-23,-69.7333,-60.9833,24.0,-12.620514,-3.8437347,0.0,0.0
A64,2020-07-24,-69.7333,-60.9833,24.0,-13.342407,0.14160156,0.0,0.0
A64,2020-07-25,-69.7333,-60.9833,24.0,-15.442978,-1.7023926,0.0,0.0
A64,2020-07-26,-69.7333,-60.9833,24.0,-16.038391,-0.2881317,0.0,0.0
A64,2020-07-27,-69.7333,-60.9833,24.0,-12.917099,-0.24235535,0.0,0.0
A64,2020-07-28,-69.7333,-60.9833,24.0,0.07014465,4.3629303,0.0,0.0
A64,2020-07-29,-69.7333,-60.9833,24.0,3.5180054,0.8011017,0.0,0.0
A64,2020-07-30,-69.7333,-60.9833,24.0,3.5261688,-0.8808594,0.0,0.0
A64,2020-07-31,-69.7333,-60.9833,24.0,2.026825,2.9755402,0.0,0.0
A64,2020-08-01,-69.7333,-60.9833,24.0,0.19491577,3.0452423,0.0,0.0
A64,2020-08-02,-69.7333,-60.9833,24.0,5.6796722,0.6238098,0.0,0.0
A64,2020-08-03,-69.7333,-60.9833,24.0,-2.4358368,2.3100586,0.0,0.0
A64,2020-08-04,-69.7333,-60.9833,24.0,1.0050507,3.480667,0.0,0.0
A64,2020-08-05,-69.7333,-60.9833,24.0,-0.25546265,3.5245972,0.0,0.0
A64,2020-08-06,-69.7333,-60.9833,24.0,5.116394,3.4144287,0.0,0.0
A64,2020-08-07,-69.7333,-60.9833,24.0,4.352768,0.7104187,0.0,0.0
A64,2020-08-08,-69.7333,-60.9833,24.0,-2.0584717,0.81365967,0.0,0.0
A64,2020-08-09,-69.7333,-60.9833,24.0,-16.441528,-7.589264,0.0,0.0
A64,2020-08-10,-69.7333,-60.9833,24.0,-18.081543,-4.1992188,0.0,0.0
A64,2020-08-11,-69.7333,-60.9833,24.0,-12.565033,-2.38266,0.0,0.0
A64,2020-08-12,-69.7333,-60.9833,24.0,-5.880554,1.5503387,0.0,0.0
A64,2020-08-13,-69.7333,-60.9833,24.0,-6.4688263,3.068161,0.0,0.0
A64,2020-08-14,-69.7333,-60.9833,24.0,-1.3492126,10.692261,0.0,0.0
A64,2020-08-15,-69.7333,-60.9833,24.0,2.6351776,4.7987976,0.0,0.0
A64,2020-08-16,-69.7333,-60.9833,24.0,-1.349289,1.7077332,0.0,0.0
A64,2020-08-17,-69.7333,-60.9833,24.0,-0.19204712,3.8992157,0.0,0.0
A64,2020-08-18,-69.7333,-60.9833,24.0,-4.092148,-0.92196655,0.0,0.0
A64,2020-08-19,-69.7333,-60.9833,24.0,-6.247589,3.793045,0.0,0.0
A64,2020-08-20,-69.7333,-60.9833,24.0,-2.0373535,4.945709,0.0,0.0
A64,2020-08-21,-69.7333,-60.9833,24.0,-1.2907715,5.255966,0.0,0.0
A64,2020-08-22,-69.7333,-60.9833,24.0,1.7072296,4.3486786,0.0,0.0
A64,2020-08-23,-69.7333,-60.9833,24.0,4.451935,3.4670715,0.0,0.0
A64,2020-08-24,-69.7333,-60.9833,24.0,3.7471619,5.1729584,0.0,0.0
A64,2020-08-25,-69.7333,-60.9833,24.0,2.8136902,1.8419342,0.0,0.0
A64,2020-08-26,-69.7333,-60.9833,24.0,-3.7050018,-1.7590637,0.0,0.0
A64,2020-08-27,-69.7333,-60.9833,24.0,-5.4949493,0.6818695,0.0,0.0
A64,2020-08-28,-69.7333,-60.9833,24.0,-8.998596,7.3266296,0.0,0.0
A64,2020-08-29,-69.7333,-60.9833,24.0,-1.4768677,4.155304,0.0,0.0
A64,2020-08-30,-69.7333,-60.9833,24.0,3.820694,2.6031342,0.0,0.0
A64,2020-08-31,-69.7333,-60.9833,24.0,-2.648117,-0.4466095,0.0,0.0
A64,2020-09-01,-69.7333,-60.9833,24.0,-7.9171906,4.0303345,0.0,0.0
A64,2020-09-02,-69.7333,-60.9833,24.0,-7.9171906,4.0303345,0.0,0.0
A64,2020-09-03,-69.7333,-60.9833,24.0,-7.9171906,4.0303345,0.0,0.0
A64,2020-09-04,-69.7333,-60.9833,24.0,-7.9171906,4.0303345,0.0,0.0
A64,2020-09-05,-69.7333,-60.9833,24.0,-7.9171906,4.0303345,0.0,0.0
A64,2020-09-06,-69.7333,-60.9833,24.0,-7.9171906,4.0303345,0.0,0.0
A64,2020-09-07,-69.7333,-60.9833,24.0,-7.9171906,4.0303345,0.0,0.0
A64,2020-09-08,-69.7333,-60.9833,24.0,-7.9171906,4.0303345,0.0,0.0
A64,2020-09-09,-69.7333,-60.9833,24.0,-7.9171906,4.0303345,0.0,0.0
A64,2020-09-10,-69.7333,-60.9833,24.0,-7.9171906,4.0303345,0.0,0.0
A64,2020-09-11,-69.7333,-60.9833,24.0,-7.9171906,4.0303345,0.0,0.0
A64,2020-09-12,-69.7333,-60.9833,24.0,-7.9171906,4.0303345,0.0,0.0
A64,2020-09-13,-69.7333,-60.9833,24.0,-7.9171906,4.0303345,0.0,0.0
A64,2020-09-14,-69.7333,-60.9833,24.0,-7.9171906,4.0303345,0.0,0.0
A64,2020-09-15,-69.7333,-60.9833,24.0,-7.9171906,4.0303345,0.0,0.0
A64,2020-09-16,-69.7333,-60.9833,24.0,-7.9171906,4.0303345,0.0,0.0
A64,2020-09-17,-69.7333,-60.9833,24.0,-7.9171906,4.0303345,0.0,0.0
A64,2020-09-18,-69.7333,-60.9833,24.0,-7.9171906,4.0303345,0.0,0.0
A64,2020-09-19,-69.7333,-60.9833,24.0,-7.9171906,4.0303345,0.0,0.0
A64,2020-09-20,-69.7333,-60.9833,24.0,-7.9171906,4.0303345,0.0,0.0
A64,2020-09-21,-69.7333,-60.9833,24.0,-7.9171906,4.0303345,0.0,0.0
A64,2020-09-22,-69.7333,-60.9833,24.0,-7.9171906,4.0303345,0.0,0.0
A64,2020-09-23,-69.7333,-60.9833,24.0,-7.9171906,4.0303345,0.0,0.0
A64,2020-09-24,-69.7333,-60.9833,24.0,-7.9171906,4.0303345,0.0,0.0
A64,2020-09-25,-69.7333,-60.9833,24.0,-7.9171906,4.0303345,0.0,0.0
A64,2020-10-10,-69.7333,-60.9833,24.0,-7.9171906,4.0303345,0.0,0.0
A64,2020-10-11,-69.7333,-60.9833,24.0,-7.9171906,4.0303345,0.0,0.0
A64,2020-10-12,-69.7333,-60.9833,24.0,-7.9171906,4.0303345,0.0,0.0
A64,2020-10-13,-69.7333,-60.9833,24.0,-7.9171906,4.0303345,0.0,0.0
A64,2020-10-14,-69.7333,-60.9833,24.0,-7.9171906,4.0303345,0.0,0.0
A64,2020-10-15,-69.7333,-60.9833,24.0,-7.9171906,4.0303345,0.0,0.0
A64,2020-10-16,-69.7333,-60.9833,24.0,-7.9171906,4.0303345,0.0,0.0
A64,2020-10-17,-69.7333,-60.9833,24.0,-7.9171906,4.0303345,0.0,0.0
A64,2020-10-18,-69.7333,-60.9833,24.0,-7.9171906,4.0303345,0.0,0.0
A64,2020-10-19,-69.7333,-60.9833,24.0,-7.9171906,4.0303345,0.0,0.0
A64,2020-10-20,-69.7333,-60.9833,24.0,-7.9171906,4.0303345,0.0,0.0
A64,2020-10-21,-69.7333,-60.9833,24.0,-7.9171906,4.0303345,0.0,0.0
A64,2020-10-22,-69.7333,-60.9833,24.0,-7.9171906,4.0303345,0.0,0.0
A64,2020-10-23,-69.7333,-60.9833,24.0,-7.9171906,4.0303345,0.0,0.0
A64,2020-10-24,-69.7333,-60.9833,24.0,-7.9171906,4.0303345,0.0,0.0
A64,2020-10-25,-69.7333,-60.9833,24.0,-7.9171906,4.0303345,0.0,0.0
A64,2020-10-26,-69.7333,-60.9833,24.0,-7.9171906,4.0303345,0.0,0.0
A64,2020-10-27,-69.7333,-60.9833,24.0,-7.9171906,4.0303345,0.0,0.0
A64,2020-10-28,-69.7333,-60.9833,24.0,-7.9171906,4.0303345,0.0,0.0
A64,2020-10-29,-69.7333,-60.9833,24.0,-7.9171906,4.0303345,0.0,0.0
A64,2020-10-30,-69.7333,-60.9833,24.0,-7.9171906,4.0303345,0.0,0.0
A64,2020-10-31,-69.7333,-60.9833,24.0,-7.9171906,4.0303345,0.0,0.0
A64,2020-11-01,-69.7333,-60.9833,24.0,-7.9171906,4.0303345,0.0,0.0
A64,2020-11-02,-69.7333,-60.9833,24.0,-7.9171906,4.0303345,0.0,0.0
A64,2020-11-03,-69.7333,-60.9833,24.0,-7.9171906,4.0303345,0.0,0.0
A64,2020-11-04,-69.7333,-60.9833,24.0,-7.9171906,4.0303345,0.0,0.0
A64,2020-11-05,-69.7333,-60.9833,24.0,-7.9171906,4.0303345,0.0,0.0
A64,2020-11-06,-69.7333,-60.9833,24.0,-7.9171906,4.0303345,0.0,0.0
A68A,2020-01-01,-64.0153,-54.2664,24.0,2.698471,-2.6432495,0.08927225855363241,0.018628472222219885
A68A,2020-01-02,-64.0071,-54.1638,24.0,2.698471,-2.6432495,0.05776811544860909,0.010534722222225056
A68A,2020-01-03,-64.0,-54.0667,24.0,2.698471,-2.6432495,0.05468527843990256,0.009121527777770212
A68A,2020-01-04,-63.9942,-53.9741,24.0,2.698471,-2.6432495,0.05216176893014387,0.00745138888888978
A68A,2020-01-05,-63.9897,-53.8834,24.0,2.698471,-2.6432495,0.051099720071016486,0.005781250000000219
A68A,2020-01-06,-63.9858,-53.7943,24.0,2.698471,-2.6432495,0.050205294062342705,0.005010416666668682
A68A,2020-01-07,-63.9822,-53.7066,24.0,2.698471,-2.6432495,0.049422796165084215,0.004624999999998349
A68A,2020-01-08,-63.9781,-53.6202,24.0,2.698471,-2.6432495,0.04869732706082535,0.005267361111112528
A68A,2020-01-09,-63.9732,-53.5347,24.0,2.698471,-2.6432495,0.04819850472349705,0.006295138888887911
A68A,2020-01-10,-63.9667,-53.45,24.0,2.698471,-2.6432495,0.04775861713776484,0.008350694444438676
A68A,2020-01-11,-63.9575,-53.3668,24.0,2.698471,-2.6432495,0.046928254074687356,0.011819444444444284
A68A,2020-01-12,-63.9449,-53.2855,24.0,2.698471,-2.6432495,0.045877211278980715,0.016187500000007914
A68A,2020-01-13,-63.9294,-53.2055,24.0,2.698471,-2.6432495,0.04516860407737146,0.019913194444439113
A68A,2020-01-14,-63.9117,-53.1259,24.0,2.698471,-2.6432495,0.044971136253863994,0.022739583333330544
A68A,2020-01-15,-63.8922,-53.0462,24.0,2.698471,-2.6432495,0.04505892776371758,0.02505208333333428
A68A,2020-01-16,-63.8715,-52.9655,24.0,2.665268,-2.394226,0.04565791645111805,0.026593750000006484
A68A,2020-01-17,-63.85,-52.8833,24.0,2.665268,-2.394226,0.04654215126153023,0.027621527777772742
A68A,2020-01-18,-63.8261,-52.7945,24.0,2.665268,-2.394226,0.05032182498798417,0.030704861111117143
A68A,2020-01-19,-63.7985,-52.6979,24.0,2.665268,-2.394226,0.05479563114827125,0.035458333333332856
A68A,2020-01-20,-63.7678,-52.599,24.0,2.665268,-2.394226,0.05616136578201319,0.03944097222221702
A68A,2020-01-21,-63.7352,-52.5028,24.0,2.665268,-2.394226,0.054691212425024914,0.04188194444444725
A68A,2020-01-22,-63.7013,-52.4147,24.0,2.665268,-2.394226,0.05014627972222327,0.04355208333332768
A68A,2020-01-23,-63.667,-52.3397,24.0,2.665268,-2.394226,0.04274149970742711,0.0440659722222245
A68A,2020-01-24,-63.6333,-52.2833,24.0,2.665268,-2.394226,0.032179798018426,0.04329513888889296
A68A,2020-01-25,-63.5984,-52.2379,24.0,2.6506195,-1.5934448,0.025935423282144557,0.04483680555555603
A68A,2020-01-26,-63.5608,-52.194,24.0,2.6506195,-1.5934448,0.025111671985137893,0.04830555555555252
A68A,2020-01-27,-63.5221,-52.1535,24.0,2.6506195,-1.5934448,0.023198267461290965,0.04971874999999823
A68A,2020-01-28,-63.4836,-52.1185,24.0,2.6506195,-1.5934448,0.02007492612258617,0.049461805555554385
A68A,2020-01-29,-63.4467,-52.0911,24.0,2.6506195,-1.5934448,0.0157360818736786,0.04740625000000362
A68A,2020-01-30,-63.4128,-52.0731,24.0,2.6506195,-1.5934448,0.010349809291029027,0.04355208333333681
A68A,2020-01-31,-63.3833,-52.0667,24.0,2.6506195,-1.5934448,0.0036837174341525537,0.03789930555555395
A68A,2020-02-01,-63.3582,-52.0767,24.0,2.495346,-0.37957764,-0.005760839575987387,0.03224652777778022
A68A,2020-02-02,-63.3359,-52.1031,24.0,2.495346,-0.37957764,-0.015220414432317515,0.02864930555554812
A68A,2020-02-03,-63.3153,-52.1407,24.0,2.495346,-0.37957764,-0.02169307921753809,0.02646527777778
A68A,2020-02-04,-63.2957,-52.1844,24.0,2.495346,-0.37957764,-0.025229593567319988,0.02518055555556077
A68A,2020-02-05,-63.2762,-52.229,24.0,2.495346,-0.37957764,-0.025766615634605146,0.025052083333325155
A68A,2020-02-06,-63.2556,-52.2693,24.0,2.495346,-0.37957764,-0.023299015328201115,0.02646527777778
A68A,2020-02-07,-63.2333,-52.3,24.0,2.495346,-0.37957764,-0.017762584916549393,0.028649305555557253
A68A,2020-02-08,-63.2089,-52.3219,24.0,2.495346,-0.37957764,-0.012681726367001891,0.03134722222222219
A68A,2020-02-09,-63.1831,-52.3402,24.0,2.495346,-0.37957764,-0.01060650815417085,0.033145833333329114
A68A,2020-02-10,-63.1564,-52.3565,24.0,2.495346,-0.37957764,-0.009456034957759329,0.03430208333334011
A68A,2020-02-11,-63.1293,-52.3724,24.0,2.495346,-0.37957764,-0.009232604556519046,0.034815972222218675
A68A,2020-02-12,-63.1022,-52.3894,24.0,1.9914398,0.93096924,-0.009880551853221465,0.034815972222218675
A68A,2020-02-13,-63.0756,-52.4092,24.0,1.9914398,0.93096924,-0.011518467558419686,0.03417361111111362
A68A,2020-02-14,-63.05,-52.4333,24.0,1.9914398,0.93096924,-0.014032285879751055,0.032888888888894394
A68A,2020-02-15,-63.026,-52.4638,24.0,1.9914398,0.93096924,-0.017773331402925235,0.030833333333325375
A68A,2020-02-16,-63.0035,-52.5011,24.0,1.9914398,0.93096924,-0.0217526795403064,0.028906250000001094
A68A,2020-02-17,-62.9815,-52.544,24.0,1.9914398,0.93096924,-0.025037352030682098,0.028263888888896048
A68A,2020-02-18,-62.9593,-52.5915,24.0,1.9914398,0.93096924,-0.027743071827517857,0.02852083333333076
A68A,2020-02-19,-62.9361,-52.6424,24.0,1.9914398,0.93096924,-0.029752473184396652,0.02980555555554999
A68A,2020-02-20,-62.911,-52.6956,24.0,1.9914398,0.93096924,-0.031123547305824308,0.03224652777778022
A68A,2020-02-21,-62.8833,-52.75,24.0,1.9914398,0.93096924,-0.03185566014477852,0.03558680555555934
A68A,2020-02-22,-62.8522,-52.8169,24.0,1.0920258,2.0735474,-0.03921695350462177,0.03995486111110472
A68A,2020-02-23,-62.8178,-52.9016,24.0,1.0920258,2.0735474,-0.04970948558496841,0.04419444444445099
A68A,2020-02-24,-62.7808,-52.9938,24.0,1.0920258,2.0735474,-0.05417918527434642,0.04753472222222098
A68A,2020-02-25,-62.7416,-53.0832,24.0,1.0920258,2.0735474,-0.052603696109336795,0.05036111111111241
A68A,2020-02-26,-62.7008,-53.1598,24.0,1.0920258,2.0735474,-0.0451343542372989,0.05241666666666318
A68A,2020-02-27,-62.659,-53.2132,24.0,1.0920258,2.0735474,-0.031508886514471,0.05370138888889153
A68A,2020-02-28,-62.6167,-53.2333,24.0,0.07347107,2.8606567,-0.011877017951959877,0.05434374999999658
A68A,2020-02-29,-62.5728,-53.2333,24.0,0.07347107,2.8606567,0.0,0.05639930555555648
A68A,2020-03-01,-62.5264,-53.2333,24.0,0.07347107,2.8606567,0.0,0.05961111111110911
A68A,2020-03-02,-62.4781,-53.2333,24.0,0.07347107,2.8606567,0.0,0.062052083333339336
A68A,2020-03-03,-62.4289,-53.2333,24.0,0.07347107,2.8606567,0.0,0.06320833333333208
A68A,2020-03-04,-62.3795,-53.2333,24.0,0.07347107,2.8606567,0.0,0.06346527777777593
A68A,2020-03-05,-62.3307,-53.2333,24.0,-0.6355133,3.067688,0.0,0.06269444444444439
A68A,2020-03-06,-62.2833,-53.2333,24.0,-0.6355133,3.067688,0.0,0.060895833333337465
A68A,2020-03-07,-62.2355,-53.2075,24.0,-0.6355133,3.067688,0.015440604341896168,0.06140972222221602
A68A,2020-03-08,-62.1859,-53.1386,24.0,-0.6355133,3.067688,0.04130258255901506,0.0637222222222289
A68A,2020-03-09,-62.1362,-53.039,24.0,-0.6355133,3.067688,0.05980405894982389,0.06385069444443713
A68A,2020-03-10,-62.0878,-52.9211,24.0,-1.209732,2.848938,0.07090524589143803,0.062180555555556696
A68A,2020-03-11,-62.0424,-52.7976,24.0,-1.209732,2.848938,0.07438416716850274,0.058326388888889885
A68A,2020-03-12,-62.0015,-52.6808,24.0,-1.209732,2.848938,0.07044334753594908,0.05254513888888966
A68A,2020-03-13,-61.9667,-52.5833,24.0,-1.209732,2.848938,0.058870472819811635,0.044708333333329554
A68A,2020-03-14,-61.9386,-52.5044,24.0,-1.209732,2.848938,0.047683672671138835,0.03610069444444703
A68A,2020-03-15,-61.9152,-52.4327,24.0,-1.209732,2.848938,0.0433655050504355,0.030062500000002965
A68A,2020-03-16,-61.8946,-52.3644,24.0,-1.209732,2.848938,0.04133695205007337,0.02646527777778
A68A,2020-03-17,-61.8748,-52.2958,24.0,-1.6980133,2.2756958,0.04154538233394397,0.025437499999995485
A68A,2020-03-18,-61.8537,-52.223,24.0,-1.6980133,2.2756958,0.044119350100524174,0.027107638888885045
A68A,2020-03-19,-61.8295,-52.1423,24.0,-1.6980133,2.2756958,0.04894563417019571,0.031090277777778348
A68A,2020-03-20,-61.8,-52.05,24.0,-1.6980133,2.2756958,0.056035004066122725,0.037899305555563076
A68A,2020-03-21,-61.7594,-51.933,24.0,-1.6980133,2.2756958,0.07112413838824617,0.05215972222221933
A68A,2020-03-22,-61.7063,-51.7883,24.0,-1.6980133,2.2756958,0.0881146707310673,0.06821875000000076
A68A,2020-03-23,-61.6459,-51.6275,24.0,-1.6980133,2.2756958,0.098110425416778,0.07759722222222394
A68A,2020-03-24,-61.5834,-51.4618,24.0,-2.2400055,1.6008911,0.10130440405891344,0.0802951388888889
A68A,2020-03-25,-61.5237,-51.3027,24.0,-2.2400055,1.6008911,0.09745660835950343,0.07669791666666592
A68A,2020-03-26,-61.4719,-51.1616,24.0,-2.2400055,1.6008911,0.08657474261144571,0.0665486111111112
A68A,2020-03-27,-61.4333,-51.05,24.0,-2.2400055,1.6008911,0.06855927229313026,0.04959027777777175
A68A,2020-03-28,-61.4061,-50.9613,24.0,-2.2400055,1.6008911,0.05453861200024534,0.03494444444444516
A68A,2020-03-29,-61.3842,-50.8808,24.0,-2.2400055,1.6008911,0.04953141605131419,0.028135416666669556
A68A,2020-03-30,-61.3655,-50.8074,24.0,-2.781021,1.270813,0.04518982177239418,0.0240243055555589
A68A,2020-03-31,-61.348,-50.7403,24.0,-2.781021,1.270813,0.04133423892255893,0.0224826388888867
A68A,2020-04-01,-61.3298,-50.6785,24.0,-2.781021,1.270813,0.0380915183705795,0.023381944444444722
A68A,2020-04-02,-61.3089,-50.6209,24.0,-2.781021,1.270813,0.03552645581637354,0.026850694444441204
A68A,2020-04-03,-61.2833,-50.5667,24.0,-2.781021,1.270813,0.033456696701042676,0.032888888888894394
A68A,2020-04-04,-61.2499,-50.5112,24.0,-2.781021,1.270813,0.034295610388629744,0.04290972222222263
A68A,2020-04-05,-61.2087,-50.4533,24.0,-2.781021,1.270813,0.035825549523088286,0.052930555555550866
A68A,2020-04-06,-61.1624,-50.3968,24.0,-2.781021,1.270813,0.035010695289029364,0.059482638888891756
A68A,2020-04-07,-61.114,-50.3459,24.0,-3.256607,1.3967896,0.031588986686690135,0.062180555555556696
A68A,2020-04-08,-61.0661,-50.3046,24.0,-3.256607,1.3967896,0.02566997258922965,0.061538194444442515
A68A,2020-04-09,-61.0216,-50.2768,24.0,-3.256607,1.3967896,0.017303332846976778,0.057170138888888014
A68A,2020-04-10,-60.9833,-50.2667,24.0,-3.256607,1.3967896,0.006294049062789028,0.04920486111111055
A68A,2020-04-11,-60.9502,-50.2667,24.0,-3.256607,1.3967896,0.0,0.0425243055555523
A68A,2020-04-12,-60.9193,-50.2667,24.0,-3.256607,1.3967896,0.0,0.03969791666667
A68A,2020-04-13,-60.8901,-50.2667,24.0,-3.256607,1.3967896,0.0,0.037513888888892746
A68A,2020-04-14,-60.8623,-50.2667,24.0,-3.7146149,1.7454224,0.0,0.035715277777776694
A68A,2020-04-15,-60.8355,-50.2667,24.0,-3.7146149,1.7454224,0.0,0.034430555555548345
A68A,2020-04-16,-60.8093,-50.2667,24.0,-3.7146149,1.7454224,0.0,0.03365972222222593
A68A,2020-04-17,-60.7833,-50.2667,24.0,-3.7146149,1.7454224,0.0,0.03340277777778209
A68A,2020-04-18,-60.7567,-50.2686,24.0,-3.7146149,1.7454224,-0.0011924618241665628,0.03417361111110449
A68A,2020-04-19,-60.7293,-50.2737,24.0,-3.7146149,1.7454224,-0.0032035522190681366,0.035201388888889004
A68A,2020-04-20,-60.7023,-50.2811,24.0,-3.7146149,1.7454224,-0.0046521989665210565,0.034687500000001315
A68A,2020-04-21,-60.6765,-50.29,24.0,-3.7146149,1.7454224,-0.005599701814196402,0.03314583333333824
A68A,2020-04-22,-60.653,-50.2995,24.0,-3.7146149,1.7454224,-0.005981573744020721,0.030190972222220322
A68A,2020-04-23,-60.6327,-50.3087,24.0,-3.7146149,1.7454224,-0.005796331817259327,0.026079861111109666
A68A,2020-04-24,-60.6167,-50.3167,24.0,-4.2155914,2.060852,-0.0050427896120323066,0.020555555555553294
A68A,2020-04-25,-60.6035,-50.3247,24.0,-4.2155914,2.060852,-0.005044852703116435,0.016958333333339452
A68A,2020-04-26,-60.5911,-50.3339,24.0,-4.2155914,2.060852,-0.005803809091629429,0.01593055555555494
A68A,2020-04-27,-60.5799,-50.3434,24.0,-4.2155914,2.060852,-0.005995141953599657,0.014388888888882739
A68A,2020-04-28,-60.57,-50.3523,24.0,-4.2155914,2.060852,-0.005618222205650165,0.012718750000002306
A68A,2020-04-29,-60.5616,-50.3597,24.0,-4.2155914,2.060852,-0.004672544703886595,0.010791666666668902
A68A,2020-04-30,-60.5548,-50.3648,24.0,-4.2155914,2.060852,-0.003220944487838675,0.008736111111109009
A68A,2020-05-01,-60.55,-50.3667,24.0,-4.2155914,2.060852,-0.0012001377860477722,0.0061666666666705516
A68A,2020-05-02,-60.5467,-50.3663,24.0,-4.2155914,2.060852,0.00025268635950511536,0.004239583333328017
A68A,2020-05-03,-60.5444,-50.3652,24.0,-4.2155914,2.060852,0.0006949368854691346,0.002954861111108789
A68A,2020-05-04,-60.5425,-50.3634,24.0,-4.2155914,2.060852,0.0011372362211457046,0.002440972222230226
A68A,2020-05-05,-60.5408,-50.361,24.0,-4.2155914,2.060852,0.0015163946181703753,0.002184027777777252
A68A,2020-05-06,-60.5389,-50.3579,24.0,-4.2155914,2.060852,0.001958791374277624,0.0024409722222210974
A68A,2020-05-07,-60.5366,-50.3542,24.0,-4.2155914,2.060852,0.0023380784256232788,0.002954861111108789
A68A,2020-05-08,-60.5333,-50.35,24.0,-4.2155914,2.060852,0.0026543055500552683,0.004239583333337145
A68A,2020-05-09,-60.528,-50.3374,24.0,-4.2155914,2.060852,0.007964220300606558,0.0068090277777756005
A68A,2020-05-10,-60.5201,-50.3109,24.0,-4.2155914,2.060852,0.016754232444936033,0.010149305555554723
A68A,2020-05-11,-60.5103,-50.2736,24.0,-4.2155914,2.060852,0.023589507287294104,0.012590277777775822
A68A,2020-05-12,-60.4994,-50.229,24.0,-4.2155914,2.060852,0.028215708309997724,0.014003472222221536
A68A,2020-05-13,-60.4881,-50.1802,24.0,-4.2155914,2.060852,0.03088355400373211,0.014517361111109227
A68A,2020-05-14,-60.4769,-50.1305,24.0,-4.2155914,2.060852,0.031463989068257134,0.014388888888891869
A68A,2020-05-15,-60.4667,-50.0833,24.0,-4.2155914,2.060852,0.029890686445891643,0.013104166666663511
A68A,2020-05-16,-60.4577,-50.036,24.0,-4.2155914,2.060852,0.029962318887696394,0.011562500000000439
A68A,2020-05-17,-60.4495,-49.9847,24.0,-4.2155914,2.060852,0.03250433590612179,0.010534722222225056
A68A,2020-05-18,-60.4414,-49.9303,24.0,-4.2155914,2.060852,0.034477130288850535,0.01040624999999857
A68A,2020-05-19,-60.4329,-49.8737,24.0,-4.2155914,2.060852,0.03588080915340899,0.010920138888895389
A68A,2020-05-20,-60.4236,-49.8159,24.0,-4.2155914,2.060852,0.036652016032812394,0.011947916666661642
A68A,2020-05-21,-60.4128,-49.7576,24.0,-4.2155914,2.060852,0.03698135290111281,0.013875000000004176
A68A,2020-05-22,-60.4,-49.7,24.0,-4.2155914,2.060852,0.036551698127229075,0.016444444444442635
A68A,2020-05-23,-60.3825,-49.6392,24.0,-4.2155914,2.060852,0.03860309035608663,0.0224826388888867
A68A,2020-05-24,-60.359,-49.5731,24.0,-4.656021,2.397766,0.041998438269586894,0.030190972222220322
A68A,2020-05-25,-60.3315,-49.5051,24.0,-4.656021,2.397766,0.04324209349891428,0.03532986111111549
A68A,2020-05-26,-60.3017,-49.4387,24.0,-4.656021,2.397766,0.04226317838246504,0.03828472222222428
A68A,2020-05-27,-60.2714,-49.3773,24.0,-4.656021,2.397766,0.039116940688000215,0.03892708333332933
A68A,2020-05-28,-60.2425,-49.3244,24.0,-4.656021,2.397766,0.033731492899820546,0.03712847222222241
A68A,2020-05-29,-60.2167,-49.2833,24.0,-4.656021,2.397766,0.026227904286848618,0.033145833333329114
A68A,2020-05-30,-60.1934,-49.2523,24.0,-4.656021,2.397766,0.01979665913032049,0.029934027777785605
A68A,2020-05-31,-60.1706,-49.2262,24.0,-4.656021,2.397766,0.01667908652031968,0.0292916666666623
A68A,2020-06-01,-60.1484,-49.2035,24.0,-4.656021,2.397766,0.014516133438410583,0.02852083333333076
A68A,2020-06-02,-60.1268,-49.1827,24.0,5.9931183,2.5466309,0.013309863121335247,0.027749999999999227
A68A,2020-06-03,-60.106,-49.1623,24.0,9.152252,2.0952148,0.013062153550065184,0.026722222222223844
A68A,2020-06-04,-60.0859,-49.1408,24.0,10.834412,-10.764984,0.01377488519577156,0.025822916666665818
A68A,2020-06-05,-60.0667,-49.1167,24.0,4.3329773,-4.3936157,0.015449677526848546,0.02466666666667308
A68A,2020-06-06,-60.049,-49.0865,24.0,0.38381958,6.4680023,0.01937056286559687,0.022739583333330544
A68A,2020-06-07,-60.033,-49.0506,24.0,8.403381,-7.7318115,0.023037754885820612,0.020555555555553294
A68A,2020-06-08,-60.0179,-49.0125,24.0,3.3933258,-10.996475,0.024460713868919952,0.01939930555556055
A68A,2020-06-09,-60.0028,-48.9763,24.0,7.47258,0.87449646,0.023251503928243742,0.019399305555551423
A68A,2020-06-10,-59.987,-48.9458,24.0,9.751175,-4.109314,0.019599712847362696,0.020298611111109446
A68A,2020-06-11,-59.9696,-48.9246,24.0,13.157745,1.1152802,0.013630568517848014,0.02235416666666934
A68A,2020-06-12,-59.95,-48.9167,24.0,1.5375519,-8.362656,0.005082321179504426,0.025180555555551643
A68A,2020-06-13,-59.9269,-48.9184,24.0,8.143173,-3.0775146,-0.0010944261451096208,0.029677083333332632
A68A,2020-06-14,-59.9005,-48.9234,24.0,5.2729797,0.00035095215,-0.0032214614460065526,0.03391666666666978
A68A,2020-06-15,-59.8716,-48.9313,24.0,-1.6847076,-3.606018,-0.00509433743884719,0.03712847222222241
A68A,2020-06-16,-59.8412,-48.9416,24.0,8.274887,-12.396317,-0.006648055780752775,0.03905555555555582
A68A,2020-06-17,-59.8102,-48.9539,24.0,11.3641815,8.038498,-0.007946331659986943,0.03982638888888736
A68A,2020-06-18,-59.7795,-48.968,24.0,5.977417,-13.264053,-0.009117597749637182,0.03944097222222615
A68A,2020-06-19,-59.75,-48.9833,24.0,3.0134888,3.9816895,-0.009902307236298742,0.03789930555555395
A68A,2020-06-20,-59.7179,-49.0134,24.0,-0.92263794,11.667374,-0.01949972157464473,0.041239583333333066
A68A,2020-06-21,-59.6812,-49.0656,24.0,10.616547,1.2532806,-0.03385388068873994,0.047149305555559774
A68A,2020-06-22,-59.6433,-49.1301,24.0,6.543106,4.1614532,-0.0418782518108408,0.048690972222213726
A68A,2020-06-23,-59.6077,-49.1971,24.0,10.23938,11.795975,-0.04354758126121321,0.045736111111114065
A68A,2020-06-24,-59.578,-49.2571,24.0,3.3591309,2.4801788,-0.039032295013535896,0.03815624999999779
A68A,2020-06-25,-59.5576,-49.3002,24.0,-0.49301147,-3.750534,-0.028055197324960673,0.02620833333333615
A68A,2020-06-26,-59.55,-49.3167,24.0,-2.8264923,4.586548,-0.010742812833328813,0.00976388888889352
A68A,2020-06-27,-59.5518,-49.3093,24.0,5.626892,1.475708,0.004817731308967764,-0.002312500000003739
A68A,2020-06-28,-59.5566,-49.2903,24.0,-5.7346497,-5.3013153,0.012368087693670591,-0.0061666666666705516
A68A,2020-06-29,-59.5631,-49.2642,24.0,-15.551849,-4.071121,0.016986567127225686,-0.008350694444438676
A68A,2020-06-30,-59.5702,-49.2358,24.0,6.4504395,-3.2718353,0.018479569328296738,-0.00912152777777934
A68A,2020-07-01,-59.5767,-49.2097,24.0,-4.323532,-2.8787537,0.016979704378981123,-0.008350694444447804
A68A,2020-07-02,-59.5815,-49.1907,24.0,-12.101227,0.83828735,0.012358940922533193,-0.006166666666661424
A68A,2020-07-03,-59.5833,-49.1833,24.0,-8.413696,-3.779419,0.004813224693976814,-0.002312500000003739
A68A,2020-07-04,-59.5801,-49.1944,24.0,-7.614914,7.294876,-0.007220523862869876,0.004111111111110659
A68A,2020-07-05,-59.5717,-49.223,24.0,1.2517242,2.8402863,-0.018608877708781613,0.010791666666668902
A68A,2020-07-06,-59.5599,-49.262,24.0,4.861923,-5.180313,-0.025384639400206344,0.015159722222223405
A68A,2020-07-07,-59.5466,-49.3046,24.0,-2.0604858,-0.49542236,-0.027738789193458662,0.01708680555555681
A68A,2020-07-08,-59.5338,-49.3436,24.0,4.249756,6.0459595,-0.025404314687717883,0.016444444444442635
A68A,2020-07-09,-59.5232,-49.3722,24.0,5.1171265,2.4590607,-0.01863568953583683,0.013618055555551201
A68A,2020-07-10,-59.5167,-49.3833,24.0,-6.4384766,7.970688,-0.007234126875417872,0.008350694444447804
A68A,2020-07-11,-59.5135,-49.3789,24.0,5.6408234,5.9764404,0.0028678538922266438,0.004111111111110659
A68A,2020-07-12,-59.5111,-49.3663,24.0,8.794952,-0.8739166,0.00821307500187243,0.0030833333333352758
A68A,2020-07-13,-59.5093,-49.3466,24.0,7.8055725,-1.704361,0.012841762741119235,0.0023124999999946105
A68A,2020-07-14,-59.5077,-49.3207,24.0,6.2529144,5.103592,0.01688413343137779,0.0020555555555598934
A68A,2020-07-15,-59.5058,-49.2898,24.0,4.357773,-3.3624115,0.020144753005359024,0.0024409722222210974
A68A,2020-07-16,-59.5034,-49.2548,24.0,-6.426651,-7.1737976,0.022819304353910396,0.0030833333333352758
A68A,2020-07-17,-59.5,-49.2167,24.0,8.136734,-2.3954468,0.024842945495336985,0.004368055555554504
A68A,2020-07-18,-59.4943,-49.1445,24.0,10.843887,-0.44100952,0.04708565845402057,0.007322916666663294
A68A,2020-07-19,-59.4854,-49.0213,24.0,7.9674225,5.0337524,0.0803667928779737,0.011434027777783079
A68A,2020-07-20,-59.4741,-48.8699,24.0,4.874695,5.6332855,0.09879548479960698,0.014517361111109227
A68A,2020-07-21,-59.4609,-48.7128,24.0,-13.983093,1.9749451,0.1025550486330555,0.016958333333330324
A68A,2020-07-22,-59.4465,-48.5726,24.0,15.783768,1.0387115,0.09156169666325344,0.01850000000000253
A68A,2020-07-23,-59.4316,-48.4719,24.0,1.9292908,-11.146469,0.06579404040324902,0.019142361111107575
A68A,2020-07-24,-59.4167,-48.4333,24.0,-1.2301025,-9.352539,0.025231062903362796,0.019142361111116703
A68A,2020-07-25,-59.4018,-48.5138,24.0,10.666397,-0.49829102,-0.05264233730628889,0.019142361111107575
A68A,2020-07-26,-59.3861,-48.7217,24.0,4.635437,-3.606491,-0.136017550265317,0.020170138888892086
A68A,2020-07-27,-59.3692,-49.007,24.0,14.373917,6.569168,-0.18674915408192932,0.02171180555555516
A68A,2020-07-28,-59.3509,-49.3193,24.0,13.641434,6.463516,-0.20453283191480578,0.02351041666666208
A68A,2020-07-29,-59.3307,-49.6085,24.0,1.6283569,-8.939133,-0.18951676173421647,0.02595138888889231
A68A,2020-07-30,-59.3083,-49.8244,24.0,-2.1613312,-2.7148438,-0.14157551819808237,0.02877777777777461
A68A,2020-07-31,-59.2833,-49.9167,24.0,-3.20755,-7.7637177,-0.06056982434385673,0.03211805555556286
A68A,2020-08-01,-59.2515,-49.9296,24.0,-0.58340454,3.0432892,-0.008473244827408586,0.040854166666662736
A68A,2020-08-02,-59.2109,-49.9407,24.0,8.707993,8.950958,-0.007299614187508001,0.05215972222221933
A68A,2020-08-03,-59.1646,-49.9499,24.0,7.72139,6.2817383,-0.006058333682122501,0.059482638888891756
A68A,2020-08-04,-59.1156,-49.9572,24.0,16.571457,1.6427765,-0.004814041129246119,0.06295138888888824
A68A,2020-08-05,-59.067,-49.9624,24.0,2.0150452,2.9240112,-0.0034340418919686293,0.06243750000000054
A68A,2020-08-06,-59.0219,-49.9656,24.0,10.380066,-1.0543213,-0.002116031663841518,0.057940972222219556
A68A,2020-08-07,-58.9833,-49.9667,24.0,8.3693695,-0.7251282,-0.0007282019856560223,0.049590277777780876
A68A,2020-08-08,-58.947,-49.9605,24.0,3.8389893,-0.99786377,0.0041087352515077665,0.04663541666666296
A68A,2020-08-09,-58.9087,-49.943,24.0,-2.4503174,-13.481842,0.01161010900929972,0.04920486111111055
A68A,2020-08-10,-58.871,-49.9155,24.0,-0.9770508,-7.055664,0.018264360240405685,0.048434027777779005
A68A,2020-08-11,-58.8368,-49.8793,24.0,8.229889,4.448395,0.024066298190551286,0.04393750000000714
A68A,2020-08-12,-58.809,-49.836,24.0,5.3635864,0.6294403,0.02880957648736273,0.035715277777776694
A68A,2020-08-13,-58.7902,-49.7869,24.0,2.4403534,2.2527313,0.03268630012581777,0.02415277777777626
A68A,2020-08-14,-58.7833,-49.7333,24.0,3.495514,8.786987,0.03568908190626489,0.008864583333335495
A68A,2020-08-15,-58.7902,-49.6299,24.0,7.1371307,9.679657,0.06883428580468172,-0.008864583333335495
A68A,2020-08-16,-58.809,-49.4522,24.0,-4.425461,-2.1184387,0.11823237278993419,-0.02415277777777626
A68A,2020-08-17,-58.8368,-49.2331,24.0,2.341156,-5.6046906,0.14566093739087274,-0.035715277777776694
A68A,2020-08-18,-58.871,-49.0054,24.0,-3.4681244,-12.79892,0.15122890279057852,-0.04393750000000714
A68A,2020-08-19,-58.9087,-48.8021,24.0,2.7172546,-4.4510956,0.1348762949479937,-0.048434027777779005
A68A,2020-08-20,-58.947,-48.656,24.0,6.92749,6.0521545,0.09682035810408463,-0.04920486111111055
A68A,2020-08-21,-58.9833,-48.6,24.0,-3.666748,3.8116302,0.03707210108790789,-0.04663541666666296
A68A,2020-08-22,-59.0207,-48.6011,24.0,-3.722458,9.979538,-0.0007274112604423687,-0.048048611111108676
A68A,2020-08-23,-59.0631,-48.6044,24.0,3.157013,7.5246887,-0.0021795433453637,-0.054472222222223074
A68A,2020-08-24,-59.1086,-48.6097,24.0,1.7315369,0.5948334,-0.003495839648326717,-0.05845486111111638
A68A,2020-08-25,-59.1552,-48.617,24.0,3.6945496,-5.8367767,-0.00480847715310106,-0.05986805555555296
A68A,2020-08-26,-59.2011,-48.6262,24.0,8.251053,5.8815613,-0.006051867280756222,-0.058968749999994935
A68A,2020-08-27,-59.2445,-48.6372,24.0,3.1876678,7.9113617,-0.007226731298316993,-0.05575694444445143
A68A,2020-08-28,-59.2833,-48.65,24.0,13.361755,2.2397156,-0.008399715618648615,-0.04984722222221559
A68A,2020-08-29,-59.3217,-48.7172,24.0,-4.0217896,1.3779602,-0.0440487536640611,-0.049333333333337025
A68A,2020-08-30,-59.3629,-48.8688,24.0,-2.3570404,5.79747,-0.09925141566896453,-0.05293055555556
A68A,2020-08-31,-59.4038,-49.07,24.0,6.871414,-10.511063,-0.1315653795761652,-0.05254513888888054
A68A,2020-09-01,-59.4411,-49.2866,24.0,20.375778,5.9121704,-0.14147952800322633,-0.04792013888889131
A68A,2020-09-02,-59.4717,-49.484,24.0,20.375778,5.9121704,-0.12882175748696703,-0.03931249999999966
A68A,2020-09-03,-59.4924,-49.6277,24.0,20.375778,5.9121704,-0.09372008233140595,-0.026593750000006484
A68A,2020-09-04,-59.5,-49.6833,24.0,20.375778,5.9121704,-0.03625374723204384,-0.00976388888888439
A68A,2020-09-05,-59.4872,-49.6833,24.0,20.375778,5.9121704,0.0,0.016444444444442635
A68A,2020-09-06,-59.4539,-49.6833,24.0,20.375778,5.9121704,0.0,0.04278125000000527
A68A,2020-09-07,-59.4078,-49.6833,24.0,20.375778,5.9121704,0.0,0.05922569444443877
A68A,2020-09-08,-59.3566,-49.6833,24.0,20.23613,5.57428,0.0,0.06577777777777966
A68A,2020-09-09,-59.3081,-49.6833,24.0,20.23613,5.57428,0.0,0.06230902777777405
A68A,2020-09-10,-59.27,-49.6833,24.0,20.23613,5.57428,0.0,0.048947916666666695
A68A,2020-09-11,-59.25,-49.6833,24.0,20.23613,5.57428,0.0,0.02569444444444846
A68A,2020-09-12,-59.2431,-49.6635,24.0,20.23613,5.57428,0.013008650471256133,0.008864583333335495
A68A,2020-09-13,-59.2384,-49.6114,24.0,20.23613,5.57428,0.034234551035080496,0.006038194444444065
A68A,2020-09-14,-59.2351,-49.538,24.0,20.23613,5.57428,0.0482353012542335,0.004239583333328017
A68A,2020-09-15,-59.2321,-49.4542,24.0,20.23613,5.57428,0.055074574551355955,0.003854166666666813
A68A,2020-09-16,-59.2287,-49.371,24.0,20.23613,5.57428,0.054685695886817334,0.004368055555554504
A68A,2020-09-17,-59.2239,-49.2993,24.0,20.23613,5.57428,0.04713360628612976,0.0061666666666705516
A68A,2020-09-18,-59.2167,-49.25,24.0,20.23613,5.57428,0.03241530092328153,0.009249999999996698
A68A,2020-09-19,-59.1983,-49.2198,24.0,20.23613,5.57428,0.01986754079329467,0.023638888888888567
A68A,2020-09-20,-59.163,-49.1961,24.0,20.23613,5.57428,0.015607524446149405,0.04535069444445286
A68A,2020-09-21,-59.1147,-49.1763,24.0,19.98027,5.1651,0.013057605153338722,0.06205208333333021
A68A,2020-09-22,-59.0571,-49.1577,24.0,19.98027,5.1651,0.012286845152562967,0.07400000000000098
A68A,2020-09-23,-58.994,-49.1378,24.0,19.98027,5.1651,0.01316974390607657,0.08106597222222042
A68A,2020-09-24,-58.9293,-49.1139,24.0,19.98027,5.1651,0.015846637031302905,0.08312152777778033
A68A,2020-09-25,-58.8667,-49.0833,24.0,19.499802,4.6328735,0.020325777234243156,0.08042361111110626
A68A,2020-10-10,-57.6117,-47.8848,24.0,18.220505,3.8330688,0.0333761029617941,0.1562222222222233
A68A,2020-10-11,-57.4592,-47.8453,24.0,18.220505,3.8330688,0.027296559643267132,0.19592013888888413
A68A,2020-10-12,-57.294,-47.8105,24.0,17.756638,3.5615845,0.024157184019234033,0.21223611111111854
A68A,2020-10-13,-57.1341,-47.7762,24.0,17.756638,3.5615845,0.02391348596050772,0.20542708333333382
A68A,2020-10-14,-56.9976,-47.7381,24.0,16.921677,3.1279907,0.026660665623625047,0.17536458333333085
A68A,2020-10-15,-56.9024,-47.6919,24.0,16.921677,3.1279907,0.032411344028311986,0.1223055555555535
A68A,2020-10-16,-56.8667,-47.6333,24.0,15.944138,2.5342407,0.04114978194120453,0.04586458333333142
A68A,2020-10-17,-56.8879,-47.5529,24.0,16.921677,3.1279907,0.05642605415462904,-0.027236111111111537
A68A,2020-10-18,-56.9427,-47.4459,24.0,16.921677,3.1279907,0.07498421535261938,-0.07040277777777801
A68A,2020-10-19,-57.0176,-47.3153,24.0,16.921677,3.1279907,0.09133888000528524,-0.09622569444444383
A68A,2020-10-20,-57.0991,-47.1642,24.0,16.921677,3.1279907,0.10544441427535536,-0.10470486111110898
A68A,2020-10-21,-57.174,-46.9954,24.0,17.756638,3.5615845,0.11755815113883031,-0.09622569444444383
A68A,2020-10-22,-57.2288,-46.8119,24.0,17.756638,3.5615845,0.12760620710300966,-0.07040277777777801
A68A,2020-10-23,-57.25,-46.6167,24.0,17.756638,3.5615845,0.13566437576417348,-0.027236111111111537
A68A,2020-10-24,-57.2352,-46.377,24.0,17.756638,3.5615845,0.16665885685147191,0.019013888888890218
A68A,2020-10-25,-57.195,-46.0728,24.0,17.756638,3.5615845,0.2117350065013911,0.051645833333331635
A68A,2020-10-26,-57.1358,-45.7266,24.0,17.756638,3.5615845,0.24135477086828105,0.07605555555555174
A68A,2020-10-27,-57.0637,-45.3605,24.0,16.921677,3.1279907,0.2557250776524802,0.09262847222223
A68A,2020-10-28,-56.985,-44.997,24.0,16.921677,3.1279907,0.2544470648915297,0.10110763888888603
A68A,2020-10-29,-56.9061,-44.6583,24.0,16.921677,3.1279907,0.2375894942340001,0.10136458333332987
A68A,2020-10-30,-56.8333,-44.3667,24.0,15.944138,2.5342407,0.20494864923645018,0.09352777777777889
A68A,2020-10-31,-56.7531,-44.1133,24.0,15.944138,2.5342407,0.1784813688508218,0.10303472222221943
A68A,2020-11-01,-56.6551,-43.8732,24.0,15.944138,2.5342407,0.16955455488894805,0.12590277777778558
A68A,2020-11-02,-56.5505,-43.6454,24.0,15.001755,1.9365845,0.16131456314058318,0.13438194444444163
A68A,2020-11-03,-56.45,-43.4287,24.0,15.001755,1.9365845,0.15386140680156124,0.1291145833333291
A68A,2020-11-04,-56.3647,-43.2219,24.0,14.2009735,1.593811,0.14716168397291637,0.10958680555556033
A68A,2020-11-05,-56.3055,-43.0238,24.0,14.2009735,1.593811,0.1411895075567611,0.07605555555555174
A68A,2020-11-06,-56.2833,-42.8333,24.0,14.2009735,1.593811,0.13585173503676662,0.02852083333333989
A68B,2020-01-01,-64.6196,-58.4742,24.0,2.8693695,-2.1080933,0.002312794950861535,0.005909722222217578
A68B,2020-01-02,-64.6175,-58.4707,24.0,2.8693695,-2.1080933,0.0019274780239927317,0.002697916666664943
A68B,2020-01-03,-64.6167,-58.4667,24.0,2.8693695,-2.1080933,0.002202896853097734,0.0010277777777936395
A68B,2020-01-04,-64.6167,-58.4544,24.0,2.8693695,-2.1080933,0.006773907823281109,0.0
A68B,2020-01-05,-64.6167,-58.4282,24.0,2.8693695,-2.1080933,0.014428974387799744,0.0
A68B,2020-01-06,-64.6167,-58.3912,24.0,2.8693695,-2.1080933,0.0203767958911648,0.0
A68B,2020-01-07,-64.6167,-58.3466,24.0,2.8693695,-2.1080933,0.024562299912050885,0.0
A68B,2020-01-08,-64.6167,-58.2978,24.0,2.8693695,-2.1080933,0.02687534160780723,0.0
A68B,2020-01-09,-64.6167,-58.2478,24.0,2.8693695,-2.1080933,0.027536210663739288,0.0
A68B,2020-01-10,-64.6167,-58.2,24.0,2.8693695,-2.1080933,0.02632461739452986,0.0
A68B,2020-01-11,-64.6188,-58.1509,24.0,2.8693695,-2.1080933,0.027038470055581857,-0.002697916666664943
A68B,2020-01-12,-64.6243,-58.0964,24.0,2.8693695,-2.1080933,0.03000607851325374,-0.007065972222237704
A68B,2020-01-13,-64.6322,-58.0379,24.0,2.9523773,-1.7887573,0.03219899639449695,-0.010149305555545595
A68B,2020-01-14,-64.6414,-57.9774,24.0,2.9523773,-1.7887573,0.03328853932850082,-0.011819444444453412
A68B,2020-01-15,-64.651,-57.9164,24.0,2.9523773,-1.7887573,0.03355178526708224,-0.012333333333322849
A68B,2020-01-16,-64.6597,-57.8567,24.0,2.9523773,-1.7887573,0.03282622207433094,-0.011177083333339234
A68B,2020-01-17,-64.6667,-57.8,24.0,2.9523773,-1.7887573,0.03116861969909419,-0.008993055555561982
A68B,2020-01-18,-64.6724,-57.7458,24.0,2.9523773,-1.7887573,0.029788080704607707,-0.007322916666654165
A68B,2020-01-19,-64.6778,-57.6924,24.0,2.9523773,-1.7887573,0.029342559829803078,-0.006937500000011217
A68B,2020-01-20,-64.6831,-57.6397,24.0,2.9523773,-1.7887573,0.02895225829852959,-0.006809027777766473
A68B,2020-01-21,-64.688,-57.5876,24.0,2.9523773,-1.7887573,0.028617456470291694,-0.006295138888897039
A68B,2020-01-22,-64.6925,-57.5359,24.0,2.9523773,-1.7887573,0.028393028831715263,-0.00578124999999109
A68B,2020-01-23,-64.6965,-57.4845,24.0,2.9523773,-1.7887573,0.02822410466238744,-0.00513888888889517
A68B,2020-01-24,-64.7,-57.4333,24.0,2.9523773,-1.7887573,0.028110650569465552,-0.004496527777780991
A68B,2020-01-25,-64.7033,-57.3841,24.0,2.9523773,-1.7887573,0.027009286889331775,-0.004239583333328017
A68B,2020-01-26,-64.7066,-57.3375,24.0,2.9523773,-1.7887573,0.025578849308691223,-0.004239583333328017
A68B,2020-01-27,-64.7097,-57.2918,24.0,2.9523773,-1.7887573,0.025081965082874125,-0.003982638888893299
A68B,2020-01-28,-64.7125,-57.2453,24.0,2.9523773,-1.7887573,0.02551839703723391,-0.0035972222222320958
A68B,2020-01-29,-64.7147,-57.1963,24.0,2.9523773,-1.7887573,0.026888168310052665,-0.0028263888888731734
A68B,2020-01-30,-64.7162,-57.1428,24.0,2.9523773,-1.7887573,0.029355862861387798,-0.0019270833333425348
A68B,2020-01-31,-64.7167,-57.0833,24.0,2.9523773,-1.7887573,0.03264750599242455,-0.0006423611111141783
A68B,2020-02-01,-64.7112,-57.0127,24.0,2.9523773,-1.7887573,0.03874592161588097,0.007065972222219447
A68B,2020-02-02,-64.6962,-56.9299,24.0,2.9523773,-1.7887573,0.0454665709718982,0.019270833333334066
A68B,2020-02-03,-64.6742,-56.8393,24.0,2.9523773,-1.7887573,0.04979005478235084,0.028263888888896048
A68B,2020-02-04,-64.6478,-56.745,24.0,2.9523773,-1.7887573,0.05187387454309696,0.03391666666666065
A68B,2020-02-05,-64.6195,-56.6514,24.0,2.8693695,-2.1080933,0.05154247709533459,0.036357638888890875
A68B,2020-02-06,-64.5916,-56.5628,24.0,2.8693695,-2.1080933,0.048839211475037995,0.035843750000003186
A68B,2020-02-07,-64.5667,-56.4833,24.0,2.8693695,-2.1080933,0.0438630836569208,0.031989583333336374
A68B,2020-02-08,-64.5447,-56.4044,24.0,2.8693695,-2.1080933,0.04356718749634272,0.028263888888877788
A68B,2020-02-09,-64.5234,-56.3191,24.0,2.8693695,-2.1080933,0.04713793579384966,0.02736458333334715
A68B,2020-02-10,-64.5019,-56.2342,24.0,2.8693695,-2.1080933,0.046953836314066556,0.02762152777776361
A68B,2020-02-11,-64.4796,-56.1564,24.0,2.8693695,-2.1080933,0.0430623000015064,0.028649305555557253
A68B,2020-02-12,-64.4557,-56.0925,24.0,2.8693695,-2.1080933,0.03539954986501222,0.03070486111112627
A68B,2020-02-13,-64.4294,-56.0492,24.0,2.8693695,-2.1080933,0.024010524589188616,0.033788194444434164
A68B,2020-02-14,-64.4,-56.0333,24.0,2.8693695,-2.1080933,0.00882625159792495,0.03777083333332746
A68B,2020-02-15,-64.3595,-56.0444,24.0,2.781479,-2.5202026,-0.006170811830680367,0.052031250000011096
A68B,2020-02-16,-64.3054,-56.073,24.0,2.781479,-2.5202026,-0.015930839380472368,0.06950347222221086
A68B,2020-02-17,-64.2448,-56.112,24.0,2.781479,-2.5202026,-0.021771613248921448,0.07785416666667692
A68B,2020-02-18,-64.185,-56.1546,24.0,2.781479,-2.5202026,-0.023832734383096348,0.07682638888888328
A68B,2020-02-19,-64.1333,-56.1936,24.0,2.781479,-2.5202026,-0.021859390541571856,0.0664201388888847
A68B,2020-02-20,-64.097,-56.2222,24.0,2.698471,-2.6432495,-0.016051162979686825,0.046635416666681216
A68B,2020-02-21,-64.0833,-56.2333,24.0,2.698471,-2.6432495,-0.006232714235229907,0.017600694444444502
A68B,2020-02-22,-64.0907,-56.2195,24.0,2.698471,-2.6432495,0.007746720280274657,-0.009506944444449673
A68B,2020-02-23,-64.1097,-56.1837,24.0,2.698471,-2.6432495,0.020082844239532664,-0.024409722222229233
A68B,2020-02-24,-64.1358,-56.1349,24.0,2.781479,-2.5202026,0.027349801521189758,-0.03353124999999944
A68B,2020-02-25,-64.1642,-56.0817,24.0,2.781479,-2.5202026,0.029785279195295656,-0.036486111111099104
A68B,2020-02-26,-64.1903,-56.0329,24.0,2.781479,-2.5202026,0.027296127552138522,-0.03353124999999944
A68B,2020-02-27,-64.2093,-55.9971,24.0,2.781479,-2.5202026,0.02001088663730132,-0.024409722222229233
A68B,2020-02-28,-64.2167,-55.9833,24.0,2.781479,-2.5202026,0.007711631956381726,-0.009506944444449673
A68B,2020-02-29,-64.2167,-55.9833,24.0,2.781479,-2.5202026,0.0,0.0
A68B,2020-03-01,-64.2167,-55.9833,24.0,2.781479,-2.5202026,0.0,0.0
A68B,2020-03-02,-64.2167,-55.9833,24.0,2.781479,-2.5202026,0.0,0.0
A68B,2020-03-03,-64.2167,-55.9833,24.0,2.781479,-2.5202026,0.0,0.0
A68B,2020-03-04,-64.2167,-55.9833,24.0,2.781479,-2.5202026,0.0,0.0
A68B,2020-03-05,-64.2167,-55.9833,24.0,2.781479,-2.5202026,0.0,0.0
A68B,2020-03-06,-64.2167,-55.9833,24.0,2.781479,-2.5202026,0.0,0.0
A68B,2020-03-07,-64.2315,-55.959,24.0,2.781479,-2.5202026,0.01357191629585199,-0.01901388888888109
A68B,2020-03-08,-64.2696,-55.8929,24.0,2.781479,-2.5202026,0.03686698427702637,-0.048947916666666695
A68B,2020-03-09,-64.3216,-55.7948,24.0,2.781479,-2.5202026,0.05461178005376165,-0.06680555555556418
A68B,2020-03-10,-64.3784,-55.6748,24.0,2.8693695,-2.1080933,0.06666562889525608,-0.07297222222221647
A68B,2020-03-11,-64.4304,-55.5429,24.0,2.8693695,-2.1080933,0.07313793704937943,-0.06680555555556418
A68B,2020-03-12,-64.4685,-55.4091,24.0,2.8693695,-2.1080933,0.07408835108153071,-0.048947916666666695
A68B,2020-03-13,-64.4833,-55.2833,24.0,2.8693695,-2.1080933,0.06962088132066287,-0.01901388888888109
A68B,2020-03-14,-64.4752,-55.14,24.0,2.8693695,-2.1080933,0.0793293082780767,0.01040624999999857
A68B,2020-03-15,-64.4531,-54.9609,24.0,2.8693695,-2.1080933,0.09922787726804586,0.028392361111104273
A68B,2020-03-16,-64.4203,-54.7672,24.0,2.8693695,-2.1080933,0.10744531889851647,0.042138888888900224
A68B,2020-03-17,-64.3802,-54.5798,24.0,2.8693695,-2.1080933,0.10410267053652064,0.05151736111110516
A68B,2020-03-18,-64.3363,-54.4199,24.0,2.781479,-2.5202026,0.08896802853193003,0.056399305555565604
A68B,2020-03-19,-64.2917,-54.3085,24.0,2.781479,-2.5202026,0.06208312581136768,0.05729861111109624
A68B,2020-03-20,-64.25,-54.2667,24.0,2.781479,-2.5202026,0.02333031371880919,0.05357291666667417
A68B,2020-03-21,-64.209,-54.2769,24.0,2.781479,-2.5202026,-0.005701487580259412,0.05267361111110703
A68B,2020-03-22,-64.1647,-54.303,24.0,2.781479,-2.5202026,-0.014612439395075344,0.0569131944444533
A68B,2020-03-23,-64.1178,-54.3388,24.0,2.698471,-2.6432495,-0.02007699452995777,0.06025347222221415
A68B,2020-03-24,-64.069,-54.3779,24.0,2.698471,-2.6432495,-0.021966151895272484,0.06269444444444439
A68B,2020-03-25,-64.0188,-54.4137,24.0,2.698471,-2.6432495,-0.020148463426676446,0.06449305555556044
A68B,2020-03-26,-63.9678,-54.4398,24.0,2.698471,-2.6432495,-0.014716067454202241,0.06552083333333582
A68B,2020-03-27,-63.9167,-54.45,24.0,2.698471,-2.6432495,-0.005761605969635599,0.06564930555555316
A68B,2020-03-28,-63.8641,-54.4083,24.0,2.665268,-2.394226,0.02359896426608966,0.06757638888888658
A68B,2020-03-29,-63.8089,-54.2996,24.0,2.665268,-2.394226,0.06163652137481825,0.07091666666666571
A68B,2020-03-30,-63.7523,-54.1487,24.0,2.665268,-2.394226,0.08573713290945832,0.07271527777778175
A68B,2020-03-31,-63.6953,-53.9803,24.0,2.665268,-2.394226,0.0958731310622564,0.07322916666666031
A68B,2020-04-01,-63.6391,-53.819,24.0,2.665268,-2.394226,0.09201314460094283,0.07220138888889406
A68B,2020-04-02,-63.5847,-53.6895,24.0,2.6506195,-1.5934448,0.0740144252878581,0.06988888888889032
A68B,2020-04-03,-63.5333,-53.6167,24.0,2.6506195,-1.5934448,0.04168323616223358,0.06603472222222351
A68B,2020-04-04,-63.4859,-53.5817,24.0,2.6506195,-1.5934448,0.020073310960855698,0.06089583333332834
A68B,2020-04-05,-63.4417,-53.5499,24.0,2.6506195,-1.5934448,0.018266232994355796,0.05678472222222681
A68B,2020-04-06,-63.3992,-53.5221,24.0,2.6506195,-1.5934448,0.015992286094382475,0.05460069444444042
A68B,2020-04-07,-63.3569,-53.4991,24.0,2.495346,-0.37957764,0.0132505302760231,0.05434374999999658
A68B,2020-04-08,-63.3134,-53.4816,24.0,2.495346,-0.37957764,0.010097179072878297,0.05588541666666878
A68B,2020-04-09,-63.2672,-53.4706,24.0,2.495346,-0.37957764,0.006356977536680375,0.059354166666665265
A68B,2020-04-10,-63.2167,-53.4667,24.0,2.495346,-0.37957764,0.002257780728654756,0.06487847222222164
A68B,2020-04-11,-63.16,-53.4757,24.0,2.495346,-0.37957764,-0.0052204753778360745,0.07284375000000824
A68B,2020-04-12,-63.0974,-53.5014,24.0,1.9914398,0.93096924,-0.014939536323851367,0.08042361111110626
A68B,2020-04-13,-63.031,-53.5419,24.0,1.9914398,0.93096924,-0.023596606460317242,0.08530555555555758
A68B,2020-04-14,-62.9627,-53.5956,24.0,1.9914398,0.93096924,-0.031360626334548024,0.08774652777777867
A68B,2020-04-15,-62.8946,-53.6605,24.0,1.9914398,0.93096924,-0.037989633727238584,0.08748958333333483
A68B,2020-04-16,-62.8286,-53.7348,24.0,1.0920258,2.0735474,-0.04358983511088781,0.08479166666666076
A68B,2020-04-17,-62.7667,-53.8167,24.0,1.0920258,2.0735474,-0.048149654486909464,0.07952430555555735
A68B,2020-04-18,-62.702,-53.9604,24.0,1.0920258,2.0735474,-0.0846676698609353,0.08312152777778033
A68B,2020-04-19,-62.6303,-54.2014,24.0,1.0920258,2.0735474,-0.14234077457206812,0.09211458333333317
A68B,2020-04-20,-62.5579,-54.5096,24.0,0.07347107,2.8606567,-0.1824749944971795,0.0930138888888912
A68B,2020-04-21,-62.4907,-54.8552,24.0,0.07347107,2.8606567,-0.20508030679225112,0.08633333333333296
A68B,2020-04-22,-62.4352,-55.2083,24.0,0.07347107,2.8606567,-0.20992047102527195,0.07130208333332691
A68B,2020-04-23,-62.3973,-55.5387,24.0,0.07347107,2.8606567,-0.196674023892913,0.04869097222222285
A68B,2020-04-24,-62.3833,-55.8167,24.0,0.07347107,2.8606567,-0.16555971203194006,0.017986111111114835
A68B,2020-04-25,-62.4008,-56.0548,24.0,0.07347107,2.8606567,-0.14171493303102387,-0.0224826388888867
A68B,2020-04-26,-62.4461,-56.2848,24.0,0.07347107,2.8606567,-0.1366868070239146,-0.05819791666667252
A68B,2020-04-27,-62.5079,-56.5059,24.0,0.07347107,2.8606567,-0.1311259141952432,-0.07939583333333086
A68B,2020-04-28,-62.5754,-56.7173,24.0,0.07347107,2.8606567,-0.12508930184193515,-0.08671875000000329
A68B,2020-04-29,-62.6372,-56.9179,24.0,1.0920258,2.0735474,-0.11845193679598376,-0.07939583333333086
A68B,2020-04-30,-62.6825,-57.1069,24.0,1.0920258,2.0735474,-0.11143174214607551,-0.058197916666663393
A68B,2020-05-01,-62.7,-57.2833,24.0,1.0920258,2.0735474,-0.10394145528500427,-0.022482638888895824
A68B,2020-05-02,-62.6967,-57.4635,24.0,1.0920258,2.0735474,-0.10619240543583358,0.004239583333337145
A68B,2020-05-03,-62.6878,-57.6549,24.0,1.0920258,2.0735474,-0.112826538641771,0.01143402777777395
A68B,2020-05-04,-62.675,-57.8433,24.0,1.0920258,2.0735474,-0.11110613941208397,0.016444444444451763
A68B,2020-05-05,-62.6599,-58.0145,24.0,1.0920258,2.0735474,-0.10101418520074729,0.019399305555551423
A68B,2020-05-06,-62.644,-58.1544,24.0,1.0920258,2.0735474,-0.08259035685398963,0.020427083333335934
A68B,2020-05-07,-62.6291,-58.2487,24.0,1.0920258,2.0735474,-0.05569824932451936,0.019142361111107575
A68B,2020-05-08,-62.6167,-58.2833,24.0,0.07347107,2.8606567,-0.020445015977004766,0.01593055555555494
A68B,2020-05-09,-62.6063,-58.283,24.0,0.07347107,2.8606567,0.00017733104144820763,0.013361111111116486
A68B,2020-05-10,-62.5961,-58.2806,24.0,0.07347107,2.8606567,0.0014191356641324528,0.013104166666663511
A68B,2020-05-11,-62.5862,-58.2741,24.0,0.07347107,2.8606567,0.0038447733467472534,0.012718750000002306
A68B,2020-05-12,-62.5766,-58.2615,24.0,0.07347107,2.8606567,0.007455352821314216,0.012333333333331975
A68B,2020-05-13,-62.5674,-58.2408,24.0,0.07347107,2.8606567,0.012251869793448432,0.011819444444444284
A68B,2020-05-14,-62.5585,-58.2099,24.0,0.07347107,2.8606567,0.01829449585642242,0.01143402777777395
A68B,2020-05-15,-62.55,-58.1667,24.0,0.07347107,2.8606567,0.02558407778671745,0.010920138888895389
A68C,2020-04-25,-60.3826,-51.0177,24.0,-4.2155914,2.060852,0.0522536937882405,0.04380902777778065
A68C,2020-04-26,-60.3502,-50.9453,24.0,-4.656021,2.397766,0.046013731068562116,0.04162499999999428
A68C,2020-04-27,-60.3205,-50.8837,24.0,-4.656021,2.397766,0.03918545043841584,0.03815624999999779
A68C,2020-04-28,-60.2945,-50.834,24.0,-4.656021,2.397766,0.031640703941600505,0.03340277777778209
A68C,2020-04-29,-60.2734,-50.7973,24.0,-4.656021,2.397766,0.023379543472135052,0.027107638888885045
A68C,2020-04-30,-60.2582,-50.7745,24.0,-4.656021,2.397766,0.014531368664305643,0.01952777777777791
A68C,2020-05-01,-60.25,-50.7667,24.0,-4.656021,2.397766,0.0049725028805806485,0.010534722222225056
A68C,2020-05-02,-60.2464,-50.7736,24.0,-4.656021,2.397766,-0.004399236107332957,0.004624999999998349
A68C,2020-05-03,-60.2441,-50.7928,24.0,-4.656021,2.397766,-0.01224221228185838,0.002954861111108789
A68C,2020-05-04,-60.2425,-50.8216,24.0,-4.656021,2.397766,-0.018364215416157004,0.0020555555555598934
A68C,2020-05-05,-60.241,-50.8576,24.0,-4.656021,2.397766,-0.022956320418046735,0.0019270833333334065
A68C,2020-05-06,-60.2394,-50.8983,24.0,-4.656021,2.397766,-0.025954663170570103,0.002055555555550765
A68C,2020-05-07,-60.237,-50.941,24.0,-4.656021,2.397766,-0.02723207136854205,0.0030833333333352758
A68C,2020-05-08,-60.2333,-50.9833,24.0,-4.656021,2.397766,-0.026980016373581012,0.0047534722222248365
A68C,2020-05-09,-60.2228,-51.0376,24.0,-4.656021,2.397766,-0.03464501857956888,0.013489583333333844
A68C,2020-05-10,-60.2014,-51.1113,24.0,-4.656021,2.397766,-0.047053488682988504,0.027493055555555382
A68C,2020-05-11,-60.1712,-51.1943,24.0,-4.656021,2.397766,-0.0530398045197272,0.03879861111111197
A68C,2020-05-12,-60.134,-51.2764,24.0,-4.656021,2.397766,-0.052524071735261954,0.047791666666664824
A68C,2020-05-13,-60.0918,-51.3476,24.0,-4.982193,2.8381958,-0.045609129583442265,0.05421527777777923
A68C,2020-05-14,-60.0464,-51.3977,24.0,-4.982193,2.8381958,-0.03213713993496574,0.058326388888889885
A68C,2020-05-15,-60.0,-51.4167,24.0,-4.982193,2.8381958,-0.012204861111110056,0.05961111111110911
A68C,2020-05-16,-59.9364,-51.3854,24.0,-4.982193,2.8381958,0.02014454654104024,0.0817083333333346
A68C,2020-05-17,-59.847,-51.3,24.0,-5.28981,3.4212036,0.05511116991220789,0.11485416666666372
A68C,2020-05-18,-59.7447,-51.1735,24.0,-5.28981,3.4212036,0.08188500325426724,0.13142708333333283
A68C,2020-05-19,-59.6425,-51.019,24.0,-5.28981,3.4212036,0.10031541323151227,0.1312986111111155
A68C,2020-05-20,-59.5535,-50.8494,24.0,-5.6423492,3.9837036,0.11041161988989742,0.11434027777777603
A68C,2020-05-21,-59.4906,-50.6776,24.0,-5.6423492,3.9837036,0.11205266950111456,0.08080902777777658
A68C,2020-05-22,-59.4667,-50.5167,24.0,-5.6423492,3.9837036,0.10501766962065429,0.03070486111110801
A68C,2020-05-23,-59.4759,-50.3346,24.0,-5.6423492,3.9837036,0.11882232005664387,-0.011819444444444284
A68C,2020-05-24,-59.4997,-50.108,24.0,-5.6423492,3.9837036,0.1477548947161557,-0.030576388888881527
A68C,2020-05-25,-59.5323,-49.8635,24.0,-5.6423492,3.9837036,0.15927259932570356,-0.04188194444444725
A68C,2020-05-26,-59.5677,-49.6274,24.0,-5.6423492,3.9837036,0.15363909896986586,-0.045479166666670214
A68C,2020-05-27,-59.6003,-49.426,24.0,-5.6423492,3.9837036,0.13093155382883181,-0.04188194444443812
A68C,2020-05-28,-59.6241,-49.2859,24.0,-5.6423492,3.9837036,0.09101549911534886,-0.030576388888890655
A68C,2020-05-29,-59.6333,-49.2333,24.0,-5.28981,3.4212036,0.034162053406981086,-0.011819444444444284
A68C,2020-05-30,-59.6222,-49.2462,24.0,-5.6423492,3.9837036,-0.008380916234192943,0.01426041666666538
A68C,2020-05-31,-59.5936,-49.2796,24.0,-5.6423492,3.9837036,-0.021717902199505968,0.03674305555555208
A68C,2020-06-01,-59.5546,-49.3252,24.0,-5.6423492,3.9837036,-0.029685173454625607,0.05010416666666856
A68C,2020-06-02,-59.512,-49.3748,24.0,5.373001,4.1345215,-0.032329972381072714,0.05472916666666691
A68C,2020-06-03,-59.473,-49.4204,24.0,10.285065,2.5708008,-0.02975707257142233,0.05010416666666856
A68C,2020-06-04,-59.4444,-49.4538,24.0,10.6605835,-10.33139,-0.021814197914092708,0.03674305555555208
A68C,2020-06-05,-59.4333,-49.4667,24.0,5.811493,-9.466858,-0.008428008793770689,0.01426041666666538
A68C,2020-06-06,-59.4333,-49.3494,24.0,-0.3847351,7.6799164,0.07663607996195014,0.0
A68C,2020-06-07,-59.4333,-49.0471,24.0,7.88385,-7.081421,0.1975028727408157,0.0
A68C,2020-06-08,-59.4333,-48.6336,24.0,3.1677399,-10.167374,0.2701536152111361,0.0
A68C,2020-06-09,-59.4333,-48.1831,24.0,7.602463,-1.0141754,0.2943269737669083,0.0
A68C,2020-06-10,-59.4333,-47.7696,24.0,9.568558,-3.9032593,0.2701536152111408,0.0
A68C,2020-06-11,-59.4333,-47.4673,24.0,13.162628,2.2734833,0.19750287274081108,0.0
A68C,2020-06-12,-59.4333,-47.35,24.0,-0.045455933,-8.988632,0.07663607996195014,0.0
A68C,2020-06-13,-59.3997,-47.3694,24.0,8.823837,-4.4749756,-0.012687262612031847,0.04316666666666648
A68C,2020-06-14,-59.313,-47.4194,24.0,5.1059875,-1.0025787,-0.032782758659305494,0.11138541666666725
A68C,2020-06-15,-59.194,-47.4878,24.0,-3.1925201,-4.4107056,-0.04500367086617498,0.15288194444444414
A68C,2020-06-16,-59.0639,-47.5622,24.0,7.9457855,-12.039871,-0.049137650690428906,0.16714236111111866
A68C,2020-06-17,-58.9437,-47.6306,24.0,11.295822,8.568771,-0.04533296345165188,0.15442361111110722
A68C,2020-06-18,-58.8543,-47.6806,24.0,6.046753,-12.985733,-0.033223953203614875,0.11485416666666372
A68C,2020-06-19,-58.8167,-47.7,24.0,1.4441528,4.97583,-0.012904889397868933,0.048305555555561645
A68C,2020-06-20,-58.8129,-47.643,24.0,-1.2702942,12.213272,0.03792058254577843,0.004881944444442195
A68C,2020-06-21,-58.8106,-47.4926,24.0,9.857758,1.0345306,0.10006375145357493,0.002954861111108789
A68C,2020-06-22,-58.809,-47.2802,24.0,5.418106,3.8118439,0.1413199548710303,0.0020555555555598934
A68C,2020-06-23,-58.8078,-47.0369,24.0,11.076294,12.016678,0.1618848139917755,0.0015416666666630736
A68C,2020-06-24,-58.8062,-46.7938,24.0,3.4138184,0.032913208,0.16175920036843494,0.0020555555555598934
A68C,2020-06-25,-58.8038,-46.5822,24.0,0.5704651,-5.170456,0.14080878135708438,0.0030833333333261472
A68C,2020-06-26,-58.8,-46.4333,24.0,4.6588593,1.1451416,0.09909604870622711,0.004881944444451324
A68C,2020-06-27,-58.7559,-46.3402,24.0,5.0057983,2.968872,0.062038714652372866,0.05665625000000032
A68C,2020-06-28,-58.6459,-46.2688,24.0,-6.8440247,-9.532761,0.047729041017648355,0.14131944444444372
A68C,2020-06-29,-58.4892,-46.2096,24.0,-15.326263,-4.964676,0.039751141474459906,0.20131597222222317
A68C,2020-06-30,-58.3053,-46.1528,24.0,14.679932,-1.5931244,0.03833909086144456,0.2362604166666592
A68C,2020-07-01,-58.1135,-46.0887,24.0,-7.8225555,-5.9031677,0.043500789668955896,0.24640972222222304
A68C,2020-07-02,-57.933,-46.0077,24.0,-6.9547424,-4.316986,0.055247882668748374,0.2318923611111138
A68C,2020-07-03,-57.7833,-45.9,24.0,-8.560181,-2.973755,0.07376532700266697,0.19232291666667028
A68C,2020-07-04,-57.645,-45.7197,24.0,-5.8463593,9.167923,0.12396281942307441,0.17767708333332546
A68C,2020-07-05,-57.4942,-45.4444,24.0,7.5974274,5.169388,0.1900644846704079,0.19373611111111602
A68C,2020-07-06,-57.3431,-45.1001,24.0,5.7964935,-9.338516,0.23868435669547972,0.19412152777777722
A68C,2020-07-07,-57.2042,-44.7125,24.0,15.593811,5.3219604,0.2697174342464207,0.17844791666666612
A68C,2020-07-08,-57.0897,-44.3078,24.0,8.7146,5.732483,0.28248957946061093,0.14710069444444393
A68C,2020-07-09,-57.012,-43.9116,24.0,6.2733765,4.5596466,0.2771356375055226,0.0998229166666668
A68C,2020-07-10,-56.9833,-43.55,24.0,6.3408203,4.2685394,0.253128638089918,0.036871527777778565
A68C,2020-07-11,-57.017,-43.2132,24.0,7.800003,6.350464,0.23555460324156718,-0.04329513888889296
A68C,2020-07-12,-57.1051,-42.8751,24.0,9.139679,2.0762787,0.23590327999420083,-0.11318402777777416
A68C,2020-07-13,-57.2283,-42.5366,24.0,11.994049,1.896225,0.2353966575087973,-0.15827777777777405
A68C,2020-07-14,-57.3671,-42.1988,24.0,6.258774,9.082108,0.23402519403286445,-0.17831944444444878
A68C,2020-07-15,-57.5022,-41.8627,24.0,-4.950821,-3.8799896,0.2319893756265283,-0.17356597222222392
A68C,2020-07-16,-57.614,-41.5294,24.0,-9.976456,-9.398407,0.22935156970068316,-0.14363194444443833
A68C,2020-07-17,-57.6833,-41.2,24.0,8.843765,-4.0077515,0.2262354853005627,-0.08903125000000703
A68C,2020-07-18,-57.724,-40.8382,24.0,9.017715,-0.4312439,0.24820905696383963,-0.052288194444436685
A68C,2020-07-19,-57.762,-40.431,24.0,10.454727,9.551331,0.2790618358547219,-0.04881944444444934
A68C,2020-07-20,-57.7962,-40.0141,24.0,6.2926636,4.1332855,0.2854389616866756,-0.04393749999999801
A68C,2020-07-21,-57.825,-39.6235,24.0,-12.735046,-3.3746643,0.26721867091211415,-0.03700000000000506
A68C,2020-07-22,-57.8473,-39.2948,24.0,11.561111,1.8580475,0.22473228727037142,-0.02864930555554812
A68C,2020-07-23,-57.8616,-39.0639,24.0,5.7671814,-10.876938,0.15780371158405765,-0.018371527777785168
A68C,2020-07-24,-57.8667,-38.9667,24.0,1.1478271,-9.06543,0.06641986770361975,-0.006552083333331756
A68C,2020-07-25,-57.866,-38.9515,24.0,11.149796,2.3347168,0.010386848007499552,0.0008993055555580239
A68C,2020-07-26,-57.8639,-38.9414,24.0,-0.79229736,-4.892624,0.006902189885868488,0.002697916666664943
A68C,2020-07-27,-57.8604,-38.9346,24.0,15.412979,5.214676,0.004647470819569953,0.004496527777780991
A68C,2020-07-28,-57.8556,-38.9291,24.0,13.64827,4.392227,0.0037594849805824247,0.006166666666661424
A68C,2020-07-29,-57.8494,-38.9228,24.0,4.7699585,-7.0182343,0.004307060706599733,0.00796527777777747
A68C,2020-07-30,-57.842,-38.9137,24.0,-5.1515656,-1.8837891,0.006222588251887396,0.009506944444449673
A68C,2020-07-31,-57.8333,-38.9,24.0,-3.0122375,-7.8193817,0.00937033485509343,0.011177083333330106
A68C,2020-08-01,-57.7554,-38.8753,24.0,6.431244,-0.36393738,0.01693046732000739,0.10007986111111064
A68C,2020-08-02,-57.5694,-38.8349,24.0,6.6943207,9.420685,0.02783429966345901,0.23895833333333324
A68C,2020-08-03,-57.3191,-38.7795,24.0,9.152054,6.541504,0.03843088641579153,0.3215659722222259
A68C,2020-08-04,-57.0483,-38.7095,24.0,15.629074,1.6476593,0.04891609321178695,0.3479027777777794
A68C,2020-08-05,-56.8006,-38.6253,24.0,7.1078186,-0.057434082,0.05923094331415509,0.31822569444443766
A68C,2020-08-06,-56.6199,-38.5275,24.0,9.127136,1.7259521,0.06912917491081493,0.23214930555555766
A68C,2020-08-07,-56.55,-38.4167,24.0,7.4338226,1.9057312,0.07846308034593336,0.08980208333333856
A68C,2020-08-08,-56.5971,-38.2037,24.0,3.194458,-0.35723877,0.1506483236886967,-0.060510416666667136
A68C,2020-08-09,-56.7185,-37.8373,24.0,-3.7745361,-11.698639,0.25831019346459827,-0.15596527777777944
A68C,2020-08-10,-56.8845,-37.3745,24.0,-1.3510742,-6.783203,0.32483027182250984,-0.21326388888889394
A68C,2020-08-11,-57.0655,-36.8723,24.0,7.0951233,3.4073792,0.3507754877227094,-0.23253472222221885
A68C,2020-08-12,-57.2315,-36.3878,24.0,5.732727,2.328659,0.33689744685446354,-0.2132638888888848
A68C,2020-08-13,-57.3529,-35.978,24.0,-1.956131,4.748825,0.2840161048924756,-0.15596527777777944
A68C,2020-08-14,-57.4,-35.7,24.0,3.5365295,9.72644,0.19242348245071417,-0.060510416666667136
A68C,2020-08-15,-57.3965,-35.5192,24.0,8.234787,8.865204,0.1251564340319351,0.004496527777771863
A68C,2020-08-16,-57.3871,-35.3611,24.0,-6.0621796,-4.736603,0.1094707267024248,0.012076388888897258
A68C,2020-08-17,-57.3738,-35.2226,24.0,2.448578,-5.0607452,0.095934191945619,0.017086805555547684
A68C,2020-08-18,-57.3582,-35.1003,24.0,9.610977,-16.847748,0.08474903465426051,0.02004166666667473
A68C,2020-08-19,-57.3423,-34.9913,24.0,4.848114,-7.4667206,0.07556538382379888,0.020427083333326806
A68C,2020-08-20,-57.3279,-34.8922,24.0,14.063232,5.2132874,0.06872904308512728,0.01850000000000253
A68C,2020-08-21,-57.3167,-34.8,24.0,-4.546631,1.1524506,0.0639631603961425,0.014388888888891869
A68C,2020-08-22,-57.3087,-34.7193,24.0,-0.074020386,8.436569,0.055997292423508135,0.010277777777772081
A68C,2020-08-23,-57.3021,-34.6528,24.0,2.877716,8.285431,0.04615227147526094,0.008479166666665162
A68C,2020-08-24,-57.2961,-34.5944,24.0,0.11239624,-1.0760651,0.0405373281952426,0.007708333333333626
A68C,2020-08-25,-57.2903,-34.5377,24.0,1.7541199,-4.597519,0.03936350798006721,0.00745138888888978
A68C,2020-08-26,-57.2839,-34.4767,24.0,9.7920685,2.2985535,0.042356112910953425,0.008222222222221317
A68C,2020-08-27,-57.2762,-34.4051,24.0,4.834152,7.9699554,0.04972675595123153,0.009892361111110878
A68C,2020-08-28,-57.2667,-34.3167,24.0,12.25531,2.0102234,0.061410327418263744,0.012204861111114617
A68C,2020-08-29,-57.2543,-34.1891,24.0,8.613953,-4.7919617,0.08867189820605115,0.01593055555555494
A68C,2020-08-30,-57.2388,-34.016,24.0,-3.4947357,8.444931,0.12034139190313929,0.01991319444444824
A68C,2020-08-31,-57.2201,-33.8154,24.0,4.2259064,-12.847977,0.13953047817570408,0.024024305555549776
A68C,2020-09-01,-57.1984,-33.6054,24.0,17.756638,3.5615845,0.1461546936748687,0.027878472222225715
A68C,2020-09-02,-57.1739,-33.4042,24.0,17.756638,3.5615845,0.14012300949075202,0.031475694444439546
A68C,2020-09-03,-57.1466,-33.2297,24.0,17.756638,3.5615845,0.12161790436589787,0.03507291666667165
A68C,2020-09-04,-57.1167,-33.1,24.0,16.921677,3.1279907,0.09046754691697864,0.03841319444444164
A68C,2020-09-05,-57.0785,-32.9979,24.0,16.921677,3.1279907,0.07128958998859732,0.04907638888889318
A68C,2020-09-06,-57.0284,-32.8976,24.0,16.921677,3.1279907,0.07012732448509286,0.06436458333333395
A68C,2020-09-07,-56.9698,-32.804,24.0,16.921677,3.1279907,0.06554599190137983,0.0752847222222202
A68C,2020-09-08,-56.906,-32.7224,24.0,16.921677,3.1279907,0.05724049202169321,0.08196527777777846
A68C,2020-09-09,-56.8404,-32.6578,24.0,15.944138,2.5342407,0.04539496671880805,0.08427777777777305
A68C,2020-09-10,-56.7761,-32.6153,24.0,15.944138,2.5342407,0.02991638762093408,0.08260763888889262
A68C,2020-09-11,-56.7167,-32.6,24.0,15.944138,2.5342407,0.01078694079463957,0.07631249999999558
A68C,2020-09-12,-56.6608,-32.6009,24.0,15.944138,2.5342407,-0.0006354686672205343,0.07181597222222372
A68C,2020-09-13,-56.605,-32.6033,24.0,15.001755,1.9365845,-0.001697090974951007,0.07168750000000637
A68C,2020-09-14,-56.5494,-32.6066,24.0,15.001755,1.9365845,-0.0023369338404232117,0.07143055555555339
A68C,2020-09-15,-56.4943,-32.6101,24.0,15.001755,1.9365845,-0.0024821729971736587,0.07078819444443922
A68C,2020-09-16,-56.4398,-32.6134,24.0,15.001755,1.9365845,-0.00234369607958809,0.07001736111111681
A68C,2020-09-17,-56.3861,-32.6158,24.0,15.001755,1.9365845,-0.0017069136008873254,0.0689895833333323
A68C,2020-09-18,-56.3333,-32.6167,24.0,14.2009735,1.593811,-0.000640979682503109,0.06783333333333043
A68C,2020-09-19,-56.2797,-32.6158,24.0,14.2009735,1.593811,0.0006418796485384444,0.06886111111111494
A68C,2020-09-20,-56.2247,-32.6134,24.0,14.2009735,1.593811,0.0017141400991948542,0.07065972222222186
A68C,2020-09-21,-56.1698,-32.6101,24.0,14.2009735,1.593811,0.0023603182429602055,0.07053124999999537
A68C,2020-09-22,-56.1166,-32.6066,24.0,13.5759735,1.6748657,0.0025068349675824325,0.06834722222222724
A68C,2020-09-23,-56.0667,-32.6033,24.0,13.5759735,1.6748657,0.0023666516382530836,0.06410763888889011
A68C,2020-09-24,-56.0217,-32.6009,24.0,13.5759735,1.6748657,0.001723209869596983,0.057812499999993064
A68C,2020-09-25,-55.9833,-32.6,24.0,13.5759735,1.6748657,0.0006468461629222276,0.049333333333337025
A68C,2020-10-10,-55.5753,-32.8179,24.0,12.710739,2.5889282,-0.02512937715457215,0.07451388888888867
A68C,2020-10-11,-55.492,-32.8718,24.0,12.710739,2.5889282,-0.0392296330151799,0.10701736111111272
A68C,2020-10-12,-55.3891,-32.936,24.0,12.710739,2.5889282,-0.04684819379989152,0.13219791666666436
A68C,2020-10-13,-55.2726,-33.0016,24.0,12.791794,3.1836548,-0.048010742830132166,0.14967013888889152
A68C,2020-10-14,-55.1483,-33.0596,24.0,12.791794,3.1836548,-0.04258128125396277,0.15969097222221976
A68C,2020-10-15,-55.0222,-33.1009,24.0,12.981247,3.6143188,-0.03041656531727478,0.1620034722222235
A68C,2020-10-16,-54.9,-33.1167,24.0,12.981247,3.6143188,-0.011671807998071982,0.15699305555555482
A68C,2020-10-17,-54.7752,-33.08,24.0,12.981247,3.6143188,0.027195057303677057,0.16033333333333394
A68C,2020-10-18,-54.6399,-32.9834,24.0,12.981247,3.6143188,0.07182074276132008,0.17382291666666777
A68C,2020-10-19,-54.4982,-32.8467,24.0,12.981247,3.6143188,0.10198843194684719,0.1820451388888891
A68C,2020-10-20,-54.3543,-32.69,24.0,12.981247,3.6143188,0.11732117621023265,0.18487152777777138
A68C,2020-10-21,-54.2123,-32.5333,24.0,12.981247,3.6143188,0.11772626809857349,0.18243055555555943
A68C,2020-10-22,-54.0761,-32.3967,24.0,12.981247,3.6143188,0.1029635659642027,0.17497916666666966
A68C,2020-10-23,-53.95,-32.3,24.0,12.981247,3.6143188,0.07310979348314413,0.16200347222221437
A68C,2020-10-24,-53.833,-32.2375,24.0,12.981247,3.6143188,0.04738543701106382,0.1503125000000057
A68C,2020-10-25,-53.7208,-32.187,24.0,12.981247,3.6143188,0.03838992623137708,0.14414583333333517
A68C,2020-10-26,-53.6126,-32.1438,24.0,12.981247,3.6143188,0.032924923611011916,0.13900694444443998
A68C,2020-10-27,-53.5073,-32.1031,24.0,12.981247,3.6143188,0.031096853996119545,0.13528124999999966
A68C,2020-10-28,-53.4041,-32.0604,24.0,12.981247,3.6143188,0.032704337319358436,0.13258333333333472
A68C,2020-10-29,-53.3019,-32.0109,24.0,12.981247,3.6143188,0.038003533346126606,0.13129861111110633
A68C,2020-10-30,-53.2,-31.95,24.0,12.981247,3.6143188,0.04686735675469353,0.13091319444444513
A68C,2020-10-31,-53.0985,-31.875,24.0,12.981247,3.6143188,0.05785500768274519,0.13039930555555745
A68C,2020-11-01,-52.9982,-31.7871,24.0,12.981247,3.6143188,0.06796404856355613,0.12885763888889437
A68C,2020-11-02,-52.8992,-31.6877,24.0,12.981247,3.6143188,0.0770319199466699,0.12718749999999568
A68C,2020-11-03,-52.8015,-31.578,24.0,12.981247,3.6143188,0.08520564950722623,0.12551736111111528
A68C,2020-11-04,-52.7052,-31.4593,24.0,12.981247,3.6143188,0.09240011706457166,0.12371874999999921
A68C,2020-11-05,-52.6103,-31.3329,24.0,12.981247,3.6143188,0.09860789522884161,0.12192013888888316
A68C,2020-11-06,-52.5167,-31.2,24.0,12.981247,3.6143188,0.10390018672688488,0.12025000000000274
A68D,2020-12-19,-55.52,-36.38,24.0,12.710739,2.5889282,0.0,0.0
A68D,2020-12-20,-55.52,-36.38,24.0,12.710739,2.5889282,0.0,0.0
A68D,2020-12-21,-55.52,-36.38,24.0,12.710739,2.5889282,0.0,0.0
A68D,2020-12-22,-55.52,-36.38,24.0,12.710739,2.5889282,0.0,0.0
A68D,2020-12-23,-55.52,-36.38,24.0,12.710739,2.5889282,0.0,0.0
A68D,2020-12-24,-55.52,-36.38,24.0,12.710739,2.5889282,0.0,0.0
A68D,2020-12-25,-55.52,-36.38,24.0,12.710739,2.5889282,0.0,0.0
A68D,2020-12-26,-55.52,-36.38,24.0,12.710739,2.5889282,0.0,0.0
A68D,2020-12-27,-55.52,-36.38,24.0,12.710739,2.5889282,0.0,0.0
A68D,2020-12-28,-55.52,-36.38,24.0,12.710739,2.5889282,0.0,0.0
A68D,2020-12-29,-55.52,-36.38,24.0,12.710739,2.5889282,0.0,0.0
A68D,2020-12-30,-55.52,-36.38,24.0,12.710739,2.5889282,0.0,0.0
A68D,2020-12-31,-55.52,-36.38,24.0,12.710739,2.5889282,0.0,0.0
A68E,2020-12-24,-56.46,-35.35,24.0,15.001755,1.9365845,0.0,0.0
A68E,2020-12-25,-56.46,-35.35,24.0,15.001755,1.9365845,0.0,0.0
A68E,2020-12-26,-56.46,-35.35,24.0,15.001755,1.9365845,0.0,0.0
A68E,2020-12-27,-56.46,-35.35,24.0,15.001755,1.9365845,0.0,0.0
A68E,2020-12-28,-56.46,-35.35,24.0,15.001755,1.9365845,0.0,0.0
A68E,2020-12-29,-56.46,-35.35,24.0,15.001755,1.9365845,0.0,0.0
A68E,2020-12-30,-56.46,-35.35,24.0,15.001755,1.9365845,0.0,0.0
A68E,2020-12-31,-56.46,-35.35,24.0,15.001755,1.9365845,0.0,0.0
A68F,2020-12-26,-56.49,-35.0,24.0,15.001755,1.9365845,0.0,0.0
A68F,2020-12-27,-56.49,-35.0,24.0,15.001755,1.9365845,0.0,0.0
A68F,2020-12-28,-56.49,-35.0,24.0,15.001755,1.9365845,0.0,0.0
A68F,2020-12-29,-56.49,-35.0,24.0,15.001755,1.9365845,0.0,0.0
A68F,2020-12-30,-56.49,-35.0,24.0,15.001755,1.9365845,0.0,0.0
A68F,2020-12-31,-56.49,-35.0,24.0,15.001755,1.9365845,0.0,0.0
A69,2020-06-27,-68.9785,-60.6428,24.0,-0.52838135,-1.783081,-0.004378106375703101,0.0061666666666705516
A69,2020-06-28,-68.9738,-60.6524,24.0,4.4548035,1.186966,-0.004425136066865334,0.006038194444444065
A69,2020-06-29,-68.969,-60.6619,24.0,1.1502991,2.1075897,-0.004379995276376112,0.0061666666666705516
A69,2020-06-30,-68.9643,-60.6714,24.0,0.701416,-0.05796814,-0.004380929740607071,0.006038194444444065
A69,2020-07-01,-68.9595,-60.6809,24.0,-4.6311493,1.7970276,-0.004381884056635511,0.0061666666666522945
A69,2020-07-02,-68.9548,-60.6905,24.0,-2.3404846,1.5931702,-0.004428953392447076,0.006038194444444065
A69,2020-07-03,-68.95,-60.7,24.0,0.025756836,1.4842529,-0.004383772716429374,0.0061666666666705516
A69A,2020-07-10,-69.0667,-60.5167,24.0,-2.131836,6.583969,0.0,0.0
A69A,2020-07-11,-69.0658,-60.5186,24.0,7.4796906,7.7860107,-0.0008721485488447533,0.0011562500000018695
A69A,2020-07-12,-69.0632,-60.524,24.0,-16.134735,5.765732,-0.0024790320117154497,0.0033402777777791215
A69A,2020-07-13,-69.0592,-60.5322,24.0,-4.5245056,1.420639,-0.0037651429121824003,0.0051388888888769125
A69A,2020-07-14,-69.0539,-60.5428,24.0,2.1259613,-3.356369,-0.004868312439173802,0.00680902777778473
A69A,2020-07-15,-69.0477,-60.5552,24.0,4.4232025,-2.7725677,-0.005696616905910262,0.007965277777768343
A69A,2020-07-16,-69.0408,-60.5689,24.0,2.394638,-2.3661804,-0.006295822285691155,0.008864583333335495
A69A,2020-07-17,-69.0333,-60.5833,24.0,-8.037094,3.763733,-0.006619767996518352,0.00963541666667616
A69A,2020-07-18,-69.0203,-60.6055,24.0,-6.392441,7.3890686,-0.01021151810469963,0.01670138888887735
A69A,2020-07-19,-68.9991,-60.6393,24.0,-2.142929,4.4194946,-0.015562267265751715,0.02723611111112066
A69A,2020-07-20,-68.9734,-60.6796,24.0,6.7799683,-0.09034729,-0.018576689832940828,0.033017361111111754
A69A,2020-07-21,-68.9469,-60.7211,24.0,0.47003174,-3.067047,-0.01915285716624096,0.03404513888888713
A69A,2020-07-22,-68.9233,-60.7585,24.0,-9.295334,3.5787506,-0.017279115730667576,0.03031944444444681
A69A,2020-07-23,-68.9064,-60.7865,24.0,-2.8597717,-2.6523285,-0.01294613636621588,0.021711805555546033
A69A,2020-07-24,-68.9,-60.8,24.0,-12.12854,2.3466797,-0.006243694640832375,0.008222222222221317
A69A,2020-07-25,-68.9,-60.8042,24.0,-14.958603,-2.9484863,-0.0019424827771498219,0.0
A69A,2020-07-26,-68.9,-60.8078,24.0,-4.92218,-4.421921,-0.001664985237554643,0.0
A69A,2020-07-27,-68.9,-60.8109,24.0,-10.962021,1.0340118,-0.0014337372878930892,0.0
A69A,2020-07-28,-68.9,-60.8134,24.0,-2.3107147,3.9791412,-0.0011562397483044825,0.0
A69A,2020-07-29,-68.9,-60.8152,24.0,4.16156,0.7171173,-0.0008324926187756784,0.0
A69A,2020-07-30,-68.9,-60.8163,24.0,5.570114,-0.71777344,-0.0005087454892534466,0.0
A69A,2020-07-31,-68.9,-60.8167,24.0,3.830536,1.0448761,-0.0001849983597279285,0.0
A69A,2020-08-01,-68.8991,-60.8111,24.0,1.1724548,2.2210236,0.002590082469018161,0.0011562500000018695
A69A,2020-08-02,-68.8967,-60.7966,24.0,7.396469,-0.45822144,0.006707191516315892,0.0030833333333444043
A69A,2020-08-03,-68.8934,-60.7762,24.0,4.091507,2.900879,0.009437732854657974,0.004239583333328017
A69A,2020-08-04,-68.8899,-60.7532,24.0,-0.055496216,2.7453156,0.010642265066546485,0.004496527777780991
A69A,2020-08-05,-68.8866,-60.7307,24.0,5.709381,0.9874878,0.01041246461132714,0.004239583333328017
A69A,2020-08-06,-68.8842,-60.7119,24.0,5.5665894,1.7679443,0.008701136437845385,0.0030833333333261472
A69A,2020-08-07,-68.8833,-60.7,24.0,4.8430023,-0.855011,0.005507858255494214,0.0011562500000018695
A69A,2020-08-08,-68.8833,-60.6927,24.0,1.0001221,-2.399231,0.0033787701903463512,0.0
A69A,2020-08-09,-68.8833,-60.6858,24.0,-12.755981,-7.636139,0.003193632097725084,0.0
A69A,2020-08-10,-68.8833,-60.6796,24.0,-16.001465,-6.0722656,0.0028696404356362212,0.0
A69A,2020-08-11,-68.8833,-60.6744,24.0,-12.418549,-3.47641,0.0024067952040830527,0.0
A69A,2020-08-12,-68.8833,-60.6703,24.0,-6.0895386,2.5122528,0.0018976654493729234,0.0
A69A,2020-08-13,-68.8833,-60.6676,24.0,-6.982498,3.9773407,0.0012496821251951988,0.0
A69A,2020-08-14,-68.8833,-60.6667,24.0,-3.0279236,11.097534,0.0004165607083994959,0.0
A69A,2020-08-15,-68.8833,-60.6667,24.0,2.1302948,5.15036,0.0,0.0
A69A,2020-08-16,-68.8833,-60.6667,24.0,0.9778595,1.3298035,0.0,0.0
A69A,2020-08-17,-68.8833,-60.6667,24.0,-1.9752502,4.113083,0.0,0.0
A69A,2020-08-18,-68.8833,-60.6667,24.0,-4.191757,-0.58895874,0.0,0.0
A69A,2020-08-19,-68.8833,-60.6667,24.0,-7.7573547,3.237381,0.0,0.0
A69A,2020-08-20,-68.8833,-60.6667,24.0,-1.5939941,5.2035217,0.0,0.0
A69A,2020-08-21,-68.8833,-60.6667,24.0,-1.6413574,4.868271,0.0,0.0
A69A,2020-08-22,-68.8833,-60.6667,24.0,2.0626984,4.207077,0.0,0.0
A69A,2020-08-23,-68.8833,-60.6667,24.0,6.7312317,3.2825012,0.0,0.0
A69A,2020-08-24,-68.8833,-60.6667,24.0,6.6807556,5.9229584,0.0,0.0
A69A,2020-08-25,-68.8833,-60.6667,24.0,5.296112,-0.05455017,0.0,0.0
A69A,2020-08-26,-68.8833,-60.6667,24.0,-3.3915253,-3.4543762,0.0,0.0
A69A,2020-08-27,-68.8833,-60.6667,24.0,-3.4431915,0.861557,0.0,0.0
A69A,2020-08-28,-68.8833,-60.6667,24.0,-7.3706665,9.515106,0.0,0.0
A69A,2020-08-29,-68.8824,-60.6648,24.0,-3.6536255,4.378937,0.0008794417077787882,0.0011562500000018695
A69A,2020-08-30,-68.88,-60.6601,24.0,7.01503,0.8804779,0.0021756970061385388,0.0030833333333444043
A69A,2020-08-31,-68.8768,-60.6536,24.0,-4.358078,0.089523315,0.0030093777256471554,0.00411111111110153
A69A,2020-09-01,-68.8732,-60.6464,24.0,-9.57637,7.0147095,0.0033340066938873252,0.004625000000007478
A69A,2020-09-02,-68.87,-60.6399,24.0,-9.57637,7.0147095,0.0030103021918387323,0.00411111111110153
A69A,2020-09-03,-68.8676,-60.6352,24.0,-9.57637,7.0147095,0.0021769159662043923,0.0030833333333444043
A69A,2020-09-04,-68.8667,-60.6333,24.0,-9.57637,7.0147095,0.0008800656227175473,0.0011562500000018695
A69A,2020-09-05,-68.8673,-60.6361,24.0,-9.57637,7.0147095,-0.0012969036758620441,-0.0007708333333406654
A69A,2020-09-06,-68.869,-60.6432,24.0,-9.57637,7.0147095,-0.0032883247366347,-0.002184027777777252
A69A,2020-09-07,-68.8715,-60.653,24.0,-9.57637,7.0147095,-0.004538302005743894,-0.0032118055555526346
A69A,2020-09-08,-68.8744,-60.6636,24.0,-9.57637,7.0147095,-0.0049081326975900725,-0.0037256944444403256
A69A,2020-09-09,-68.8776,-60.6734,24.0,-9.227737,6.305725,-0.00453705166598063,-0.004111111111119787
A69A,2020-09-10,-68.8806,-60.6805,24.0,-9.227737,6.305725,-0.003286602117759092,-0.003854166666666813
A69A,2020-09-11,-68.8833,-60.6833,24.0,-9.227737,6.305725,-0.0012959666483521601,-0.0034687500000056084
A69A,2020-09-12,-68.886,-60.6768,24.0,-9.227737,6.305725,0.003008126909802983,-0.0034687499999873517
A69A,2020-09-13,-68.889,-60.6602,24.0,-9.227737,6.305725,0.007681251646732932,-0.003854166666666813
A69A,2020-09-14,-68.8922,-60.6374,24.0,-9.227737,6.305725,0.01054862669056724,-0.004111111111119787
A69A,2020-09-15,-68.8952,-60.6126,24.0,-9.227737,6.305725,0.011472388493339605,-0.003854166666666813
A69A,2020-09-16,-68.8977,-60.5898,24.0,-9.227737,6.305725,0.010546003502775765,-0.0032118055555526346
A69A,2020-09-17,-68.8994,-60.5732,24.0,-9.227737,6.305725,0.0076776402842783755,-0.002184027777777252
A69A,2020-09-18,-68.9,-60.5667,24.0,-9.227737,6.305725,0.0030062233455870535,-0.0007708333333406654
A69A,2020-09-19,-68.9,-60.5676,24.0,-9.227737,6.305725,-0.0004162463093894823,0.0
A69A,2020-09-20,-68.9,-60.57,24.0,-9.227737,6.305725,-0.0011099901583708572,0.0
A69A,2020-09-21,-68.9,-60.5732,24.0,-9.227737,6.305725,-0.0014799868778267143,0.0
A69A,2020-09-22,-68.9,-60.5768,24.0,-9.227737,6.305725,-0.001664985237554643,0.0
A69A,2020-09-23,-68.9,-60.58,24.0,-9.227737,6.305725,-0.0014799868778267143,0.0
A69A,2020-09-24,-68.9,-60.5824,24.0,-9.227737,6.305725,-0.0011099901583708572,0.0
A69A,2020-09-25,-68.9,-60.5833,24.0,-9.227737,6.305725,-0.0004162463093894823,0.0
A69A,2020-10-10,-68.8667,-60.5819,24.0,-9.57637,7.0147095,0.0006484694062150082,0.0
A69A,2020-10-11,-68.8667,-60.5779,24.0,-9.57637,7.0147095,0.0018527697320367682,0.0
A69A,2020-10-12,-68.8667,-60.5717,24.0,-9.57637,7.0147095,0.0028717930846584713,0.0
A69A,2020-10-13,-68.8667,-60.5637,24.0,-9.57637,7.0147095,0.003705539464076827,0.0
A69A,2020-10-14,-68.8667,-60.5544,24.0,-9.57637,7.0147095,0.004307689626986062,0.0
A69A,2020-10-15,-68.8667,-60.5441,24.0,-9.57637,7.0147095,0.004770882059997722,0.0
A69A,2020-10-16,-68.8667,-60.5333,24.0,-9.57637,7.0147095,0.005002478276503552,0.0
A69A,2020-10-17,-68.8667,-60.516,24.0,-9.57637,7.0147095,0.00801322909106289,0.0
A69A,2020-10-18,-68.8667,-60.4891,24.0,-9.57637,7.0147095,0.012459876447953109,0.0
A69A,2020-10-19,-68.8667,-60.457,24.0,-9.57637,7.0147095,0.014868477099603209,0.0
A69A,2020-10-20,-68.8667,-60.4242,24.0,-9.57637,7.0147095,0.015192711802710713,0.0
A69A,2020-10-21,-68.8667,-60.3952,24.0,-9.57637,7.0147095,0.013432580557272328,0.0
A69A,2020-10-22,-68.8667,-60.3746,24.0,-9.57637,7.0147095,0.009541764119995444,0.0
A69A,2020-10-23,-68.8667,-60.3667,24.0,-9.57637,7.0147095,0.003659220220774345,0.0
A69A,2020-10-24,-68.8676,-60.3759,24.0,-9.57637,7.0147095,-0.004261197210442851,-0.0011562500000018695
A69A,2020-10-25,-68.87,-60.3997,24.0,-9.57637,7.0147095,-0.011022337256267256,-0.0030833333333444043
A69A,2020-10-26,-68.8732,-60.4323,24.0,-9.57637,7.0147095,-0.015095641419548498,-0.00411111111110153
A69A,2020-10-27,-68.8768,-60.4677,24.0,-9.227737,6.305725,-0.016389534075057655,-0.004625000000007478
A69A,2020-10-28,-68.88,-60.5003,24.0,-9.227737,6.305725,-0.015091004765984163,-0.00411111111110153
A69A,2020-10-29,-68.8824,-60.5241,24.0,-9.227737,6.305725,-0.01101616455007356,-0.0030833333333444043
A69A,2020-10-30,-68.8833,-60.5333,24.0,-9.227737,6.305725,-0.004258176130299015,-0.0011562500000018695
A69A,2020-10-31,-68.876,-60.477,24.0,-9.227737,6.305725,0.026066782970270378,0.009378472222223187
A69A,2020-11-01,-68.8565,-60.3318,24.0,-9.57637,7.0147095,0.06728651553589193,0.02505208333334341
A69A,2020-11-02,-68.829,-60.1332,24.0,-9.57637,7.0147095,0.0921465893288149,0.03532986111111549
A69A,2020-11-03,-68.7973,-59.9168,24.0,-9.57637,7.0147095,0.10054886739815759,0.04072569444442712
A69A,2020-11-04,-68.7654,-59.7182,24.0,-9.57637,7.0147095,0.09241063647629623,0.04098263888889835
A69A,2020-11-05,-68.7372,-59.573,24.0,-9.57637,7.0147095,0.06764863435466772,0.03622916666666439
A69A,2020-11-06,-68.7167,-59.5167,24.0,-9.57637,7.0147095,0.02625426803365867,0.026336805555553514
A69B,2020-07-11,-68.885,-60.538,24.0,7.4796906,7.7860107,-0.017586767558232717,0.019270833333334066
A69B,2020-07-12,-68.8731,-60.5689,24.0,-14.357391,6.4044037,-0.014308510023468465,0.01528819444445902
A69B,2020-07-13,-68.864,-60.5933,24.0,-4.4707947,1.8483734,-0.011303273205378982,0.011690972222208669
A69B,2020-07-14,-68.8574,-60.6114,24.0,2.0243988,-3.3583221,-0.00838730347818443,0.00847916666667429
A69B,2020-07-15,-68.8531,-60.6239,24.0,4.397812,-2.8780365,-0.005793460727991083,0.005524305555556374
A69B,2020-07-16,-68.8507,-60.631,24.0,2.3965912,-2.2948914,-0.0032910420423400686,0.0030833333333261472
A69B,2020-07-17,-68.85,-60.6333,24.0,-8.218735,4.069397,-0.001066145879655354,0.0008993055555671524
A69B,2020-07-18,-68.8546,-60.6231,24.0,-6.670761,7.7064514,0.0047271439887230995,-0.005909722222235835
A69B,2020-07-19,-68.8665,-60.597,24.0,-2.1214447,4.4761353,0.01208943167557777,-0.015288194444440763
A69B,2020-07-20,-68.8828,-60.5612,24.0,6.7799683,-0.09034729,0.016570233701894796,-0.020940972222223624
A69B,2020-07-21,-68.9005,-60.5221,24.0,0.47003174,-3.067047,0.01808318069094134,-0.022739583333321416
A69B,2020-07-22,-68.9168,-60.4863,24.0,-9.295334,3.5787506,0.016544770795661766,-0.020940972222223624
A69B,2020-07-23,-68.9287,-60.4602,24.0,-2.8597717,-2.6523285,0.012055471457604596,-0.01528819444445902
A69B,2020-07-24,-68.9333,-60.45,24.0,-12.12854,2.3466797,0.004710351935951838,-0.005909722222217578
A69B,2020-07-25,-68.9306,-60.4505,24.0,-14.958603,-2.9484863,-0.000230927851794252,0.0034687500000056084
A69B,2020-07-26,-68.923,-60.4519,24.0,-4.92218,-4.421921,-0.0006468206062612356,0.00976388888888439
A69B,2020-07-27,-68.9118,-60.4539,24.0,-10.962021,1.0340118,-0.0009244980841485463,0.014388888888891869
A69B,2020-07-28,-68.8978,-60.4566,24.0,-2.3107147,3.9791412,-0.0012488631877383216,0.017986111111105707
A69B,2020-07-29,-68.8821,-60.4597,24.0,4.16156,0.7171173,-0.0014348980284472534,0.020170138888901217
A69B,2020-07-30,-68.8659,-60.4631,24.0,5.474411,-0.3076172,-0.0015749111597344856,0.02081249999999714
A69B,2020-07-31,-68.85,-60.4667,24.0,3.2172546,1.7646027,-0.0016687500725080422,0.020427083333335934
A69B,2020-08-01,-68.8318,-60.4717,24.0,1.9527283,2.0784454,-0.002319611329300788,0.023381944444435594
A69B,2020-08-02,-68.809,-60.4788,24.0,7.2236176,-0.17501831,-0.0032972326810889745,0.029291666666671427
A69B,2020-08-03,-68.7838,-60.4873,24.0,5.902054,3.003418,-0.003951869012776567,0.03237499999999758
A69B,2020-08-04,-68.7583,-60.4962,24.0,-0.29084778,2.4210968,-0.004142582813540234,0.032760416666658784
A69B,2020-08-05,-68.7344,-60.5046,24.0,6.660553,0.9533081,-0.003914048834584855,0.03070486111112627
A69B,2020-08-06,-68.7143,-60.5118,24.0,5.621277,1.7122803,-0.0033579228429493706,0.025822916666665818
A69B,2020-08-07,-68.7,-60.5167,24.0,4.4699554,-0.6802063,-0.002286716947386831,0.018371527777766912
A69B,2020-08-08,-68.6904,-60.5202,24.0,0.7930908,-2.5125122,-0.001634071161804214,0.012333333333341103
A69B,2020-08-09,-68.6825,-60.5236,24.0,-11.2960205,-7.5785217,-0.0015879444940281179,0.010149305555545595
A69B,2020-08-10,-68.6758,-60.5267,24.0,-15.208496,-6.90625,-0.0014482655884143344,0.008607638888900778
A69B,2020-08-11,-68.6698,-60.5294,24.0,-11.923431,-3.6287537,-0.0012617309803066637,0.007708333333333626
A69B,2020-08-12,-68.6639,-60.5315,24.0,-6.2457886,2.594284,-0.000981605098703532,0.0075798611111071385
A69B,2020-08-13,-68.6575,-60.5328,24.0,-6.748123,4.2595673,-0.0006078340655471994,0.008222222222221317
A69B,2020-08-14,-68.65,-60.5333,24.0,-3.2222595,10.692261,-0.00023386064935775375,0.009635416666657903
A69B,2020-08-15,-68.6403,-60.5333,24.0,1.8500214,5.259735,0.0,0.012461805555567591
A69B,2020-08-16,-68.6284,-60.5333,24.0,2.1214142,1.4723816,0.0,0.015288194444440763
A69B,2020-08-17,-68.6157,-60.5333,24.0,-1.5377502,4.2429657,0.0,0.016315972222216146
A69B,2020-08-18,-68.6036,-60.5333,24.0,-4.2601166,-0.29403687,0.0,0.015545138888893738
A69B,2020-08-19,-68.5932,-60.5333,24.0,-7.446808,3.7959747,0.0,0.013361111111116486
A69B,2020-08-20,-68.586,-60.5333,24.0,-1.6242676,5.617584,0.0,0.009249999999996698
A69B,2020-08-21,-68.5833,-60.5333,24.0,-1.9812012,4.649521,0.0,0.0034687500000056084
A69B,2020-08-22,-68.5833,-60.5333,24.0,1.7150421,4.4424286,0.0,0.0
A69B,2020-08-23,-68.5833,-60.5333,24.0,8.011505,3.8225403,0.0,0.0
A69B,2020-08-24,-68.5833,-60.5333,24.0,8.565521,6.165146,0.0,0.0
A69B,2020-08-25,-68.5833,-60.5333,24.0,4.75412,0.68177795,0.0,0.0
A69B,2020-08-26,-68.5833,-60.5333,24.0,-3.0135956,-3.303009,0.0,0.0
A69B,2020-08-27,-68.5833,-60.5333,24.0,-3.8094025,1.0539398,0.0,0.0
A69B,2020-08-28,-68.5833,-60.5333,24.0,-5.380432,10.544403,0.0,0.0
A69B,2020-08-29,-68.5824,-60.5324,24.0,-4.719055,4.738312,0.00042221944926462934,0.0011562499999836124
A69B,2020-08-30,-68.58,-60.53,24.0,6.1517487,0.98594666,0.0011260387658331055,0.0030833333333444043
A69B,2020-08-31,-68.5768,-60.5268,24.0,-5.193039,0.85905457,0.0015015987671504435,0.00411111111110153
A69B,2020-09-01,-68.5732,-60.5232,24.0,-9.899612,7.676819,0.0016895691290780366,0.004625000000007478
A69B,2020-09-02,-68.57,-60.52,24.0,-9.899612,7.676819,0.0015020529619341556,0.004111111111119787
A69B,2020-09-03,-68.5676,-60.5176,24.0,-9.899612,7.676819,0.0011266599456941538,0.0030833333333261472
A69B,2020-09-04,-68.5667,-60.5167,24.0,-9.899612,7.676819,0.0004225143859787393,0.0011562500000018695
A69B,2020-09-05,-68.5667,-60.5176,24.0,-9.899612,7.676819,-0.0004225143859787393,0.0
A69B,2020-09-06,-68.5667,-60.52,24.0,-9.899612,7.676819,-0.0011267050292755262,0.0
A69B,2020-09-07,-68.5667,-60.5232,24.0,-9.899612,7.676819,-0.0015022733723662563,0.0
A69B,2020-09-08,-68.5667,-60.5268,24.0,-9.899612,7.676819,-0.0016900575439116215,0.0
A69B,2020-09-09,-68.5667,-60.53,24.0,-9.899612,7.676819,-0.0015022733723662563,0.0
A69B,2020-09-10,-68.5667,-60.5324,24.0,-9.899612,7.676819,-0.0011267050292755262,0.0
A69B,2020-09-11,-68.5667,-60.5333,24.0,-9.899612,7.676819,-0.0004225143859754036,0.0
A69B,2020-09-12,-68.5676,-60.5296,24.0,-9.899612,7.676819,0.0017369340829416788,-0.0011562500000018695
A69B,2020-09-13,-68.57,-60.5201,24.0,-9.899612,7.676819,0.004459219730743797,-0.0030833333333261472
A69B,2020-09-14,-68.5732,-60.5071,24.0,-9.899612,7.676819,0.006101221855005319,-0.004111111111119787
A69B,2020-09-15,-68.5768,-60.4929,24.0,-9.899612,7.676819,0.006663344529231968,-0.004625000000007478
A69B,2020-09-16,-68.58,-60.4799,24.0,-9.899612,7.676819,0.006099376648257933,-0.00411111111110153
A69B,2020-09-17,-68.5824,-60.4704,24.0,-9.899612,7.676819,0.004456760853378126,-0.0030833333333444043
A69B,2020-09-18,-68.5833,-60.4667,24.0,-9.899612,7.676819,0.0017357215578792072,-0.0011562499999836124
A69B,2020-09-19,-68.5833,-60.468,24.0,-9.899612,7.676819,-0.0006098481149316132,0.0
A69B,2020-09-20,-68.5833,-60.4716,24.0,-9.899612,7.676819,-0.0016888101644247236,0.0
A69B,2020-09-21,-68.5833,-60.4768,24.0,-9.899612,7.676819,-0.0024393924597231197,0.0
A69B,2020-09-22,-68.5833,-60.4828,24.0,-9.899612,7.676819,-0.0028146836073756508,0.0
A69B,2020-09-23,-68.5833,-60.4892,24.0,-9.899612,7.676819,-0.0030023291812002494,0.0
A69B,2020-09-24,-68.5833,-60.4951,24.0,-9.899612,7.676819,-0.0027677722139211676,0.0
A69B,2020-09-25,-68.5833,-60.5,24.0,-9.899612,7.676819,-0.0022986582793563374,0.0
A69B,2020-10-10,-68.5667,-60.55,24.0,-9.899612,7.676819,0.0,0.0
A69B,2020-10-11,-68.5667,-60.55,24.0,-9.899612,7.676819,0.0,0.0
A69B,2020-10-12,-68.5667,-60.55,24.0,-9.899612,7.676819,0.0,0.0
A69B,2020-10-13,-68.5667,-60.55,24.0,-9.899612,7.676819,0.0,0.0
A69B,2020-10-14,-68.5667,-60.55,24.0,-9.899612,7.676819,0.0,0.0
A69B,2020-10-15,-68.5667,-60.55,24.0,-9.899612,7.676819,0.0,0.0
A69B,2020-10-16,-68.5667,-60.55,24.0,-9.899612,7.676819,0.0,0.0
A69B,2020-10-17,-68.5713,-60.538,24.0,-9.899612,7.676819,0.005632372995803318,-0.005909722222217578
A69B,2020-10-18,-68.5832,-60.507,24.0,-9.899612,7.676819,0.01454259668186255,-0.01528819444445902
A69B,2020-10-19,-68.5995,-60.4647,24.0,-9.899612,7.676819,0.019829214290774867,-0.020940972222223624
A69B,2020-10-20,-68.6172,-60.4186,24.0,-9.899612,7.676819,0.02159352639466456,-0.022739583333321416
A69B,2020-10-21,-68.6335,-60.3763,24.0,-9.57637,7.0147095,0.0197991860014276,-0.020940972222223624
A69B,2020-10-22,-68.6454,-60.3453,24.0,-9.57637,7.0147095,0.014502338251219644,-0.015288194444440763
A69B,2020-10-23,-68.65,-60.3333,24.0,-9.57637,7.0147095,0.005612655584639264,-0.005909722222235835
A69B,2020-10-24,-68.6491,-60.3545,24.0,-9.57637,7.0147095,-0.009916089995580806,0.0011562500000018695
A69B,2020-10-25,-68.6466,-60.4093,24.0,-9.57637,7.0147095,-0.02563501820446984,0.0032118055555526346
A69B,2020-10-26,-68.6426,-60.4842,24.0,-9.57637,7.0147095,-0.03504390006703601,0.00513888888889517
A69B,2020-10-27,-68.6374,-60.5658,24.0,-9.57637,7.0147095,-0.03818752899622108,0.006680555555558243
A69B,2020-10-28,-68.6312,-60.6407,24.0,-9.57637,7.0147095,-0.03506173036076945,0.007965277777768343
A69B,2020-10-29,-68.6243,-60.6955,24.0,-9.899612,7.676819,-0.025660536575575762,0.008864583333335495
A69B,2020-10-30,-68.6167,-60.7167,24.0,-9.899612,7.676819,-0.009930433023176486,0.009763888888902648
A69B,2020-10-31,-68.6048,-60.6908,24.0,-9.899612,7.676819,0.012138426175419006,0.015288194444440763
A69B,2020-11-01,-68.5862,-60.6242,24.0,-9.899612,7.676819,0.03123895633238706,0.023895833333323284
A69B,2020-11-02,-68.5629,-60.533,24.0,-9.899612,7.676819,0.042822024406138984,0.029934027777785605
A69B,2020-11-03,-68.5372,-60.4337,24.0,-9.899612,7.676819,0.046678555692484525,0.033017361111111754
A69B,2020-11-04,-68.5111,-60.3425,24.0,-9.899612,7.676819,0.04292060682247892,0.03353124999999944
A69B,2020-11-05,-68.4869,-60.2759,24.0,-9.899612,7.676819,0.031376962011271964,0.031090277777769217
A69B,2020-11-06,-68.4667,-60.25,24.0,-9.899612,7.676819,0.012213064947815279,0.02595138888889231
B09B,2020-01-01,-66.2667,143.3333,24.0,2.962143,-1.0377808,0.0,0.0
B09B,2020-01-02,-66.2667,143.3333,24.0,2.962143,-1.0377808,0.0,0.0
B09B,2020-01-03,-66.2667,143.3333,24.0,2.962143,-1.0377808,0.0,0.0
B09B,2020-01-04,-66.2667,143.3333,24.0,2.962143,-1.0377808,0.0,0.0
B09B,2020-01-05,-66.2667,143.3333,24.0,2.962143,-1.0377808,0.0,0.0
B09B,2020-01-06,-66.2667,143.3333,24.0,2.962143,-1.0377808,0.0,0.0
B09B,2020-01-07,-66.2667,143.3333,24.0,2.962143,-1.0377808,0.0,0.0
B09B,2020-01-08,-66.2667,143.3333,24.0,2.962143,-1.0377808,0.0,0.0
B09B,2020-01-09,-66.2667,143.3333,24.0,2.962143,-1.0377808,0.0,0.0
B09B,2020-01-10,-66.2667,143.3333,24.0,2.962143,-1.0377808,0.0,0.0
B09B,2020-01-11,-66.2667,143.3333,24.0,2.962143,-1.0377808,0.0,0.0
B09B,2020-01-12,-66.2667,143.3333,24.0,2.962143,-1.0377808,0.0,0.0
B09B,2020-01-13,-66.2667,143.3333,24.0,2.962143,-1.0377808,0.0,0.0
B09B,2020-01-14,-66.2667,143.3333,24.0,2.962143,-1.0377808,0.0,0.0
B09B,2020-01-15,-66.2667,143.3333,24.0,2.962143,-1.0377808,0.0,0.0
B09B,2020-01-16,-66.2667,143.3333,24.0,2.962143,-1.0377808,0.0,0.0
B09B,2020-01-17,-66.2667,143.3333,24.0,2.962143,-1.0377808,0.0,0.0
B09B,2020-01-18,-66.2658,143.337,24.0,2.962143,-1.0377808,0.0019132453149474833,0.0011562500000018695
B09B,2020-01-19,-66.2634,143.3465,24.0,2.962143,-1.0377808,0.004912854612142029,0.0030833333333261472
B09B,2020-01-20,-66.2601,143.3596,24.0,2.962143,-1.0377808,0.006775455258147665,0.004239583333346274
B09B,2020-01-21,-66.2566,143.3737,24.0,2.962143,-1.0377808,0.007293678492393813,0.004496527777762734
B09B,2020-01-22,-66.2533,143.3868,24.0,2.627182,-0.9850464,0.006777283602775097,0.004239583333346274
B09B,2020-01-23,-66.2509,143.3963,24.0,2.627182,-0.9850464,0.004915291934504201,0.0030833333333261472
B09B,2020-01-24,-66.25,143.4,24.0,2.627182,-0.9850464,0.0019144452028401853,0.0011562500000018695
B09B,2020-01-25,-66.25,143.3945,24.0,2.627182,-0.9850464,-0.002845796923140021,0.0
B09B,2020-01-26,-66.25,143.3802,24.0,2.627182,-0.9850464,-0.007399072000143467,0.0
B09B,2020-01-27,-66.25,143.3606,24.0,2.962143,-1.0377808,-0.01014138539880246,0.0
B09B,2020-01-28,-66.25,143.3394,24.0,2.962143,-1.0377808,-0.010969253594621269,0.0
B09B,2020-01-29,-66.25,143.3198,24.0,2.962143,-1.0377808,-0.010141385398817166,0.0
B09B,2020-01-30,-66.25,143.3055,24.0,2.962143,-1.0377808,-0.007399072000143467,0.0
B09B,2020-01-31,-66.25,143.3,24.0,2.962143,-1.0377808,-0.002845796923125315,0.0
B09B,2020-02-01,-66.25,143.3021,24.0,2.962143,-1.0377808,0.001086577007006671,0.0
B09B,2020-02-02,-66.25,143.3076,24.0,2.962143,-1.0377808,0.002845796923140021,0.0
B09B,2020-02-03,-66.25,143.3155,24.0,2.962143,-1.0377808,0.004087599216853528,0.0
B09B,2020-02-04,-66.25,143.3247,24.0,2.962143,-1.0377808,0.004760242125980207,0.0
B09B,2020-02-05,-66.25,143.3343,24.0,2.962143,-1.0377808,0.004967209174927555,0.0
B09B,2020-02-06,-66.25,143.343,24.0,2.962143,-1.0377808,0.004501533314762932,0.0
B09B,2020-02-07,-66.25,143.35,24.0,2.962143,-1.0377808,0.0036219233567183155,0.0
B09B,2020-02-08,-66.25,143.356,24.0,2.962143,-1.0377808,0.0031045057343278837,0.0
B09B,2020-02-09,-66.25,143.3624,24.0,2.962143,-1.0377808,0.003311472783289939,0.0
B09B,2020-02-10,-66.25,143.3687,24.0,2.962143,-1.0377808,0.0032597310210347196,0.0
B09B,2020-02-11,-66.25,143.3744,24.0,2.962143,-1.0377808,0.002949280447621048,0.0
B09B,2020-02-12,-66.25,143.379,24.0,2.627182,-0.9850464,0.0023801210629753973,0.0
B09B,2020-02-13,-66.25,143.3822,24.0,2.627182,-0.9850464,0.001655736391652322,0.0
B09B,2020-02-14,-66.25,143.3833,24.0,2.627182,-0.9850464,0.0005691593846162395,0.0
B09B,2020-02-15,-66.25,143.3833,24.0,2.627182,-0.9850464,0.0,0.0
B09B,2020-02-16,-66.25,143.3833,24.0,2.627182,-0.9850464,0.0,0.0
B09B,2020-02-17,-66.25,143.3833,24.0,2.627182,-0.9850464,0.0,0.0
B09B,2020-02-18,-66.25,143.3833,24.0,2.627182,-0.9850464,0.0,0.0
B09B,2020-02-19,-66.25,143.3833,24.0,2.627182,-0.9850464,0.0,0.0
B09B,2020-02-20,-66.25,143.3833,24.0,2.627182,-0.9850464,0.0,0.0
B09B,2020-02-21,-66.25,143.3833,24.0,2.627182,-0.9850464,0.0,0.0
B09B,2020-02-22,-66.25,143.3804,24.0,2.627182,-0.9850464,-0.0015005111049160751,0.0
B09B,2020-02-23,-66.25,143.3727,24.0,2.962143,-1.0377808,-0.0039841156923872065,0.0
B09B,2020-02-24,-66.25,143.3618,24.0,2.962143,-1.0377808,-0.005639852084039529,0.0
B09B,2020-02-25,-66.25,143.3491,24.0,2.962143,-1.0377808,-0.006571203804324658,0.0
B09B,2020-02-26,-66.25,143.3364,24.0,2.962143,-1.0377808,-0.006571203804324658,0.0
B09B,2020-02-27,-66.25,143.3251,24.0,2.962143,-1.0377808,-0.005846819132986878,0.0
B09B,2020-02-28,-66.25,143.3167,24.0,2.962143,-1.0377808,-0.004346308028056096,0.0
B09B,2020-02-29,-66.2491,143.3102,24.0,2.962143,-1.0377808,-0.0033633346087057446,0.0011562500000018695
B09B,2020-03-01,-66.2467,143.3036,24.0,2.962143,-1.0377808,-0.0034154033081433242,0.0030833333333261472
B09B,2020-03-02,-66.2434,143.2973,24.0,2.962143,-1.0377808,-0.003260584374567075,0.004239583333346274
B09B,2020-03-03,-66.2399,143.2918,24.0,2.962143,-1.0377808,-0.002846936970073386,0.004496527777762734
B09B,2020-03-04,-66.2366,143.2873,24.0,2.962143,-1.0377808,-0.002329616815757415,0.004239583333346274
B09B,2020-03-05,-66.2342,143.2844,24.0,2.962143,-1.0377808,-0.001501451443471302,0.0030833333333261472
B09B,2020-03-06,-66.2333,143.2833,24.0,2.962143,-1.0377808,-0.0005695363806923667,0.0011562500000018695
B09B,2020-03-07,-66.2342,143.2842,24.0,2.962143,-1.0377808,0.00046596768935671447,-0.0011562500000018695
B09B,2020-03-08,-66.2366,143.2866,24.0,2.962143,-1.0377808,0.0012424623017323832,-0.0030833333333261472
B09B,2020-03-09,-66.2399,143.2899,24.0,2.962143,-1.0377808,0.0017081621820381472,-0.004239583333346274
B09B,2020-03-10,-66.2434,143.2934,24.0,2.962143,-1.0377808,0.0018114357636549127,-0.004496527777762734
B09B,2020-03-11,-66.2467,143.2967,24.0,2.962143,-1.0377808,0.001707701654064308,-0.004239583333346274
B09B,2020-03-12,-66.2491,143.2991,24.0,2.962143,-1.0377808,0.001241846624766918,-0.0030833333333261472
B09B,2020-03-13,-66.25,143.3,24.0,2.962143,-1.0377808,0.00046567586014991785,-0.0011562500000018695
B09B,2020-03-14,-66.25,143.3,24.0,2.962143,-1.0377808,0.0,0.0
B09B,2020-03-15,-66.25,143.3,24.0,2.962143,-1.0377808,0.0,0.0
B09B,2020-03-16,-66.25,143.3,24.0,2.962143,-1.0377808,0.0,0.0
B09B,2020-03-17,-66.25,143.3,24.0,2.962143,-1.0377808,0.0,0.0
B09B,2020-03-18,-66.25,143.3,24.0,2.962143,-1.0377808,0.0,0.0
B09B,2020-03-19,-66.25,143.3,24.0,2.962143,-1.0377808,0.0,0.0
B09B,2020-03-20,-66.25,143.3,24.0,2.962143,-1.0377808,0.0,0.0
B09B,2020-03-21,-66.2491,143.2989,24.0,2.962143,-1.0377808,-0.0005691797030169452,0.0011562500000018695
B09B,2020-03-22,-66.2467,143.2957,24.0,2.962143,-1.0377808,-0.0016559531190908797,0.0030833333333261472
B09B,2020-03-23,-66.2434,143.2911,24.0,2.962143,-1.0377808,-0.002380744146521668,0.004239583333346274
B09B,2020-03-24,-66.2399,143.2854,24.0,2.962143,-1.0377808,-0.0029504619507918256,0.004496527777762734
B09B,2020-03-25,-66.2366,143.2791,24.0,2.962143,-1.0377808,-0.0032614635420603806,0.004239583333346274
B09B,2020-03-26,-66.2342,143.2727,24.0,2.962143,-1.0377808,-0.003313548013204939,0.0030833333333261472
B09B,2020-03-27,-66.2333,143.2667,24.0,2.962143,-1.0377808,-0.003106562076481076,0.0011562500000018695
B09B,2020-03-28,-66.2333,143.2597,24.0,2.962143,-1.0377808,-0.0036243224225489916,0.0
B09B,2020-03-29,-66.2333,143.251,24.0,2.962143,-1.0377808,-0.004504515010899767,0.0
B09B,2020-03-30,-66.2333,143.2414,24.0,2.962143,-1.0377808,-0.004970499322372664,0.0
B09B,2020-03-31,-66.2333,143.2322,24.0,2.962143,-1.0377808,-0.004763395183933724,0.0
B09B,2020-04-01,-66.2333,143.2243,24.0,2.962143,-1.0377808,-0.004090306734036604,0.0
B09B,2020-04-02,-66.2333,143.2188,24.0,2.962143,-1.0377808,-0.002847681903447118,0.0
B09B,2020-04-03,-66.2333,143.2167,24.0,2.962143,-1.0377808,-0.0010872967267602828,0.0
B09B,2020-04-04,-66.2333,143.2167,24.0,2.962143,-1.0377808,0.0,0.0
B09B,2020-04-05,-66.2333,143.2167,24.0,2.962143,-1.0377808,0.0,0.0
B09B,2020-04-06,-66.2333,143.2167,24.0,2.962143,-1.0377808,0.0,0.0
B09B,2020-04-07,-66.2333,143.2167,24.0,2.962143,-1.0377808,0.0,0.0
B09B,2020-04-08,-66.2333,143.2167,24.0,2.962143,-1.0377808,0.0,0.0
B09B,2020-04-09,-66.2333,143.2167,24.0,2.962143,-1.0377808,0.0,0.0
B09B,2020-04-10,-66.2333,143.2167,24.0,2.962143,-1.0377808,0.0,0.0
B09B,2020-04-11,-66.2333,143.2158,24.0,2.962143,-1.0377808,-0.00046598431147289713,0.0
B09B,2020-04-12,-66.2333,143.2134,24.0,2.962143,-1.0377808,-0.001242624830589487,0.0
B09B,2020-04-13,-66.2333,143.2101,24.0,2.962143,-1.0377808,-0.0017086091420623842,0.0
B09B,2020-04-14,-66.2333,143.2066,24.0,2.962143,-1.0377808,-0.0018121612112818538,0.0
B09B,2020-04-15,-66.2333,143.2033,24.0,2.962143,-1.0377808,-0.0017086091420623842,0.0
B09B,2020-04-16,-66.2333,143.2009,24.0,2.962143,-1.0377808,-0.0012426248306042027,0.0
B09B,2020-04-17,-66.2333,143.2,24.0,2.962143,-1.0377808,-0.00046598431147289713,0.0
B09B,2020-04-18,-66.2333,143.2,24.0,2.962143,-1.0377808,0.0,0.0
B09B,2020-04-19,-66.2333,143.2,24.0,2.962143,-1.0377808,0.0,0.0
B09B,2020-04-20,-66.2333,143.2,24.0,2.962143,-1.0377808,0.0,0.0
B09B,2020-04-21,-66.2333,143.2,24.0,2.962143,-1.0377808,0.0,0.0
B09B,2020-04-22,-66.2333,143.2,24.0,2.962143,-1.0377808,0.0,0.0
B09B,2020-04-23,-66.2333,143.2,24.0,2.962143,-1.0377808,0.0,0.0
B09B,2020-04-24,-66.2333,143.2,24.0,2.962143,-1.0377808,0.0,0.0
B09B,2020-04-25,-66.2333,143.1991,24.0,2.962143,-1.0377808,-0.00046598431147289713,0.0
B09B,2020-04-26,-66.2333,143.1967,24.0,2.962143,-1.0377808,-0.001242624830589487,0.0
B09B,2020-04-27,-66.2333,143.1934,24.0,2.962143,-1.0377808,-0.0017086091420623842,0.0
B09B,2020-04-28,-66.2333,143.1899,24.0,2.962143,-1.0377808,-0.0018121612112818538,0.0
B09B,2020-04-29,-66.2333,143.1866,24.0,2.962143,-1.0377808,-0.0017086091420623842,0.0
B09B,2020-04-30,-66.2333,143.1842,24.0,2.962143,-1.0377808,-0.001242624830589487,0.0
B09B,2020-05-01,-66.2333,143.1833,24.0,2.962143,-1.0377808,-0.00046598431147289713,0.0
B09B,2020-05-02,-66.2333,143.1833,24.0,2.962143,-1.0377808,0.0,0.0
B09B,2020-05-03,-66.2333,143.1833,24.0,2.962143,-1.0377808,0.0,0.0
B09B,2020-05-04,-66.2333,143.1833,24.0,2.962143,-1.0377808,0.0,0.0
B09B,2020-05-05,-66.2333,143.1833,24.0,2.962143,-1.0377808,0.0,0.0
B09B,2020-05-06,-66.2333,143.1833,24.0,2.962143,-1.0377808,0.0,0.0
B09B,2020-05-07,-66.2333,143.1833,24.0,2.962143,-1.0377808,0.0,0.0
B09B,2020-05-08,-66.2333,143.1833,24.0,2.962143,-1.0377808,0.0,0.0
B09B,2020-05-09,-66.2333,143.1833,24.0,2.962143,-1.0377808,0.0,0.0
B09B,2020-05-10,-66.2333,143.1833,24.0,2.962143,-1.0377808,0.0,0.0
B09B,2020-05-11,-66.2333,143.1833,24.0,2.962143,-1.0377808,0.0,0.0
B09B,2020-05-12,-66.2333,143.1833,24.0,2.962143,-1.0377808,0.0,0.0
B09B,2020-05-13,-66.2333,143.1833,24.0,2.962143,-1.0377808,0.0,0.0
B09B,2020-05-14,-66.2333,143.1833,24.0,2.962143,-1.0377808,0.0,0.0
B09B,2020-05-15,-66.2333,143.1833,24.0,2.962143,-1.0377808,0.0,0.0
B09B,2020-05-16,-66.2324,143.1805,24.0,2.962143,-1.0377808,-0.0014497806819210649,0.0011562500000018695
B09B,2020-05-17,-66.23,143.1734,24.0,2.962143,-1.0377808,-0.003676579259514382,0.0030833333333261472
B09B,2020-05-18,-66.2268,143.1636,24.0,2.962143,-1.0377808,-0.005075358550452312,0.004111111111119787
B09B,2020-05-19,-66.2232,143.153,24.0,2.962143,-1.0377808,-0.005490456567868865,0.004624999999989221
B09B,2020-05-20,-66.22,143.1432,24.0,2.962143,-1.0377808,-0.00507672596982449,0.004111111111119787
B09B,2020-05-21,-66.2176,143.1361,24.0,2.962143,-1.0377808,-0.0036783858017058377,0.0030833333333261472
B09B,2020-05-22,-66.2167,143.1333,24.0,2.962143,-1.0377808,-0.0014506827270439149,0.0011562500000018695
B09B,2020-05-23,-66.2167,143.1333,24.0,2.962143,-1.0377808,0.0,0.0
B09B,2020-05-24,-66.2167,143.1333,24.0,2.962143,-1.0377808,0.0,0.0
B09B,2020-05-25,-66.2167,143.1333,24.0,2.962143,-1.0377808,0.0,0.0
B09B,2020-05-26,-66.2167,143.1333,24.0,2.962143,-1.0377808,0.0,0.0
B09B,2020-05-27,-66.2167,143.1333,24.0,2.962143,-1.0377808,0.0,0.0
B09B,2020-05-28,-66.2167,143.1333,24.0,2.962143,-1.0377808,0.0,0.0
B09B,2020-05-29,-66.2167,143.1333,24.0,2.962143,-1.0377808,0.0,0.0
B09B,2020-05-30,-66.2167,143.1333,24.0,2.962143,-1.0377808,0.0,0.0
B09B,2020-05-31,-66.2167,143.1333,24.0,2.962143,-1.0377808,0.0,0.0
B09B,2020-06-01,-66.2167,143.1333,24.0,2.962143,-1.0377808,0.0,0.0
B09B,2020-06-02,-66.2167,143.1333,24.0,-4.920944,4.039795,0.0,0.0
B09B,2020-06-03,-66.2167,143.1333,24.0,-0.1758728,2.145996,0.0,0.0
B09B,2020-06-04,-66.2167,143.1333,24.0,-4.121643,5.4391174,0.0,0.0
B09B,2020-06-05,-66.2167,143.1333,24.0,0.6816101,5.3270874,0.0,0.0
B09B,2020-06-06,-66.2167,143.1333,24.0,-0.46383667,3.9416351,0.0,0.0
B09B,2020-06-07,-66.2167,143.1333,24.0,-3.0946655,6.72229,0.0,0.0
B09B,2020-06-08,-66.2167,143.1333,24.0,-4.524643,6.677353,0.0,0.0
B09B,2020-06-09,-66.2167,143.1333,24.0,-6.159256,5.6332855,0.0,0.0
B09B,2020-06-10,-66.2167,143.1333,24.0,-5.616989,3.9736938,0.0,0.0
B09B,2020-06-11,-66.2167,143.1333,24.0,3.560089,4.2324677,0.0,0.0
B09B,2020-06-12,-66.2167,143.1333,24.0,4.5072784,2.6031647,0.0,0.0
B09B,2020-06-13,-66.2167,143.1333,24.0,-3.4359283,4.7076416,0.0,0.0
B09B,2020-06-14,-66.2167,143.1333,24.0,-9.120575,12.462265,0.0,0.0
B09B,2020-06-15,-66.2167,143.1333,24.0,-12.440567,13.69281,0.0,0.0
B09B,2020-06-16,-66.2167,143.1333,24.0,-15.362808,16.358566,0.0,0.0
B09B,2020-06-17,-66.2167,143.1333,24.0,2.1639862,3.7465057,0.0,0.0
B09B,2020-06-18,-66.2167,143.1333,24.0,-18.482544,10.889267,0.0,0.0
B09B,2020-06-19,-66.2167,143.1333,24.0,-2.9367065,11.445557,0.0,0.0
B09B,2020-06-20,-66.2167,143.1333,24.0,3.5549011,1.6439362,0.0,0.0
B09B,2020-06-21,-66.2167,143.1333,24.0,8.204437,0.55796814,0.0,0.0
B09B,2020-06-22,-66.2167,143.1333,24.0,-7.4002533,1.2434845,0.0,0.0
B09B,2020-06-23,-66.2167,143.1333,24.0,1.185669,2.1621857,0.0,0.0
B09B,2020-06-24,-66.2167,143.1333,24.0,0.39819336,3.1364288,0.0,0.0
B09B,2020-06-25,-66.2167,143.1333,24.0,-11.451019,8.029739,0.0,0.0
B09B,2020-06-26,-66.2167,143.1333,24.0,-9.639969,8.167603,0.0,0.0
B09B,2020-06-27,-66.2167,143.1333,24.0,-10.549866,5.73645,0.0,0.0
B09B,2020-06-28,-66.2167,143.1333,24.0,0.5417175,4.501419,0.0,0.0
B09B,2020-06-29,-66.2167,143.1333,24.0,-6.9131775,5.3956757,0.0,0.0
B09B,2020-06-30,-66.2167,143.1333,24.0,-17.791748,11.104141,0.0,0.0
B09B,2020-07-01,-66.2167,143.1333,24.0,-10.739548,7.0001526,0.0,0.0
B09B,2020-07-02,-66.2167,143.1333,24.0,-13.684235,7.4066467,0.0,0.0
B09B,2020-07-03,-66.2167,143.1333,24.0,-8.817017,6.035034,0.0,0.0
B09B,2020-07-04,-66.2167,143.1333,24.0,-7.2096405,6.718704,0.0,0.0
B09B,2020-07-05,-66.2167,143.1333,24.0,6.6325836,-0.97221375,0.0,0.0
B09B,2020-07-06,-66.2167,143.1333,24.0,-10.438858,9.962265,0.0,0.0
B09B,2020-07-07,-66.2167,143.1333,24.0,-2.2489624,1.6100464,0.0,0.0
B09B,2020-07-08,-66.2167,143.1333,24.0,3.58667,8.030334,0.0,0.0
B09B,2020-07-09,-66.2167,143.1333,24.0,5.6815796,4.159256,0.0,0.0
B09B,2020-07-10,-66.2167,143.1333,24.0,-5.5566406,7.255844,0.0,0.0
B09B,2020-07-11,-66.2167,143.1333,24.0,-2.3865204,5.158081,0.0,0.0
B09B,2020-07-12,-66.2167,143.1333,24.0,-4.3612976,3.4200287,0.0,0.0
B09B,2020-07-13,-66.2167,143.1333,24.0,-8.309662,6.993881,0.0,0.0
B09B,2020-07-14,-66.2167,143.1333,24.0,-11.36525,3.494217,0.0,0.0
B09B,2020-07-15,-66.2167,143.1333,24.0,3.906601,-0.682724,0.0,0.0
B09B,2020-07-16,-66.2167,143.1333,24.0,-3.107315,0.30667114,0.0,0.0
B09B,2020-07-17,-66.2167,143.1333,24.0,-5.130844,5.5811157,0.0,0.0
B09B,2020-07-18,-66.2167,143.1333,24.0,-15.265488,11.816803,0.0,0.0
B09B,2020-07-19,-66.2167,143.1333,24.0,-6.677109,8.476135,0.0,0.0
B09B,2020-07-20,-66.2167,143.1333,24.0,6.23407,2.531723,0.0,0.0
B09B,2020-07-21,-66.2167,143.1333,24.0,-9.539734,7.559906,0.0,0.0
B09B,2020-07-22,-66.2167,143.1333,24.0,7.441971,1.1109772,0.0,0.0
B09B,2020-07-23,-66.2167,143.1333,24.0,-0.12930298,5.638687,0.0,0.0
B09B,2020-07-24,-66.2167,143.1333,24.0,-3.6324463,5.9023438,0.0,0.0
B09B,2020-07-25,-66.2167,143.1333,24.0,-2.380478,4.7546387,0.0,0.0
B09B,2020-07-26,-66.2167,143.1333,24.0,5.9332886,2.3905792,0.0,0.0
B09B,2020-07-27,-66.2167,143.1333,24.0,-5.722763,8.705887,0.0,0.0
B09B,2020-07-28,-66.2167,143.1333,24.0,-11.119308,4.6441803,0.0,0.0
B09B,2020-07-29,-66.2167,143.1333,24.0,-9.075745,6.31868,0.0,0.0
B09B,2020-07-30,-66.2167,143.1333,24.0,-9.434769,9.389648,0.0,0.0
B09B,2020-07-31,-66.2167,143.1333,24.0,8.972137,-4.130905,0.0,0.0
B09B,2020-08-01,-66.2167,143.1333,24.0,8.918549,-2.5113983,0.0,0.0
B09B,2020-08-02,-66.2167,143.1333,24.0,-5.272476,8.93045,0.0,0.0
B09B,2020-08-03,-66.2167,143.1333,24.0,10.599319,-3.8891602,0.0,0.0
B09B,2020-08-04,-66.2167,143.1333,24.0,2.205246,4.7990265,0.0,0.0
B09B,2020-08-05,-66.2167,143.1333,24.0,-7.009369,6.708191,0.0,0.0
B09B,2020-08-06,-66.2167,143.1333,24.0,-0.3826294,4.730835,0.0,0.0
B09B,2020-08-07,-66.2167,143.1333,24.0,-1.4714508,5.7397156,0.0,0.0
B09B,2020-08-08,-66.2167,143.1333,24.0,1.8643799,5.018738,0.0,0.0
B09B,2020-08-09,-66.2167,143.1333,24.0,5.3377686,1.5210876,0.0,0.0
B09B,2020-08-10,-66.2167,143.1333,24.0,-8.228027,6.368164,0.0,0.0
B09B,2020-08-11,-66.2167,143.1333,24.0,-4.5552673,6.016754,0.0,0.0
B09B,2020-08-12,-66.2167,143.1333,24.0,2.929016,5.2456512,0.0,0.0
B09B,2020-08-13,-66.2167,143.1333,24.0,-3.5235138,4.443161,0.0,0.0
B09B,2020-08-14,-66.2167,143.1333,24.0,-3.4283142,2.29187,0.0,0.0
B09B,2020-08-15,-66.2167,143.1333,24.0,-3.0230255,1.8183289,0.0,0.0
B09B,2020-08-16,-66.2167,143.1333,24.0,-3.7194061,-0.53933716,0.0,0.0
B09B,2020-08-17,-66.2167,143.1333,24.0,-6.7643127,11.461716,0.0,0.0
B09B,2020-08-18,-66.2167,143.1333,24.0,-3.1868744,7.362213,0.0,0.0
B09B,2020-08-19,-66.2167,143.1333,24.0,-3.2514954,6.1201935,0.0,0.0
B09B,2020-08-20,-66.2167,143.1333,24.0,5.3151855,2.2425842,0.0,0.0
B09B,2020-08-21,-66.2167,143.1333,24.0,1.7111816,6.6124115,0.0,0.0
B09B,2020-08-22,-66.2167,143.1333,24.0,-5.563278,8.418991,0.0,0.0
B09B,2020-08-23,-66.2167,143.1333,24.0,-0.25509644,4.642853,0.0,0.0
B09B,2020-08-24,-66.2167,143.1333,24.0,-3.280182,3.3936615,0.0,0.0
B09B,2020-08-25,-66.2167,143.1333,24.0,-1.9607239,5.2657623,0.0,0.0
B09B,2020-08-26,-66.2167,143.1333,24.0,-2.528244,2.980194,0.0,0.0
B09B,2020-08-27,-66.2167,143.1333,24.0,-11.243973,10.372299,0.0,0.0
B09B,2020-08-28,-66.2167,143.1333,24.0,-17.209534,9.079559,0.0,0.0
B09B,2020-08-29,-66.2167,143.1333,24.0,-6.1887817,6.582062,0.0,0.0
B09B,2020-08-30,-66.2167,143.1333,24.0,-7.233017,7.755478,0.0,0.0
B09B,2020-08-31,-66.2167,143.1333,24.0,-4.9547577,5.3385468,0.0,0.0
B09B,2020-09-01,-66.2167,143.1333,24.0,-9.203323,10.695374,0.0,0.0
B09B,2020-09-02,-66.2167,143.1333,24.0,-9.203323,10.695374,0.0,0.0
B09B,2020-09-03,-66.2167,143.1333,24.0,-9.203323,10.695374,0.0,0.0
B09B,2020-09-04,-66.2167,143.1333,24.0,-9.203323,10.695374,0.0,0.0
B09B,2020-09-05,-66.2167,143.1333,24.0,-9.203323,10.695374,0.0,0.0
B09B,2020-09-06,-66.2167,143.1333,24.0,-9.203323,10.695374,0.0,0.0
B09B,2020-09-07,-66.2167,143.1333,24.0,-9.203323,10.695374,0.0,0.0
B09B,2020-09-08,-66.2167,143.1333,24.0,-9.203323,10.695374,0.0,0.0
B09B,2020-09-09,-66.2167,143.1333,24.0,-9.203323,10.695374,0.0,0.0
B09B,2020-09-10,-66.2167,143.1333,24.0,-9.203323,10.695374,0.0,0.0
B09B,2020-09-11,-66.2167,143.1333,24.0,-9.203323,10.695374,0.0,0.0
B09B,2020-09-12,-66.2167,143.1333,24.0,-9.203323,10.695374,0.0,0.0
B09B,2020-09-13,-66.2167,143.1333,24.0,-9.203323,10.695374,0.0,0.0
B09B,2020-09-14,-66.2167,143.1333,24.0,-9.203323,10.695374,0.0,0.0
B09B,2020-09-15,-66.2167,143.1333,24.0,-9.203323,10.695374,0.0,0.0
B09B,2020-09-16,-66.2167,143.1333,24.0,-9.203323,10.695374,0.0,0.0
B09B,2020-09-17,-66.2167,143.1333,24.0,-9.203323,10.695374,0.0,0.0
B09B,2020-09-18,-66.2167,143.1333,24.0,-9.203323,10.695374,0.0,0.0
B09B,2020-09-19,-66.2167,143.1333,24.0,-9.203323,10.695374,0.0,0.0
B09B,2020-09-20,-66.2167,143.1333,24.0,-9.203323,10.695374,0.0,0.0
B09B,2020-09-21,-66.2167,143.1333,24.0,-9.203323,10.695374,0.0,0.0
B09B,2020-09-22,-66.2167,143.1333,24.0,-9.203323,10.695374,0.0,0.0
B09B,2020-09-23,-66.2167,143.1333,24.0,-9.203323,10.695374,0.0,0.0
B09B,2020-09-24,-66.2167,143.1333,24.0,-9.203323,10.695374,0.0,0.0
B09B,2020-09-25,-66.2167,143.1333,24.0,-9.203323,10.695374,0.0,0.0
B09B,2020-10-10,-66.2167,143.1333,24.0,-9.203323,10.695374,0.0,0.0
B09B,2020-10-11,-66.2167,143.1333,24.0,-9.203323,10.695374,0.0,0.0
B09B,2020-10-12,-66.2167,143.1333,24.0,-9.203323,10.695374,0.0,0.0
B09B,2020-10-13,-66.2167,143.1333,24.0,-9.203323,10.695374,0.0,0.0
B09B,2020-10-14,-66.2167,143.1333,24.0,-9.203323,10.695374,0.0,0.0
B09B,2020-10-15,-66.2167,143.1333,24.0,-9.203323,10.695374,0.0,0.0
B09B,2020-10-16,-66.2167,143.1333,24.0,-9.203323,10.695374,0.0,0.0
B09B,2020-10-17,-66.2167,143.1333,24.0,-9.203323,10.695374,0.0,0.0
B09B,2020-10-18,-66.2167,143.1333,24.0,-9.203323,10.695374,0.0,0.0
B09B,2020-10-19,-66.2167,143.1333,24.0,-9.203323,10.695374,0.0,0.0
B09B,2020-10-20,-66.2167,143.1333,24.0,-9.203323,10.695374,0.0,0.0
B09B,2020-10-21,-66.2167,143.1333,24.0,-9.203323,10.695374,0.0,0.0
B09B,2020-10-22,-66.2167,143.1333,24.0,-9.203323,10.695374,0.0,0.0
B09B,2020-10-23,-66.2167,143.1333,24.0,-9.203323,10.695374,0.0,0.0
B09B,2020-10-24,-66.2167,143.1333,24.0,-9.203323,10.695374,0.0,0.0
B09B,2020-10-25,-66.2167,143.1333,24.0,-9.203323,10.695374,0.0,0.0
B09B,2020-10-26,-66.2167,143.1333,24.0,-9.203323,10.695374,0.0,0.0
B09B,2020-10-27,-66.2167,143.1333,24.0,-9.203323,10.695374,0.0,0.0
B09B,2020-10-28,-66.2167,143.1333,24.0,-9.203323,10.695374,0.0,0.0
B09B,2020-10-29,-66.2167,143.1333,24.0,-9.203323,10.695374,0.0,0.0
B09B,2020-10-30,-66.2167,143.1333,24.0,-9.203323,10.695374,0.0,0.0
B09B,2020-10-31,-66.2167,143.1333,24.0,-9.203323,10.695374,0.0,0.0
B09B,2020-11-01,-66.2167,143.1333,24.0,-9.203323,10.695374,0.0,0.0
B09B,2020-11-02,-66.2167,143.1333,24.0,-9.203323,10.695374,0.0,0.0
B09B,2020-11-03,-66.2167,143.1333,24.0,-9.203323,10.695374,0.0,0.0
B09B,2020-11-04,-66.2167,143.1333,24.0,-9.203323,10.695374,0.0,0.0
B09B,2020-11-05,-66.2167,143.1333,24.0,-9.203323,10.695374,0.0,0.0
B09B,2020-11-06,-66.2167,143.1333,24.0,-9.203323,10.695374,0.0,0.0
B09G,2020-01-01,-67.9667,41.7167,24.0,-7.2331696,-1.0162964,0.0,0.0
B09G,2020-01-02,-67.9667,41.7167,24.0,-7.2331696,-1.0162964,0.0,0.0
B09G,2020-01-03,-67.9667,41.7167,24.0,-7.2331696,-1.0162964,0.0,0.0
B09G,2020-01-04,-67.9667,41.7167,24.0,-7.2331696,-1.0162964,0.0,0.0
B09G,2020-01-05,-67.9667,41.7167,24.0,-7.2331696,-1.0162964,0.0,0.0
B09G,2020-01-06,-67.9667,41.7167,24.0,-7.2331696,-1.0162964,0.0,0.0
B09G,2020-01-07,-67.9667,41.7167,24.0,-7.2331696,-1.0162964,0.0,0.0
B09G,2020-01-08,-67.9667,41.7167,24.0,-7.2331696,-1.0162964,0.0,0.0
B09G,2020-01-09,-67.9667,41.7167,24.0,-7.2331696,-1.0162964,0.0,0.0
B09G,2020-01-10,-67.9667,41.7167,24.0,-7.2331696,-1.0162964,0.0,0.0
B09G,2020-01-11,-67.9667,41.7167,24.0,-7.2331696,-1.0162964,0.0,0.0
B09G,2020-01-12,-67.9667,41.7167,24.0,-7.2331696,-1.0162964,0.0,0.0
B09G,2020-01-13,-67.9667,41.7167,24.0,-7.2331696,-1.0162964,0.0,0.0
B09G,2020-01-14,-67.9667,41.7167,24.0,-7.2331696,-1.0162964,0.0,0.0
B09G,2020-01-15,-67.9667,41.7167,24.0,-7.2331696,-1.0162964,0.0,0.0
B09G,2020-01-16,-67.9667,41.7167,24.0,-7.2331696,-1.0162964,0.0,0.0
B09G,2020-01-17,-67.9667,41.7167,24.0,-7.2331696,-1.0162964,0.0,0.0
B09G,2020-01-18,-67.9667,41.7167,24.0,-7.2331696,-1.0162964,0.0,0.0
B09G,2020-01-19,-67.9667,41.7167,24.0,-7.2331696,-1.0162964,0.0,0.0
B09G,2020-01-20,-67.9667,41.7167,24.0,-7.2331696,-1.0162964,0.0,0.0
B09G,2020-01-21,-67.9667,41.7167,24.0,-7.2331696,-1.0162964,0.0,0.0
B09G,2020-01-22,-67.9667,41.7167,24.0,-7.2331696,-1.0162964,0.0,0.0
B09G,2020-01-23,-67.9667,41.7167,24.0,-7.2331696,-1.0162964,0.0,0.0
B09G,2020-01-24,-67.9667,41.7167,24.0,-7.2331696,-1.0162964,0.0,0.0
B09G,2020-01-25,-67.9667,41.7167,24.0,-7.2331696,-1.0162964,0.0,0.0
B09G,2020-01-26,-67.9667,41.7167,24.0,-7.2331696,-1.0162964,0.0,0.0
B09G,2020-01-27,-67.9667,41.7167,24.0,-7.2331696,-1.0162964,0.0,0.0
B09G,2020-01-28,-67.9667,41.7167,24.0,-7.2331696,-1.0162964,0.0,0.0
B09G,2020-01-29,-67.9667,41.7167,24.0,-7.2331696,-1.0162964,0.0,0.0
B09G,2020-01-30,-67.9667,41.7167,24.0,-7.2331696,-1.0162964,0.0,0.0
B09G,2020-01-31,-67.9667,41.7167,24.0,-7.2331696,-1.0162964,0.0,0.0
B09G,2020-02-01,-67.9667,41.7167,24.0,-7.2331696,-1.0162964,0.0,0.0
B09G,2020-02-02,-67.9667,41.7167,24.0,-7.2331696,-1.0162964,0.0,0.0
B09G,2020-02-03,-67.9667,41.7167,24.0,-7.2331696,-1.0162964,0.0,0.0
B09G,2020-02-04,-67.9667,41.7167,24.0,-7.2331696,-1.0162964,0.0,0.0
B09G,2020-02-05,-67.9667,41.7167,24.0,-7.2331696,-1.0162964,0.0,0.0
B09G,2020-02-06,-67.9667,41.7167,24.0,-7.2331696,-1.0162964,0.0,0.0
B09G,2020-02-07,-67.9667,41.7167,24.0,-7.2331696,-1.0162964,0.0,0.0
B09G,2020-02-08,-67.9667,41.7167,24.0,-7.2331696,-1.0162964,0.0,0.0
B09G,2020-02-09,-67.9667,41.7167,24.0,-7.2331696,-1.0162964,0.0,0.0
B09G,2020-02-10,-67.9667,41.7167,24.0,-7.2331696,-1.0162964,0.0,0.0
B09G,2020-02-11,-67.9667,41.7167,24.0,-7.2331696,-1.0162964,0.0,0.0
B09G,2020-02-12,-67.9667,41.7167,24.0,-7.2331696,-1.0162964,0.0,0.0
B09G,2020-02-13,-67.9667,41.7167,24.0,-7.2331696,-1.0162964,0.0,0.0
B09G,2020-02-14,-67.9667,41.7167,24.0,-7.2331696,-1.0162964,0.0,0.0
B09G,2020-02-15,-67.9667,41.7167,24.0,-7.2331696,-1.0162964,0.0,0.0
B09G,2020-02-16,-67.9667,41.7167,24.0,-7.2331696,-1.0162964,0.0,0.0
B09G,2020-02-17,-67.9667,41.7167,24.0,-7.2331696,-1.0162964,0.0,0.0
B09G,2020-02-18,-67.9667,41.7167,24.0,-7.2331696,-1.0162964,0.0,0.0
B09G,2020-02-19,-67.9667,41.7167,24.0,-7.2331696,-1.0162964,0.0,0.0
B09G,2020-02-20,-67.9667,41.7167,24.0,-7.2331696,-1.0162964,0.0,0.0
B09G,2020-02-21,-67.9667,41.7167,24.0,-7.2331696,-1.0162964,0.0,0.0
B09G,2020-02-22,-67.9658,41.7158,24.0,-7.2331696,-1.0162964,-0.00043377870965404593,0.0011562500000018695
B09G,2020-02-23,-67.9634,41.7134,24.0,-7.2331696,-1.0162964,-0.001156862945669067,0.0030833333333444043
B09G,2020-02-24,-67.9601,41.7101,24.0,-7.2331696,-1.0162964,-0.001590912891223391,0.004239583333328017
B09G,2020-02-25,-67.9566,41.7066,24.0,-7.2331696,-1.0162964,-0.001687586455771227,0.004496527777780991
B09G,2020-02-26,-67.9533,41.7033,24.0,-7.2331696,-1.0162964,-0.0015913792740687026,0.004239583333328017
B09G,2020-02-27,-67.9509,41.7009,24.0,-7.2331696,-1.0162964,-0.0011574864541286922,0.0030833333333261472
B09G,2020-02-28,-67.95,41.7,24.0,-7.2331696,-1.0162964,-0.00043407425422650823,0.0011562500000018695
B09G,2020-02-29,-67.9509,41.7009,24.0,-7.2331696,-1.0162964,0.000434057420295261,-0.0011562500000018695
B09G,2020-03-01,-67.9533,41.7033,24.0,-7.2331696,-1.0162964,0.001157366744776927,-0.0030833333333261472
B09G,2020-03-02,-67.9566,41.7066,24.0,-7.2331696,-1.0162964,0.001591152944016395,-0.004239583333328017
B09G,2020-03-03,-67.9601,41.7101,24.0,-7.2331696,-1.0162964,0.0016873318543241024,-0.004496527777780991
B09G,2020-03-04,-67.9634,41.7134,24.0,-7.2331696,-1.0162964,0.0015906865502953954,-0.004239583333328017
B09G,2020-03-05,-67.9658,41.7158,24.0,-7.2331696,-1.0162964,0.0011567432257429807,-0.0030833333333444043
B09G,2020-03-06,-67.9667,41.7167,24.0,-7.2331696,-1.0162964,0.0004337618738432131,-0.0011562500000018695
B09G,2020-03-07,-67.9667,41.7167,24.0,-7.2331696,-1.0162964,0.0,0.0
B09G,2020-03-08,-67.9667,41.7167,24.0,-7.2331696,-1.0162964,0.0,0.0
B09G,2020-03-09,-67.9667,41.7167,24.0,-7.2331696,-1.0162964,0.0,0.0
B09G,2020-03-10,-67.9667,41.7167,24.0,-7.2331696,-1.0162964,0.0,0.0
B09G,2020-03-11,-67.9667,41.7167,24.0,-7.2331696,-1.0162964,0.0,0.0
B09G,2020-03-12,-67.9667,41.7167,24.0,-7.2331696,-1.0162964,0.0,0.0
B09G,2020-03-13,-67.9667,41.7167,24.0,-7.2331696,-1.0162964,0.0,0.0
B09G,2020-03-14,-67.9667,41.7167,24.0,-7.2331696,-1.0162964,0.0,0.0
B09G,2020-03-15,-67.9667,41.7167,24.0,-7.2331696,-1.0162964,0.0,0.0
B09G,2020-03-16,-67.9667,41.7167,24.0,-7.2331696,-1.0162964,0.0,0.0
B09G,2020-03-17,-67.9667,41.7167,24.0,-7.2331696,-1.0162964,0.0,0.0
B09G,2020-03-18,-67.9667,41.7167,24.0,-7.2331696,-1.0162964,0.0,0.0
B09G,2020-03-19,-67.9667,41.7167,24.0,-7.2331696,-1.0162964,0.0,0.0
B09G,2020-03-20,-67.9667,41.7167,24.0,-7.2331696,-1.0162964,0.0,0.0
B09G,2020-03-21,-67.9667,41.7167,24.0,-7.2331696,-1.0162964,0.0,0.0
B09G,2020-03-22,-67.9667,41.7167,24.0,-7.2331696,-1.0162964,0.0,0.0
B09G,2020-03-23,-67.9667,41.7167,24.0,-7.2331696,-1.0162964,0.0,0.0
B09G,2020-03-24,-67.9667,41.7167,24.0,-7.2331696,-1.0162964,0.0,0.0
B09G,2020-03-25,-67.9667,41.7167,24.0,-7.2331696,-1.0162964,0.0,0.0
B09G,2020-03-26,-67.9667,41.7167,24.0,-7.2331696,-1.0162964,0.0,0.0
B09G,2020-03-27,-67.9667,41.7167,24.0,-7.2331696,-1.0162964,0.0,0.0
B09G,2020-03-28,-67.9667,41.7167,24.0,-7.2331696,-1.0162964,0.0,0.0
B09G,2020-03-29,-67.9667,41.7167,24.0,-7.2331696,-1.0162964,0.0,0.0
B09G,2020-03-30,-67.9667,41.7167,24.0,-7.2331696,-1.0162964,0.0,0.0
B09G,2020-03-31,-67.9667,41.7167,24.0,-7.2331696,-1.0162964,0.0,0.0
B09G,2020-04-01,-67.9667,41.7167,24.0,-7.2331696,-1.0162964,0.0,0.0
B09G,2020-04-02,-67.9667,41.7167,24.0,-7.2331696,-1.0162964,0.0,0.0
B09G,2020-04-03,-67.9667,41.7167,24.0,-7.2331696,-1.0162964,0.0,0.0
B09G,2020-04-04,-67.9667,41.7167,24.0,-7.2331696,-1.0162964,0.0,0.0
B09G,2020-04-05,-67.9667,41.7167,24.0,-7.2331696,-1.0162964,0.0,0.0
B09G,2020-04-06,-67.9667,41.7167,24.0,-7.2331696,-1.0162964,0.0,0.0
B09G,2020-04-07,-67.9667,41.7167,24.0,-7.2331696,-1.0162964,0.0,0.0
B09G,2020-04-08,-67.9667,41.7167,24.0,-7.2331696,-1.0162964,0.0,0.0
B09G,2020-04-09,-67.9667,41.7167,24.0,-7.2331696,-1.0162964,0.0,0.0
B09G,2020-04-10,-67.9667,41.7167,24.0,-7.2331696,-1.0162964,0.0,0.0
B09G,2020-04-11,-67.9667,41.7167,24.0,-7.2331696,-1.0162964,0.0,0.0
B09G,2020-04-12,-67.9667,41.7167,24.0,-7.2331696,-1.0162964,0.0,0.0
B09G,2020-04-13,-67.9667,41.7167,24.0,-7.2331696,-1.0162964,0.0,0.0
B09G,2020-04-14,-67.9667,41.7167,24.0,-7.2331696,-1.0162964,0.0,0.0
B09G,2020-04-15,-67.9667,41.7167,24.0,-7.2331696,-1.0162964,0.0,0.0
B09G,2020-04-16,-67.9667,41.7167,24.0,-7.2331696,-1.0162964,0.0,0.0
B09G,2020-04-17,-67.9667,41.7167,24.0,-7.2331696,-1.0162964,0.0,0.0
B09G,2020-04-18,-67.9685,41.7167,24.0,-7.2331696,-1.0162964,0.0,-0.002312500000003739
B09G,2020-04-19,-67.9733,41.7167,24.0,-7.2331696,-1.0162964,0.0,-0.0061666666666522945
B09G,2020-04-20,-67.9798,41.7167,24.0,-7.2331696,-1.0162964,0.0,-0.008350694444447804
B09G,2020-04-21,-67.9869,41.7167,24.0,-7.2331696,-1.0162964,0.0,-0.00912152777778847
B09G,2020-04-22,-67.9934,41.7167,24.0,-7.2331696,-1.0162964,0.0,-0.008350694444429548
B09G,2020-04-23,-67.9982,41.7167,24.0,-7.2331696,-1.0162964,0.0,-0.0061666666666705516
B09G,2020-04-24,-68.0,41.7167,24.0,-7.2331696,-1.0162964,0.0,-0.002312500000003739
B09G,2020-04-25,-68.0,41.7167,24.0,-7.2331696,-1.0162964,0.0,0.0
B09G,2020-04-26,-68.0,41.7167,24.0,-7.2331696,-1.0162964,0.0,0.0
B09G,2020-04-27,-68.0,41.7167,24.0,-7.2331696,-1.0162964,0.0,0.0
B09G,2020-04-28,-68.0,41.7167,24.0,-7.2331696,-1.0162964,0.0,0.0
B09G,2020-04-29,-68.0,41.7167,24.0,-7.2331696,-1.0162964,0.0,0.0
B09G,2020-04-30,-68.0,41.7167,24.0,-7.2331696,-1.0162964,0.0,0.0
B09G,2020-05-01,-68.0,41.7167,24.0,-7.2331696,-1.0162964,0.0,0.0
B09G,2020-05-02,-68.0,41.7167,24.0,-7.2331696,-1.0162964,0.0,0.0
B09G,2020-05-03,-68.0,41.7167,24.0,-7.2331696,-1.0162964,0.0,0.0
B09G,2020-05-04,-68.0,41.7167,24.0,-7.2331696,-1.0162964,0.0,0.0
B09G,2020-05-05,-68.0,41.7167,24.0,-7.2331696,-1.0162964,0.0,0.0
B09G,2020-05-06,-68.0,41.7167,24.0,-7.2331696,-1.0162964,0.0,0.0
B09G,2020-05-07,-68.0,41.7167,24.0,-7.2331696,-1.0162964,0.0,0.0
B09G,2020-05-08,-68.0,41.7167,24.0,-7.2331696,-1.0162964,0.0,0.0
B09G,2020-05-09,-67.9982,41.7148,24.0,-7.2331696,-1.0162964,-0.0009144753898097602,0.002312500000003739
B09G,2020-05-10,-67.9934,41.7101,24.0,-7.2331696,-1.0162964,-0.002262592339000651,0.0061666666666705516
B09G,2020-05-11,-67.9869,41.7036,24.0,-7.2331696,-1.0162964,-0.0031299953769542165,0.008350694444429548
B09G,2020-05-12,-67.9798,41.6964,24.0,-7.2331696,-1.0162964,-0.0034681344571884723,0.00912152777778847
B09G,2020-05-13,-67.9733,41.6899,24.0,-7.2331696,-1.0162964,-0.0031318329463738337,0.008350694444447804
B09G,2020-05-14,-67.9685,41.6852,24.0,-7.2331696,-1.0162964,-0.002265025054365328,0.0061666666666522945
B09G,2020-05-15,-67.9667,41.6833,24.0,-7.2331696,-1.0162964,-0.0009157195114448808,0.002312500000003739
B09G,2020-05-16,-67.9667,41.6833,24.0,-7.2331696,-1.0162964,0.0,0.0
B09G,2020-05-17,-67.9667,41.6833,24.0,-7.2331696,-1.0162964,0.0,0.0
B09G,2020-05-18,-67.9667,41.6833,24.0,-7.2331696,-1.0162964,0.0,0.0
B09G,2020-05-19,-67.9667,41.6833,24.0,-7.2331696,-1.0162964,0.0,0.0
B09G,2020-05-20,-67.9667,41.6833,24.0,-7.2331696,-1.0162964,0.0,0.0
B09G,2020-05-21,-67.9667,41.6833,24.0,-7.2331696,-1.0162964,0.0,0.0
B09G,2020-05-22,-67.9667,41.6833,24.0,-7.2331696,-1.0162964,0.0,0.0
B09G,2020-05-23,-67.9667,41.6833,24.0,-7.2331696,-1.0162964,0.0,0.0
B09G,2020-05-24,-67.9667,41.6833,24.0,-7.2331696,-1.0162964,0.0,0.0
B09G,2020-05-25,-67.9667,41.6833,24.0,-7.2331696,-1.0162964,0.0,0.0
B09G,2020-05-26,-67.9667,41.6833,24.0,-7.2331696,-1.0162964,0.0,0.0
B09G,2020-05-27,-67.9667,41.6833,24.0,-7.2331696,-1.0162964,0.0,0.0
B09G,2020-05-28,-67.9667,41.6833,24.0,-7.2331696,-1.0162964,0.0,0.0
B09G,2020-05-29,-67.9667,41.6833,24.0,-7.2331696,-1.0162964,0.0,0.0
B09G,2020-05-30,-67.9667,41.6833,24.0,-7.2331696,-1.0162964,0.0,0.0
B09G,2020-05-31,-67.9667,41.6833,24.0,-7.2331696,-1.0162964,0.0,0.0
B09G,2020-06-01,-67.9667,41.6833,24.0,-7.2331696,-1.0162964,0.0,0.0
B09G,2020-06-02,-67.9667,41.6833,24.0,-5.0674286,0.6218262,0.0,0.0
B09G,2020-06-03,-67.9667,41.6833,24.0,-3.3995056,-1.4506836,0.0,0.0
B09G,2020-06-04,-67.9667,41.6833,24.0,-3.1812134,0.31411743,0.0,0.0
B09G,2020-06-05,-67.9667,41.6833,24.0,6.8905945,3.539978,0.0,0.0
B09G,2020-06-06,-67.9667,41.6833,24.0,-2.9892273,-1.1677399,0.0,0.0
B09G,2020-06-07,-67.9667,41.6833,24.0,10.455139,1.9986572,0.0,0.0
B09G,2020-06-08,-67.9667,41.6833,24.0,-3.776596,-3.3148346,0.0,0.0
B09G,2020-06-09,-67.9667,41.6833,24.0,1.9198456,3.9897308,0.0,0.0
B09G,2020-06-10,-67.9667,41.6833,24.0,-2.731247,-1.8788452,0.0,0.0
B09G,2020-06-11,-67.9667,41.6833,24.0,-1.9906921,0.4863739,0.0,0.0
B09G,2020-06-12,-67.9667,41.6833,24.0,1.9438019,0.83461,0.0,0.0
B09G,2020-06-13,-67.9667,41.6833,24.0,-16.067764,-5.9906006,0.0,0.0
B09G,2020-06-14,-67.9667,41.6833,24.0,-20.269012,-6.100235,0.0,0.0
B09G,2020-06-15,-67.9667,41.6833,24.0,-21.335098,-8.18219,0.0,0.0
B09G,2020-06-16,-67.9667,41.6833,24.0,-8.453629,-0.6834259,0.0,0.0
B09G,2020-06-17,-67.9667,41.6833,24.0,-2.583084,0.5101776,0.0,0.0
B09G,2020-06-18,-67.9667,41.6833,24.0,-3.7052002,-1.6283112,0.0,0.0
B09G,2020-06-19,-67.9667,41.6833,24.0,-1.6427612,1.1623535,0.0,0.0
B09G,2020-06-20,-67.9667,41.6833,24.0,-5.4968567,-2.5826263,0.0,0.0
B09G,2020-06-21,-67.9667,41.6833,24.0,-13.327789,-6.4879303,0.0,0.0
B09G,2020-06-22,-67.9667,41.6833,24.0,-14.793808,-1.4313202,0.0,0.0
B09G,2020-06-23,-67.9667,41.6833,24.0,-12.049683,-4.041916,0.0,0.0
B09G,2020-06-24,-67.9667,41.6833,24.0,-7.0373535,-1.0344696,0.0,0.0
B09G,2020-06-25,-67.9667,41.6833,24.0,-8.544769,-1.4272919,0.0,0.0
B09G,2020-06-26,-67.9667,41.6833,24.0,-9.9095,-0.51501465,0.0,0.0
B09G,2020-06-27,-67.9667,41.6833,24.0,-1.8027954,2.1348877,0.0,0.0
B09G,2020-06-28,-67.9667,41.6833,24.0,4.603241,3.2846222,0.0,0.0
B09G,2020-06-29,-67.9667,41.6833,24.0,-2.5030212,-1.7644806,0.0,0.0
B09G,2020-06-30,-67.9667,41.6833,24.0,-5.4313965,-1.7181244,0.0,0.0
B09G,2020-07-01,-67.9667,41.6833,24.0,-2.5227509,0.5333557,0.0,0.0
B09G,2020-07-02,-67.9667,41.6833,24.0,-4.118805,-1.2701111,0.0,0.0
B09G,2020-07-03,-67.9667,41.6833,24.0,1.1820068,1.2322998,0.0,0.0
B09G,2020-07-04,-67.9667,41.6833,24.0,0.89289856,3.6688995,0.0,0.0
B09G,2020-07-05,-67.9667,41.6833,24.0,2.2204742,2.3100128,0.0,0.0
B09G,2020-07-06,-67.9667,41.6833,24.0,-2.235733,1.531601,0.0,0.0
B09G,2020-07-07,-67.9667,41.6833,24.0,-1.227478,1.0280151,0.0,0.0
B09G,2020-07-08,-67.9667,41.6833,24.0,0.26538086,2.1817017,0.0,0.0
B09G,2020-07-09,-67.9667,41.6833,24.0,-4.2647095,-2.4491425,0.0,0.0
B09G,2020-07-10,-67.9667,41.6833,24.0,-14.766602,-5.4375153,0.0,0.0
B09G,2020-07-11,-67.9667,41.6833,24.0,-15.448044,-9.162231,0.0,0.0
B09G,2020-07-12,-67.9667,41.6833,24.0,-21.321259,-7.3631744,0.0,0.0
B09G,2020-07-13,-67.9667,41.6833,24.0,-11.457123,-5.0608063,0.0,0.0
B09G,2020-07-14,-67.9667,41.6833,24.0,3.135727,1.6192169,0.0,0.0
B09G,2020-07-15,-67.9667,41.6833,24.0,7.151718,0.4657135,0.0,0.0
B09G,2020-07-16,-67.9667,41.6833,24.0,7.2979584,3.0888977,0.0,0.0
B09G,2020-07-17,-67.9667,41.6833,24.0,10.949234,5.685608,0.0,0.0
B09G,2020-07-18,-67.9667,41.6833,24.0,-5.0779877,-3.1060486,0.0,0.0
B09G,2020-07-19,-67.9667,41.6833,24.0,-11.028671,-2.458435,0.0,0.0
B09G,2020-07-20,-67.9667,41.6833,24.0,-5.20343,0.12156677,0.0,0.0
B09G,2020-07-21,-67.9667,41.6833,24.0,1.3792114,1.9827576,0.0,0.0
B09G,2020-07-22,-67.9667,41.6833,24.0,6.6656036,3.8648834,0.0,0.0
B09G,2020-07-23,-67.9667,41.6833,24.0,-13.822662,-7.253891,0.0,0.0
B09G,2020-07-24,-67.9667,41.6833,24.0,-8.893188,-1.9921875,0.0,0.0
B09G,2020-07-25,-67.9667,41.6833,24.0,-1.8072357,0.039794922,0.0,0.0
B09G,2020-07-26,-67.9667,41.6833,24.0,-3.3840942,-3.573288,0.0,0.0
B09G,2020-07-27,-67.9667,41.6833,24.0,-18.090927,-5.2618866,0.0,0.0
B09G,2020-07-28,-67.9667,41.6833,24.0,-16.571457,-4.701523,0.0,0.0
B09G,2020-07-29,-67.9667,41.6833,24.0,-12.942932,-3.802414,0.0,0.0
B09G,2020-07-30,-67.9667,41.6833,24.0,-5.2296906,-1.1816406,0.0,0.0
B09G,2020-07-31,-67.9667,41.6833,24.0,-5.0346985,0.53608704,0.0,0.0
B09G,2020-08-01,-67.9667,41.6833,24.0,5.136322,3.775711,0.0,0.0
B09G,2020-08-02,-67.9667,41.6833,24.0,4.363266,2.6169739,0.0,0.0
B09G,2020-08-03,-67.9667,41.6833,24.0,-2.8362274,2.1450195,0.0,0.0
B09G,2020-08-04,-67.9667,41.6833,24.0,7.283371,5.3654327,0.0,0.0
B09G,2020-08-05,-67.9667,41.6833,24.0,-11.070892,-3.307434,0.0,0.0
B09G,2020-08-06,-67.9667,41.6833,24.0,-3.954895,-0.635376,0.0,0.0
B09G,2020-08-07,-67.9667,41.6833,24.0,-3.0183258,2.091278,0.0,0.0
B09G,2020-08-08,-67.9667,41.6833,24.0,-1.4178467,2.9318237,0.0,0.0
B09G,2020-08-09,-67.9667,41.6833,24.0,-3.553833,2.143158,0.0,0.0
B09G,2020-08-10,-67.9667,41.6833,24.0,-10.64209,5.7558594,0.0,0.0
B09G,2020-08-11,-67.9667,41.6833,24.0,-0.8501892,3.7687073,0.0,0.0
B09G,2020-08-12,-67.9667,41.6833,24.0,-3.831726,0.31498718,0.0,0.0
B09G,2020-08-13,-67.9667,41.6833,24.0,-5.669998,-4.880081,0.0,0.0
B09G,2020-08-14,-67.9667,41.6833,24.0,-4.569916,-1.4063721,0.0,0.0
B09G,2020-08-15,-67.9667,41.6833,24.0,2.3675995,1.9511414,0.0,0.0
B09G,2020-08-16,-67.9667,41.6833,24.0,-4.4391327,-2.8713684,0.0,0.0
B09G,2020-08-17,-67.9667,41.6833,24.0,4.2308044,2.5789032,0.0,0.0
B09G,2020-08-18,-67.9667,41.6833,24.0,3.256485,1.7411194,0.0,0.0
B09G,2020-08-19,-67.9667,41.6833,24.0,-2.6108704,-4.2967987,0.0,0.0
B09G,2020-08-20,-67.9667,41.6833,24.0,-0.5510254,-1.2193298,0.0,0.0
B09G,2020-08-21,-67.9667,41.6833,24.0,-6.1745605,0.36045837,0.0,0.0
B09G,2020-08-22,-67.9667,41.6833,24.0,-15.274216,-5.188431,0.0,0.0
B09G,2020-08-23,-67.9667,41.6833,24.0,-11.761932,-3.5514832,0.0,0.0
B09G,2020-08-24,-67.9667,41.6833,24.0,-7.492096,-5.212784,0.0,0.0
B09G,2020-08-25,-67.9667,41.6833,24.0,-1.8161926,-3.4285736,0.0,0.0
B09G,2020-08-26,-67.9667,41.6833,24.0,-8.827072,-5.5032043,0.0,0.0
B09G,2020-08-27,-67.9667,41.6833,24.0,-4.784012,-3.272232,0.0,0.0
B09G,2020-08-28,-67.9667,41.6833,24.0,-1.5923462,0.8100281,0.0,0.0
B09G,2020-08-29,-67.9667,41.6833,24.0,-10.663391,-1.1405945,0.0,0.0
B09G,2020-08-30,-67.9667,41.6833,24.0,-9.562119,0.05039978,0.0,0.0
B09G,2020-08-31,-67.9667,41.6833,24.0,-3.679367,-2.7864532,0.0,0.0
B09G,2020-09-01,-67.9667,41.6833,24.0,-2.088089,-1.4667358,0.0,0.0
B09G,2020-09-02,-67.9667,41.6833,24.0,-2.088089,-1.4667358,0.0,0.0
B09G,2020-09-03,-67.9667,41.6833,24.0,-2.088089,-1.4667358,0.0,0.0
B09G,2020-09-04,-67.9667,41.6833,24.0,-2.088089,-1.4667358,0.0,0.0
B09G,2020-09-05,-67.9667,41.6833,24.0,-2.088089,-1.4667358,0.0,0.0
B09G,2020-09-06,-67.9667,41.6833,24.0,-2.088089,-1.4667358,0.0,0.0
B09G,2020-09-07,-67.9667,41.6833,24.0,-2.088089,-1.4667358,0.0,0.0
B09G,2020-09-08,-67.9667,41.6833,24.0,-2.088089,-1.4667358,0.0,0.0
B09G,2020-09-09,-67.9667,41.6833,24.0,-2.088089,-1.4667358,0.0,0.0
B09G,2020-09-10,-67.9667,41.6833,24.0,-2.088089,-1.4667358,0.0,0.0
B09G,2020-09-11,-67.9667,41.6833,24.0,-2.088089,-1.4667358,0.0,0.0
B09G,2020-09-12,-67.9667,41.6833,24.0,-2.088089,-1.4667358,0.0,0.0
B09G,2020-09-13,-67.9667,41.6833,24.0,-2.088089,-1.4667358,0.0,0.0
B09G,2020-09-14,-67.9667,41.6833,24.0,-2.088089,-1.4667358,0.0,0.0
B09G,2020-09-15,-67.9667,41.6833,24.0,-2.088089,-1.4667358,0.0,0.0
B09G,2020-09-16,-67.9667,41.6833,24.0,-2.088089,-1.4667358,0.0,0.0
B09G,2020-09-17,-67.9667,41.6833,24.0,-2.088089,-1.4667358,0.0,0.0
B09G,2020-09-18,-67.9667,41.6833,24.0,-2.088089,-1.4667358,0.0,0.0
B09G,2020-09-19,-67.9667,41.6833,24.0,-2.088089,-1.4667358,0.0,0.0
B09G,2020-09-20,-67.9667,41.6833,24.0,-2.088089,-1.4667358,0.0,0.0
B09G,2020-09-21,-67.9667,41.6833,24.0,-2.088089,-1.4667358,0.0,0.0
B09G,2020-09-22,-67.9667,41.6833,24.0,-2.088089,-1.4667358,0.0,0.0
B09G,2020-09-23,-67.9667,41.6833,24.0,-2.088089,-1.4667358,0.0,0.0
B09G,2020-09-24,-67.9667,41.6833,24.0,-2.088089,-1.4667358,0.0,0.0
B09G,2020-09-25,-67.9667,41.6833,24.0,-2.088089,-1.4667358,0.0,0.0
B09G,2020-10-10,-67.9667,41.6833,24.0,-2.088089,-1.4667358,0.0,0.0
B09G,2020-10-11,-67.9667,41.6833,24.0,-2.088089,-1.4667358,0.0,0.0
B09G,2020-10-12,-67.9667,41.6833,24.0,-2.088089,-1.4667358,0.0,0.0
B09G,2020-10-13,-67.9667,41.6833,24.0,-2.088089,-1.4667358,0.0,0.0
B09G,2020-10-14,-67.9667,41.6833,24.0,-2.088089,-1.4667358,0.0,0.0
B09G,2020-10-15,-67.9667,41.6833,24.0,-2.088089,-1.4667358,0.0,0.0
B09G,2020-10-16,-67.9667,41.6833,24.0,-2.088089,-1.4667358,0.0,0.0
B09G,2020-10-17,-67.9667,41.6833,24.0,-2.088089,-1.4667358,0.0,0.0
B09G,2020-10-18,-67.9667,41.6833,24.0,-2.088089,-1.4667358,0.0,0.0
B09G,2020-10-19,-67.9667,41.6833,24.0,-2.088089,-1.4667358,0.0,0.0
B09G,2020-10-20,-67.9667,41.6833,24.0,-2.088089,-1.4667358,0.0,0.0
B09G,2020-10-21,-67.9667,41.6833,24.0,-2.088089,-1.4667358,0.0,0.0
B09G,2020-10-22,-67.9667,41.6833,24.0,-2.088089,-1.4667358,0.0,0.0
B09G,2020-10-23,-67.9667,41.6833,24.0,-2.088089,-1.4667358,0.0,0.0
B09G,2020-10-24,-67.9667,41.6833,24.0,-2.088089,-1.4667358,0.0,0.0
B09G,2020-10-25,-67.9667,41.6833,24.0,-2.088089,-1.4667358,0.0,0.0
B09G,2020-10-26,-67.9667,41.6833,24.0,-2.088089,-1.4667358,0.0,0.0
B09G,2020-10-27,-67.9667,41.6833,24.0,-2.088089,-1.4667358,0.0,0.0
B09G,2020-10-28,-67.9667,41.6833,24.0,-2.088089,-1.4667358,0.0,0.0
B09G,2020-10-29,-67.9667,41.6833,24.0,-2.088089,-1.4667358,0.0,0.0
B09G,2020-10-30,-67.9667,41.6833,24.0,-2.088089,-1.4667358,0.0,0.0
B09G,2020-10-31,-67.9667,41.6833,24.0,-2.088089,-1.4667358,0.0,0.0
B09G,2020-11-01,-67.9667,41.6833,24.0,-2.088089,-1.4667358,0.0,0.0
B09G,2020-11-02,-67.9667,41.6833,24.0,-2.088089,-1.4667358,0.0,0.0
B09G,2020-11-03,-67.9667,41.6833,24.0,-2.088089,-1.4667358,0.0,0.0
B09G,2020-11-04,-67.9667,41.6833,24.0,-2.088089,-1.4667358,0.0,0.0
B09G,2020-11-05,-67.9667,41.6833,24.0,-2.088089,-1.4667358,0.0,0.0
B09G,2020-11-06,-67.9667,41.6833,24.0,-2.088089,-1.4667358,0.0,0.0
B09I,2020-01-01,-67.8818,40.3419,24.0,-8.32106,-2.564148,-0.15314630790121775,-0.074899305555559
B09I,2020-01-02,-67.9229,40.1409,24.0,-8.32106,-2.564148,-0.09705644397331298,-0.052802083333333506
B09I,2020-01-03,-67.9667,39.95,24.0,-8.50856,-2.6950073,-0.09200571301837238,-0.05627083333333911
B09I,2020-01-04,-68.0198,39.7592,24.0,-8.612076,-2.675476,-0.09174689480225053,-0.06821875000000076
B09I,2020-01-05,-68.0839,39.563,24.0,-8.662857,-2.6530151,-0.09408194700332179,-0.08235069444443965
B09I,2020-01-06,-68.1521,39.3701,24.0,-7.9987946,-3.0368042,-0.09222579455784466,-0.0876180555555613
B09I,2020-01-07,-68.2179,39.1888,24.0,-7.9987946,-3.0368042,-0.08643148002508257,-0.0845347222222169
B09I,2020-01-08,-68.2745,39.0277,24.0,-8.098404,-3.0202026,-0.07661160205167589,-0.07271527777778175
B09I,2020-01-09,-68.3152,38.8952,24.0,-8.098404,-3.0202026,-0.06289843744394062,-0.052288194444445824
B09I,2020-01-10,-68.3333,38.8,24.0,-8.053482,-2.9557495,-0.04515602908884634,-0.023253472222209106
B09I,2020-01-11,-68.3372,38.736,24.0,-8.053482,-2.9557495,-0.030351793007130635,-0.005010416666668682
B09I,2020-01-12,-68.34,38.6877,24.0,-8.053482,-2.9557495,-0.02290330049448407,-0.0035972222222320958
B09I,2020-01-13,-68.342,38.649,24.0,-8.053482,-2.9557495,-0.01834947872125342,-0.0025694444444384562
B09I,2020-01-14,-68.3437,38.6136,24.0,-7.8737946,-2.8483276,-0.016783540350468116,-0.002184027777777252
B09I,2020-01-15,-68.3453,38.5755,24.0,-7.8737946,-2.8483276,-0.018062370477364403,-0.002055555555550765
B09I,2020-01-16,-68.3473,38.5286,24.0,-7.8737946,-2.8483276,-0.022232301752556582,-0.0025694444444567133
B09I,2020-01-17,-68.35,38.4667,24.0,-7.8737946,-2.8483276,-0.029339362928507067,-0.0034687499999873517
B09I,2020-01-18,-68.3542,38.3736,24.0,-7.82106,-2.7184448,-0.044119390098379424,-0.005395833333348143
B09I,2020-01-19,-68.3598,38.2449,24.0,-7.82106,-2.7184448,-0.06097494133878008,-0.007194444444445934
B09I,2020-01-20,-68.3662,38.092,24.0,-7.72731,-2.4674683,-0.07241991908946095,-0.008222222222221317
B09I,2020-01-21,-68.3725,37.9262,24.0,-7.72731,-2.4674683,-0.07850813373005981,-0.008093749999994829
B09I,2020-01-22,-68.378,37.7592,24.0,-7.0525055,-2.2057495,-0.07905720135704541,-0.007065972222219447
B09I,2020-01-23,-68.3818,37.6022,24.0,-6.924576,-1.901062,-0.07431080099358812,-0.004881944444442195
B09I,2020-01-24,-68.3833,37.4667,24.0,-6.924576,-1.901062,-0.06413024426000029,-0.0019270833333425348
B09I,2020-01-25,-68.3731,37.3492,24.0,-6.749771,-1.3043823,-0.05563608002712551,0.013104166666681771
B09I,2020-01-26,-68.347,37.2376,24.0,-6.749771,-1.3043823,-0.05290314710988156,0.03353124999999944
B09I,2020-01-27,-68.3112,37.131,24.0,-6.749771,-1.3043823,-0.05061245732867939,0.04599305555554878
B09I,2020-01-28,-68.2721,37.0283,24.0,-6.3249664,-0.8307495,-0.048844435979097024,0.05023263888889505
B09I,2020-01-29,-68.2363,36.9284,24.0,-6.3249664,-0.8307495,-0.047587233335505484,0.04599305555554878
B09I,2020-01-30,-68.2102,36.8305,24.0,-6.1980133,-0.3756714,-0.04668774134836541,0.03353124999999944
B09I,2020-01-31,-68.2,36.7333,24.0,-6.1980133,-0.3756714,-0.04637455846433596,0.013104166666663511
B09I,2020-02-01,-68.2,36.6421,24.0,-6.1980133,-0.3756714,-0.04351193139863612,0.0
B09I,2020-02-02,-68.2,36.5595,24.0,-6.0993805,0.082336426,-0.03940883260446591,0.0
B09I,2020-02-03,-68.2,36.4805,24.0,-6.0993805,0.082336426,-0.037691256365046694,0.0
B09I,2020-02-04,-68.2,36.4,24.0,-6.0993805,0.082336426,-0.03840691313147165,0.0
B09I,2020-02-05,-68.2,36.313,24.0,-5.8357086,0.52178955,-0.04150809245264421,0.0
B09I,2020-02-06,-68.2,36.2147,24.0,-5.8357086,0.52178955,-0.04689937342638138,0.0
B09I,2020-02-07,-68.2,36.1,24.0,-5.5476227,0.9573364,-0.05472388740595935,0.0
B09I,2020-02-08,-68.2009,35.9542,24.0,-5.5476227,0.9573364,-0.06955910580605182,-0.0011562500000018695
B09I,2020-02-09,-68.2033,35.7729,24.0,-5.3093414,1.4563599,-0.08648659183439161,-0.0030833333333261472
B09I,2020-02-10,-68.2066,35.5665,24.0,-5.084732,2.0022583,-0.09844600980049596,-0.004239583333328017
B09I,2020-02-11,-68.2101,35.3456,24.0,-4.9167633,2.8694458,-0.10534593555312213,-0.004496527777780991
B09I,2020-02-12,-68.2134,35.1206,24.0,-4.645279,3.840149,-0.10728574245189937,-0.004239583333328017
B09I,2020-02-13,-68.2158,34.9019,24.0,-4.645279,3.840149,-0.10427081302239218,-0.0030833333333444043
B09I,2020-02-14,-68.2167,34.7,24.0,-4.4587555,4.4768677,-0.09625720029709887,-0.0011562500000018695
B09I,2020-02-15,-68.2167,34.506,24.0,-4.2937164,5.0442505,-0.09249082148409069,0.0
B09I,2020-02-16,-68.2167,34.3076,24.0,-4.19606,5.3899536,-0.09458855145589327,0.0
B09I,2020-02-17,-68.2167,34.11,24.0,-4.0105133,5.630188,-0.09420714600647521,0.0
B09I,2020-02-18,-68.2167,33.9184,24.0,-4.0105133,5.630188,-0.09134660513583318,0.0
B09I,2020-02-19,-68.2167,33.7383,24.0,-3.7302399,5.4544067,-0.08586390180043367,0.0
B09I,2020-02-20,-68.2167,33.5748,24.0,-3.5398102,4.991516,-0.07794973872499246,0.0
B09I,2020-02-21,-68.2167,33.4333,24.0,-3.5398102,4.991516,-0.06746108886597274,0.0
B09I,2020-02-22,-68.2185,33.3129,24.0,-3.3444977,4.7805786,-0.057397007668779136,-0.002312500000003739
B09I,2020-02-23,-68.2238,33.2066,24.0,-3.3444977,4.7805786,-0.050663534074483436,-0.006809027777766473
B09I,2020-02-24,-68.2319,33.11,24.0,-3.0232086,4.5335083,-0.04602413373853778,-0.01040624999999857
B09I,2020-02-25,-68.2424,33.0187,24.0,-3.0232086,4.5335083,-0.043479036708164207,-0.013489583333342972
B09I,2020-02-26,-68.2548,32.9283,24.0,-3.0232086,4.5335083,-0.04302709193871739,-0.01593055555555494
B09I,2020-02-27,-68.2686,32.8347,24.0,-2.5632477,4.246399,-0.04452327166136147,-0.01772916666667099
B09I,2020-02-28,-68.2833,32.7333,24.0,-2.5632477,4.246399,-0.0482024953447494,-0.0188854166666546
B09I,2020-02-29,-68.3013,32.6338,24.0,-2.5632477,4.246399,-0.04726198179047431,-0.023125000000000877
B09I,2020-03-01,-68.3254,32.5432,24.0,-1.9870758,3.8450317,-0.04298903459774426,-0.03096180555556099
B09I,2020-03-02,-68.3553,32.4532,24.0,-1.9870758,3.8450317,-0.042648260093760194,-0.03841319444444164
B09I,2020-03-03,-68.3912,32.3555,24.0,-1.7194977,2.5637817,-0.04622394617614921,-0.04612152777777527
B09I,2020-03-04,-68.4328,32.2418,24.0,-1.7194977,2.5637817,-0.05369526846618554,-0.05344444444444769
B09I,2020-03-05,-68.4802,32.1038,24.0,-1.2927399,2.2590942,-0.06503461389330535,-0.06089583333332834
B09I,2020-03-06,-68.5333,31.9333,24.0,-1.2927399,2.2590942,-0.0801618490883414,-0.06821875000000076
B09I,2020-03-07,-68.6145,31.6414,24.0,-0.8669586,1.9534302,-0.13674422877324144,-0.10431944444445691
B09I,2020-03-08,-68.7365,31.1781,24.0,-0.8288727,0.1272583,-0.21585810120423704,-0.15673611111111097
B09I,2020-03-09,-68.8842,30.5937,24.0,-0.8991852,0.286438,-0.27047575182325434,-0.18975347222222275
B09I,2020-03-10,-69.0426,29.9385,24.0,-0.09449768,0.9143677,-0.3010718571164899,-0.20349999999998217
B09I,2020-03-11,-69.197,29.2626,24.0,-0.94996643,2.1243286,-0.30839741409824606,-0.1983611111111235
B09I,2020-03-12,-69.3322,28.6164,24.0,0.424057,2.965149,-0.29301390784782516,-0.1736944444444413
B09I,2020-03-13,-69.4333,28.05,24.0,-2.7819977,3.420227,-0.2556275217469575,-0.12988541666666978
B09I,2020-03-14,-69.5136,27.5556,24.0,-2.3425446,3.7854614,-0.22229883022966862,-0.10316319444443679
B09I,2020-03-15,-69.5933,27.0853,24.0,-2.0905914,3.9817505,-0.21067514666465173,-0.10239236111111438
B09I,2020-03-16,-69.6682,26.6293,24.0,-4.1306305,4.3186646,-0.20355138883503648,-0.09622569444444383
B09I,2020-03-17,-69.734,26.1776,24.0,-3.8845367,4.680969,-0.20100688163759572,-0.0845347222222169
B09I,2020-03-18,-69.7863,25.7204,24.0,-3.9880524,5.0462036,-0.20295133264810108,-0.06719097222222538
B09I,2020-03-19,-69.8208,25.2478,24.0,-4.202896,5.5374146,-0.20944428564237536,-0.044322916666677474
B09I,2020-03-20,-69.8333,24.75,24.0,-4.4314117,5.906555,-0.2204813181337846,-0.016059027777763173
B09I,2020-03-21,-69.8262,24.2295,24.0,-5.0105133,6.029602,-0.23061319006731446,0.009121527777770212
B09I,2020-03-22,-69.8067,23.695,24.0,-5.4206696,5.98468,-0.2370353965776199,0.025052083333325155
B09I,2020-03-23,-69.7775,23.1463,24.0,-5.721451,5.844055,-0.2436698311225637,0.037513888888892746
B09I,2020-03-24,-69.7413,22.5828,24.0,-6.0212555,5.400696,-0.25067144738123076,0.046506944444454724
B09I,2020-03-25,-69.7006,22.0042,24.0,-6.437271,5.2073364,-0.25788394284366456,0.052288194444445824
B09I,2020-03-26,-69.6582,21.41,24.0,-6.7917633,5.196594,-0.2653666741436448,0.054472222222223074
B09I,2020-03-27,-69.6167,20.8,24.0,-5.143326,4.998352,-0.27295503074379357,0.0533159722222212
B09I,2020-03-28,-69.5661,20.0854,24.0,-5.1999664,5.371399,-0.3205199884809357,0.06500694444442986
B09I,2020-03-29,-69.5,19.2361,24.0,-5.2536774,5.6829224,-0.38211638088318134,0.08492013888889637
B09I,2020-03-30,-69.4264,18.3391,24.0,-4.8288727,5.369446,-0.4049637721935135,0.09455555555555427
B09I,2020-03-31,-69.3533,17.4815,24.0,-4.2282867,4.090149,-0.3884917851853405,0.09391319444444009
B09I,2020-04-01,-69.2886,16.7505,24.0,-4.877701,3.288391,-0.33213430482666795,0.08312152777778033
B09I,2020-04-02,-69.2404,16.2332,24.0,-5.240982,2.7337036,-0.23556127560009685,0.06192361111112198
B09I,2020-04-03,-69.2167,16.0167,24.0,-5.3786774,2.449524,-0.09869449831910071,0.030447916666655042
B09I,2020-04-04,-69.2084,15.9866,24.0,-5.3786774,2.449524,-0.013726735566011538,0.010663194444451542
B09I,2020-04-05,-69.2011,15.9675,24.0,-5.3786774,2.449524,-0.008713243294619075,0.009378472222223187
B09I,2020-04-06,-69.1949,15.955,24.0,-5.3786774,2.449524,-0.005704008830668858,0.007965277777768343
B09I,2020-04-07,-69.19,15.9447,24.0,-5.3786774,2.449524,-0.004701161137937975,0.006295138888897039
B09I,2020-04-08,-69.1863,15.9323,24.0,-5.3786774,2.449524,-0.0056606119286866175,0.004753472222215708
B09I,2020-04-09,-69.1841,15.9133,24.0,-5.3786774,2.449524,-0.008674394372192787,0.00282638888889143
B09I,2020-04-10,-69.1833,15.8833,24.0,-5.3786774,2.449524,-0.013696915182301997,0.0010277777777753824
B09I,2020-04-11,-69.1982,15.7048,24.0,-5.518326,2.1653442,-0.08144089915842068,-0.019142361111107575
B09I,2020-04-12,-69.238,15.2865,24.0,-5.6423492,1.4680786,-0.19050100555140223,-0.05113194444444395
B09I,2020-04-13,-69.2952,14.693,24.0,-5.7693024,0.7932739,-0.2695781846358362,-0.07348611111110416
B09I,2020-04-14,-69.3625,13.9895,24.0,-6.015396,0.047180176,-0.31854886060727816,-0.08646180555555945
B09I,2020-04-15,-69.4323,13.2407,24.0,-5.8337555,-0.3493042,-0.3379639689711457,-0.08967361111111206
B09I,2020-04-16,-69.4973,12.5114,24.0,-6.242935,-0.8707886,-0.3281674324489598,-0.08350694444444152
B09I,2020-04-17,-69.55,11.8667,24.0,-6.489029,-1.0846558,-0.28938578052734465,-0.06770486111111307
B09I,2020-04-18,-69.5941,11.2941,24.0,-6.7761383,-1.1295776,-0.2564917318984279,-0.05665625000000032
B09I,2020-04-19,-69.6375,10.7317,24.0,-6.8718414,-0.6647339,-0.25140969843940103,-0.05575694444445143
B09I,2020-04-20,-69.6795,10.1704,24.0,-7.2868805,-0.85028076,-0.2504223259583176,-0.05395833333333538
B09I,2020-04-21,-69.7193,9.6008,24.0,-7.919693,-1.1618042,-0.2536485977316783,-0.05113194444444395
B09I,2020-04-22,-69.7559,9.0137,24.0,-8.520279,-1.345398,-0.2609895254194567,-0.04702083333332416
B09I,2020-04-23,-69.7887,8.3999,24.0,-9.066177,-1.6901245,-0.2724351620963866,-0.042138888888900224
B09I,2020-04-24,-69.8167,7.75,24.0,-9.433365,-2.242859,-0.28807520985484825,-0.035972222222211414
B09I,2020-04-25,-69.8418,7.0603,24.0,-9.809341,-2.8102417,-0.3053526286468734,-0.032246527777789344
B09I,2020-04-26,-69.8659,6.335,24.0,-9.875748,-3.269226,-0.3207459453968144,-0.030961805555542732
B09I,2020-04-27,-69.8884,5.5773,24.0,-10.840591,-2.7819214,-0.3347151102363171,-0.028906250000010222
B09I,2020-04-28,-69.9087,4.7901,24.0,-11.259537,-3.367859,-0.3474102888750148,-0.026079861111100534
B09I,2020-04-29,-69.9262,3.9767,24.0,-11.017349,-3.6168823,-0.3586732101084193,-0.0224826388888867
B09I,2020-04-30,-69.9401,3.1401,24.0,-10.719498,-3.883484,-0.36865846011018594,-0.01785763888889748
B09I,2020-05-01,-69.95,2.2833,24.0,-9.228287,-4.579773,-0.3773811844865176,-0.012718750000002306
B09I,2020-05-09,-69.9915,-5.2061,24.0,-2.7429352,-4.789734,-0.30304643269246073,-0.010534722222225056
B09I,2020-05-10,-70.0017,-5.8639,24.0,-2.7429352,-4.789734,-0.2890143356354882,-0.013104166666663511
B09I,2020-05-11,-70.0139,-6.481,24.0,-2.7429352,-4.789734,-0.27097353898335097,-0.015673611111120225
B09I,2020-05-12,-70.0282,-7.0487,24.0,-2.7429352,-4.789734,-0.24911052986493912,-0.018371527777766912
B09I,2020-05-13,-70.0445,-7.5582,24.0,-2.7429352,-4.789734,-0.22339695664525064,-0.020940972222223624
B09I,2020-05-14,-70.0629,-8.0004,24.0,-2.7429352,-4.789734,-0.1937168919122059,-0.023638888888888567
B09I,2020-05-15,-70.0833,-8.3667,24.0,-2.7429352,-4.789734,-0.16030945578893407,-0.026208333333327023
B09I,2020-05-16,-70.1084,-8.6629,24.0,-2.7429352,-4.789734,-0.1294737781783748,-0.032246527777789344
B09I,2020-05-17,-70.1403,-8.9112,24.0,-5.702896,-4.822937,-0.1083688936163006,-0.040982638888880096
B09I,2020-05-18,-70.1786,-9.1273,24.0,-5.702896,-4.822937,-0.09414084875063848,-0.04920486111111967
B09I,2020-05-19,-70.2226,-9.3269,24.0,-5.702896,-4.822937,-0.08676757849023521,-0.05652777777777383
B09I,2020-05-20,-70.2718,-9.5257,24.0,-5.702896,-4.822937,-0.08621340237364593,-0.06320833333333208
B09I,2020-05-21,-70.3255,-9.7392,24.0,-5.702896,-4.822937,-0.09234631116604167,-0.06898958333334143
B09I,2020-05-22,-70.3833,-9.9833,24.0,-10.154068,-4.8688354,-0.10528394969662135,-0.07425694444444482
B09I,2020-05-23,-70.4527,-10.2512,24.0,-10.154068,-4.8688354,-0.11515646683127286,-0.08915972222220613
B09I,2020-05-24,-70.5388,-10.5279,24.0,-10.154068,-4.8688354,-0.11843559534747863,-0.1106145833333357
B09I,2020-05-25,-70.6372,-10.8164,24.0,-14.04274,-5.3063354,-0.12288597921569187,-0.12641666666668241
B09I,2020-05-26,-70.7436,-11.1198,24.0,-14.04274,-5.3063354,-0.12854948082369377,-0.13669444444443624
B09I,2020-05-27,-70.8535,-11.4411,24.0,-14.04274,-5.3063354,-0.1353859307224311,-0.14119097222221721
B09I,2020-05-28,-70.9627,-11.7835,24.0,-15.63356,-6.371765,-0.1434845525518902,-0.14029166666666834
B09I,2020-05-29,-71.0667,-12.15,24.0,-15.63356,-6.371765,-0.15277561736818648,-0.13361111111111007
B09I,2020-05-30,-71.1632,-12.5451,24.0,-15.248795,-6.9918823,-0.1638886435852719,-0.1239756944444522
B09I,2020-05-31,-71.2555,-12.9714,24.0,-15.248795,-6.9918823,-0.17599524484284806,-0.11857986111110405
B09I,2020-06-01,-71.3472,-13.4294,24.0,-15.248795,-6.9918823,-0.18819037520519458,-0.11780902777778164
B09I,2020-06-02,-71.442,-13.9192,24.0,-14.655319,-4.7629395,-0.20027012988954357,-0.12179166666665668
B09I,2020-06-03,-71.5438,-14.4413,24.0,-14.79306,-7.3442383,-0.2123468751561854,-0.13078472222223692
B09I,2020-06-04,-71.6563,-14.9959,24.0,-16.664612,-4.330414,-0.22423769164890575,-0.14453124999999636
B09I,2020-06-05,-71.7833,-15.5833,24.0,-7.344757,-8.611389,-0.23591118747663417,-0.16315972222221625
B09I,2020-06-06,-71.9525,-16.2738,24.0,-3.795868,1.8898773,-0.27482853562949683,-0.2173750000000046
B09I,2020-06-07,-72.1729,-17.097,24.0,-1.5692749,0.4215088,-0.32377449781555306,-0.2831527777777751
B09I,2020-06-08,-72.42,-17.9923,24.0,-3.1730804,-2.67128,-0.3474066910739502,-0.3174548611111152
B09I,2020-06-09,-72.6691,-18.8992,24.0,-3.6358185,2.6987152,-0.34707567999644684,-0.32002430555555367
B09I,2020-06-10,-72.8957,-19.757,24.0,-4.472458,-1.1425171,-0.324121697787381,-0.29111805555556175
B09I,2020-06-11,-73.0753,-20.5052,24.0,-4.094208,3.6055145,-0.27982788799545044,-0.2307361111111028
B09I,2020-06-12,-73.1833,-21.0833,24.0,-4.4702606,4.2379303,-0.21487053924498384,-0.13875000000000526
B09I,2020-06-13,-73.2413,-21.5169,24.0,-5.856827,2.777954,-0.16062232690825584,-0.07451388888887954
B09I,2020-06-14,-73.2888,-21.8853,24.0,-4.5697937,6.1194916,-0.13609395219082285,-0.06102430555555483
B09I,2020-06-15,-73.3282,-22.2087,24.0,-5.6183014,-0.21539307,-0.11919642809753109,-0.050618055555556256
B09I,2020-06-16,-73.3617,-22.5069,24.0,-2.5942535,-4.975418,-0.10969379650214393,-0.04303819444444912
B09I,2020-06-17,-73.3916,-22.7998,24.0,-6.9688263,-2.9429474,-0.10755601123505608,-0.03841319444444164
B09I,2020-06-18,-73.4203,-23.1076,24.0,-7.437622,1.0084076,-0.1128376216484621,-0.036871527777778565
B09I,2020-06-19,-73.45,-23.45,24.0,-6.378113,7.428955,-0.12530321416965234,-0.03815625000000693
B09I,2020-06-20,-73.4796,-23.8407,24.0,-7.4909973,10.099014,-0.1427302843512542,-0.038027777777780436
B09I,2020-06-21,-73.5069,-24.2668,24.0,-7.7408752,8.103867,-0.15541250854959576,-0.03507291666666252
B09I,2020-06-22,-73.5325,-24.709,24.0,-9.09166,4.0833282,-0.16104129812755288,-0.03288888888888527
B09I,2020-06-23,-73.5572,-25.1478,24.0,-7.560425,5.9014435,-0.15957000848499492,-0.0317326388888834
B09I,2020-06-24,-73.5817,-25.5639,24.0,-8.208252,6.4137726,-0.15109588169700827,-0.031475694444448685
B09I,2020-06-25,-73.6069,-25.9377,24.0,-3.1404724,-2.3325653,-0.13553312164014422,-0.03237499999999758
B09I,2020-06-26,-73.6333,-26.25,24.0,-6.668289,0.29162598,-0.11305696849970925,-0.033916666666678905
B09I,2020-06-27,-73.6645,-26.5035,24.0,-5.558655,3.9571533,-0.09160037370559804,-0.0400833333333312
B09I,2020-06-28,-73.7008,-26.722,24.0,-3.301056,5.9174347,-0.07878269667880768,-0.04663541666666296
B09I,2020-06-29,-73.7388,-26.9178,24.0,-4.403412,7.8380585,-0.07043780599361783,-0.04881944444444021
B09I,2020-06-30,-73.7747,-27.103,24.0,-1.9528809,6.20961,-0.06648139332302179,-0.04612152777777527
B09I,2020-07-01,-73.8048,-27.2898,24.0,-2.1262665,7.5675354,-0.06693468360519758,-0.03867013888889462
B09I,2020-07-02,-73.8256,-27.4903,24.0,-3.8981018,4.568756,-0.07175389955908391,-0.026722222222214712
B09I,2020-07-03,-73.8333,-27.7167,24.0,-4.3824463,5.868042,-0.08098531470757969,-0.009892361111110878
B09I,2020-07-04,-73.8307,-28.0059,24.0,-2.3873749,6.1669464,-0.10346563230636156,0.0033402777777791215
B09I,2020-07-05,-73.8233,-28.3607,24.0,-3.6056976,8.3598175,-0.12699155626590916,0.009506944444431417
B09I,2020-07-06,-73.8116,-28.7419,24.0,-0.17030334,4.2425385,-0.1365368023427218,0.015031250000006045
B09I,2020-07-07,-73.7962,-29.1105,24.0,-3.8007202,3.4215698,-0.1321460103663181,0.019784722222221756
B09I,2020-07-08,-73.7777,-29.4274,24.0,-4.50708,0.6807251,-0.11373738021264972,0.023767361111115052
B09I,2020-07-09,-73.7565,-29.6536,24.0,-4.5996704,0.971756,-0.0812878259877496,0.027236111111102402
B09I,2020-07-10,-73.7333,-29.75,24.0,-6.578125,6.495102,-0.034690700250056924,0.02980555555555912
B09I,2020-07-11,-73.6861,-29.7651,24.0,-10.592575,0.16101074,-0.0054492562039378445,0.06063888888889362
B09I,2020-07-12,-73.603,-29.7749,24.0,-11.631805,2.644638,-0.0035541249608198613,0.10676041666666888
B09I,2020-07-13,-73.4998,-29.7815,24.0,-6.7481384,1.811264,-0.002408241822648425,0.13258333333333472
B09I,2020-07-14,-73.3922,-29.7869,24.0,-6.3701324,0.07722473,-0.001982868109912604,0.1382361111110993
B09I,2020-07-15,-73.2959,-29.7932,24.0,-5.7994537,2.2332916,-0.0023263789499578962,0.12371874999999921
B09I,2020-07-16,-73.2266,-29.8024,24.0,-4.96669,2.9101868,-0.0034109418313092664,0.0890312499999979
B09I,2020-07-17,-73.2,-29.8167,24.0,-7.1767426,6.345764,-0.005309955686227203,0.03417361111111362
B09I,2020-07-18,-73.2028,-29.8562,24.0,-4.469589,5.7347717,-0.014664985996829243,-0.0035972222222138387
B09I,2020-07-19,-73.2099,-29.9336,24.0,-7.1976166,7.482971,-0.028724150631035936,-0.00912152777778847
B09I,2020-07-20,-73.2197,-30.0397,24.0,-5.7542114,2.4819183,-0.0393527741081647,-0.012590277777775822
B09I,2020-07-21,-73.2303,-30.1653,24.0,-4.4977417,4.667328,-0.0465567940894901,-0.013618055555551201
B09I,2020-07-22,-73.2401,-30.3011,24.0,-7.198654,4.0367584,-0.05030910762991751,-0.012590277777775822
B09I,2020-07-23,-73.2472,-30.438,24.0,-10.991608,0.90431213,-0.05069574964662224,-0.00912152777778847
B09I,2020-07-24,-73.25,-30.5667,24.0,-7.771118,-3.1679688,-0.0476514517092966,-0.0035972222222138387
B09I,2020-07-25,-73.2417,-30.7105,24.0,-5.991806,-3.7092285,-0.05326788543680034,0.010663194444451542
B09I,2020-07-26,-73.2191,-30.8857,24.0,-7.103821,3.2655792,-0.06498440583685373,0.029034722222218454
B09I,2020-07-27,-73.1857,-31.0728,24.0,-5.120224,3.464676,-0.06953244436315498,0.04290972222222263
B09I,2020-07-28,-73.1453,-31.2523,24.0,-8.766769,6.6529694,-0.06686367329435763,0.051902777777766355
B09I,2020-07-29,-73.1012,-31.4047,24.0,-5.829651,3.0608673,-0.05691314341711902,0.05665625000000032
B09I,2020-07-30,-73.0572,-31.5104,24.0,-5.7404327,3.743164,-0.039572992034730775,0.056527777777792096
B09I,2020-07-31,-73.0167,-31.55,24.0,-6.3247375,4.2987823,-0.014860229247130015,0.05203124999999284
B09I,2020-08-01,-72.9789,-31.5463,24.0,-8.6586,3.6341095,0.0013914547275736143,0.04856250000000548
B09I,2020-08-02,-72.9403,-31.5368,24.0,-9.809586,2.212677,0.0035805154336198087,0.049590277777780876
B09I,2020-08-03,-72.9002,-31.5237,24.0,-4.587204,0.8823242,0.004948601684437788,0.05151736111110516
B09I,2020-08-04,-72.8583,-31.5096,24.0,-6.7156525,2.7697296,0.005339017580741285,0.0538298611111089
B09I,2020-08-05,-72.8141,-31.4965,24.0,-6.4986267,3.2921753,0.004972768799438943,0.05678472222222681
B09I,2020-08-06,-72.7671,-31.487,24.0,-7.5877075,3.764038,0.0036157698608224762,0.060381944444440644
B09I,2020-08-07,-72.7167,-31.4833,24.0,-5.60524,2.5922546,0.0014122403276740421,0.06474999999999516
B09I,2020-08-08,-72.6525,-31.557,24.0,-6.060425,3.0431519,-0.0282315860869664,0.08247916666666613
B09I,2020-08-09,-72.5709,-31.7499,24.0,-4.3428955,-4.9388733,-0.0742292591264001,0.1048333333333446
B09I,2020-08-10,-72.4819,-32.0202,24.0,-7.342285,-5.9228516,-0.1045278398746099,0.11434027777777603
B09I,2020-08-11,-72.3954,-32.3256,24.0,-2.6412048,-0.5603943,-0.11866611183563706,0.1111284722222234
B09I,2020-08-12,-72.3212,-32.6243,24.0,-5.4977417,0.5620575,-0.11653635509492195,0.09532638888887669
B09I,2020-08-13,-72.2695,-32.8742,24.0,-5.351639,1.3464813,-0.09777324760939812,0.06642013888890297
B09I,2020-08-14,-72.25,-33.0333,24.0,-5.007416,2.026245,-0.06231405101000474,0.025052083333325155
B09I,2020-08-15,-72.2602,-33.1314,24.0,-5.318924,1.7343445,-0.03840105961665187,-0.013104166666663511
B09I,2020-08-16,-72.2863,-33.2242,24.0,-3.6334686,1.11203,-0.03627465386403979,-0.03353124999999944
B09I,2020-08-17,-72.3221,-33.308,24.0,-5.288727,2.1355438,-0.03269255197626256,-0.045993055555567035
B09I,2020-08-18,-72.3612,-33.3794,24.0,-4.6019135,-0.13583374,-0.027795341911484903,-0.050232638888876795
B09I,2020-08-19,-72.397,-33.4348,24.0,-3.417511,-0.5204315,-0.02152430918644208,-0.045993055555567035
B09I,2020-08-20,-72.4231,-33.4706,24.0,-5.2805176,2.8666077,-0.01388923897366272,-0.03353124999999944
B09I,2020-08-21,-72.4333,-33.4833,24.0,-5.8425293,2.120224,-0.004924419031441849,-0.013104166666663511
B09I,2020-08-22,-72.4299,-33.4815,24.0,-7.510544,5.1992645,0.0006980799799592163,0.004368055555554504
B09I,2020-08-23,-72.4203,-33.4767,24.0,-6.030487,1.943634,0.0018625316198688535,0.012333333333341103
B09I,2020-08-24,-72.4055,-33.4702,24.0,-5.0135803,2.7774506,0.002524234468892455,0.01901388888888109
B09I,2020-08-25,-72.3868,-33.4631,24.0,-5.3318176,-4.6092377,0.002760078366142494,0.02402430555556803
B09I,2020-08-26,-72.365,-33.4566,24.0,-6.1415253,-4.651642,0.0025298604630183056,0.02800694444444307
B09I,2020-08-27,-72.3413,-33.4518,24.0,-3.9929962,3.422104,0.0018706354156345585,0.030447916666655042
B09I,2020-08-28,-72.3167,-33.45,24.0,-4.5855103,3.91745,0.0007024343065061825,0.03160416666667516
B09I,2020-08-29,-72.287,-33.5137,24.0,-3.6536255,4.416046,-0.024898783040764292,0.038156249999988665
B09I,2020-08-30,-72.2484,-33.678,24.0,-4.806259,2.8541107,-0.06435632773203795,0.049590277777780876
B09I,2020-08-31,-72.2027,-33.9026,24.0,-5.6383514,2.5016327,-0.0881950089615641,0.058711805555569346
B09I,2020-09-01,-72.1516,-34.1474,24.0,-4.836136,4.1865845,-0.09639409179695488,0.06564930555554405
B09I,2020-09-02,-72.0968,-34.372,24.0,-4.4982452,4.531311,-0.08870266055326255,0.07040277777777801
B09I,2020-09-03,-72.0402,-34.5363,24.0,-4.4982452,4.531311,-0.06508639830938519,0.07271527777778175
B09I,2020-09-04,-71.9833,-34.6,24.0,-4.4982452,4.531311,-0.025311648132420404,0.07310069444444296
B09I,2020-09-05,-71.9151,-34.5805,24.0,-4.4982452,4.531311,0.007776815902553331,0.0876180555555613
B09I,2020-09-06,-71.83,-34.5271,24.0,-3.8644562,4.1533813,0.02139334986891597,0.10932986111110735
B09I,2020-09-07,-71.7379,-34.4473,24.0,-3.8644562,4.1533813,0.03212637548372845,0.11832291666666932
B09I,2020-09-08,-71.6488,-34.3488,24.0,-3.8644562,4.1533813,0.039841565833945616,0.1144687500000025
B09I,2020-09-09,-71.5728,-34.2391,24.0,-3.7648468,3.591858,0.04454917019594279,0.09763888888888042
B09I,2020-09-10,-71.5199,-34.1259,24.0,-3.7648468,3.591858,0.04609788888735118,0.06796180555554779
B09I,2020-09-11,-71.5,-34.0167,24.0,-3.7648468,3.591858,0.044515199088164904,0.0255659722222311
B09I,2020-09-12,-71.5073,-33.8982,24.0,-3.7648468,3.591858,0.04828793394082263,-0.009378472222223187
B09I,2020-09-13,-71.5266,-33.7577,24.0,-3.7648468,3.591858,0.057195116441669795,-0.024795138888890438
B09I,2020-09-14,-71.554,-33.604,24.0,-3.7648468,3.591858,0.0624790363381844,-0.035201388888889004
B09I,2020-09-15,-71.5855,-33.446,24.0,-3.7648468,3.591858,0.06412111243304344,-0.04046874999999241
B09I,2020-09-16,-71.6175,-33.2923,24.0,-3.7648468,3.591858,0.0622713979275985,-0.04111111111112484
B09I,2020-09-17,-71.6458,-33.1518,24.0,-3.8644562,4.1533813,0.05683881813185684,-0.03635763888887262
B09I,2020-09-18,-71.6667,-33.0333,24.0,-3.8644562,4.1533813,0.0478860785423495,-0.02685069444445946
B09I,2020-09-19,-71.683,-32.9241,24.0,-3.8644562,4.1533813,0.04409004322082217,-0.020940972222223624
B09I,2020-09-20,-71.6994,-32.8109,24.0,-3.8644562,4.1533813,0.04566554323208125,-0.021069444444431856
B09I,2020-09-21,-71.715,-32.7012,24.0,-3.8644562,4.1533813,0.04421718957297027,-0.02004166666667473
B09I,2020-09-22,-71.7289,-32.6027,24.0,-3.8644562,4.1533813,0.039673612651713375,-0.017857638888879222
B09I,2020-09-23,-71.74,-32.5229,24.0,-3.8644562,4.1533813,0.03212280713574187,-0.01426041666666538
B09I,2020-09-24,-71.7473,-32.4695,24.0,-3.8644562,4.1533813,0.02148741222786156,-0.009378472222223187
B09I,2020-09-25,-71.75,-32.45,24.0,-3.8644562,4.1533813,0.007845405777012206,-0.0034687500000056084
B09I,2020-10-10,-71.6537,-36.4535,24.0,-3.8644562,4.1533813,-0.0014153251595897499,-0.004753472222215708
B09I,2020-10-11,-71.6632,-36.4559,24.0,-3.8644562,4.1533813,-0.0009700234168924102,-0.012204861111114617
B09I,2020-10-12,-71.6763,-36.4576,24.0,-3.8644562,4.1533813,-0.0006866259056050409,-0.016829861111103836
B09I,2020-10-13,-71.6904,-36.459,24.0,-3.8644562,4.1533813,-0.0005650364312177876,-0.018114583333332195
B09I,2020-10-14,-71.7035,-36.4607,24.0,-3.8644562,4.1533813,-0.000685641577283979,-0.016829861111122096
B09I,2020-10-15,-71.713,-36.4631,24.0,-3.8644562,4.1533813,-0.0009674791760758962,-0.012204861111096359
B09I,2020-10-16,-71.7167,-36.4667,24.0,-3.8644562,4.1533813,-0.0014509351754205767,-0.0047534722222339655
B09I,2020-10-17,-71.701,-36.4753,24.0,-3.8644562,4.1533813,-0.003468997455154043,0.020170138888901217
B09I,2020-10-18,-71.6605,-36.4914,24.0,-3.8644562,4.1533813,-0.006508165633921513,0.05203124999999284
B09I,2020-10-19,-71.6052,-36.5136,24.0,-3.7648468,3.591858,-0.009000117401641734,0.07104513888889219
B09I,2020-10-20,-71.5448,-36.5404,24.0,-3.7648468,3.591858,-0.010899441958777557,0.07759722222222394
B09I,2020-10-21,-71.4895,-36.5702,24.0,-3.7648468,3.591858,-0.012154573904655078,0.07104513888887393
B09I,2020-10-22,-71.449,-36.6017,24.0,-3.7648468,3.591858,-0.012875078198703201,0.052031250000011096
B09I,2020-10-23,-71.4333,-36.6333,24.0,-3.7648468,3.591858,-0.012926497284222125,0.02017013888888296
B09I,2020-10-24,-71.4499,-36.6738,24.0,-3.7648468,3.591858,-0.01655289712923385,-0.02132638888888483
B09I,2020-10-25,-71.4928,-36.7279,24.0,-3.7648468,3.591858,-0.02206205791769221,-0.05511458333333725
B09I,2020-10-26,-71.5514,-36.7885,24.0,-3.7648468,3.591858,-0.024637245985307452,-0.0752847222222202
B09I,2020-10-27,-71.6152,-36.8483,24.0,-3.7648468,3.591858,-0.024230835507644915,-0.08196527777777846
B09I,2020-10-28,-71.6738,-36.8999,24.0,-3.8644562,4.1533813,-0.020843861559144552,-0.0752847222222202
B09I,2020-10-29,-71.7167,-36.9363,24.0,-3.8644562,4.1533813,-0.014670566773673396,-0.05511458333333725
B09I,2020-10-30,-71.7333,-36.95,24.0,-3.8644562,4.1533813,-0.005516772261714495,-0.02132638888888483
B09I,2020-10-31,-71.7139,-36.9334,24.0,-3.8644562,4.1533813,0.006691412891227227,0.024923611111116923
B09I,2020-11-01,-71.6633,-36.8905,24.0,-3.8644562,4.1533813,0.0173390772681564,0.06500694444442986
B09I,2020-11-02,-71.5927,-36.8319,24.0,-3.7648468,3.591858,0.02377265144827663,0.09070138888890572
B09I,2020-11-03,-71.5131,-36.7681,24.0,-3.7648468,3.591858,0.025990191669543476,0.1022638888888879
B09I,2020-11-04,-71.4359,-36.7095,24.0,-3.7648468,3.591858,0.02396805073723626,0.0991805555555435
B09I,2020-11-05,-71.3723,-36.6666,24.0,-3.7882843,3.6533813,0.017604561127876447,0.08170833333334374
B09I,2020-11-06,-71.3333,-36.65,24.0,-3.7882843,3.6533813,0.006825775700125593,0.05010416666666856
B15AA,2020-01-01,-57.3332,-30.5529,24.0,-5.156021,8.167297,0.3650227003512614,0.05254513888888966
B15AA,2020-01-02,-57.3018,-30.3098,24.0,-5.156021,8.167297,0.16871742419269392,0.040340277777775047
B15AA,2020-01-03,-57.2667,-30.2167,24.0,-5.156021,8.167297,0.06467535613846534,0.045093749999999884
B15AA,2020-01-04,-57.2194,-30.262,24.0,-5.156021,8.167297,-0.03150972372282509,0.060767361111110973
B15AA,2020-01-05,-57.1546,-30.3796,24.0,-5.156021,8.167297,-0.08194368511079267,0.08324999999999767
B15AA,2020-01-06,-57.0776,-30.5418,24.0,-5.350357,8.527649,-0.11325614130329735,0.09892361111111792
B15AA,2020-01-07,-56.9935,-30.7209,24.0,-5.350357,8.527649,-0.12533992923259263,0.10804513888888811
B15AA,2020-01-08,-56.9075,-30.8893,24.0,-5.350357,8.527649,-0.11812391728934933,0.11048611111110922
B15AA,2020-01-09,-56.8246,-31.0193,24.0,-5.399185,8.818665,-0.09139065259719774,0.10650347222222505
B15AA,2020-01-10,-56.75,-31.0833,24.0,-5.399185,8.818665,-0.045081887760526296,0.09584027777777351
B15AA,2020-01-11,-56.6834,-31.1034,24.0,-5.399185,8.818665,-0.014183623004714839,0.08556250000000142
B15AA,2020-01-12,-56.6199,-31.1204,24.0,-5.192154,9.031555,-0.012016318747278355,0.08157986111110813
B15AA,2020-01-13,-56.5582,-31.1345,24.0,-5.192154,9.031555,-0.009982759476282495,0.07926736111111352
B15AA,2020-01-14,-56.4968,-31.146,24.0,-5.192154,9.031555,-0.008155173738987291,0.07888194444444317
B15AA,2020-01-15,-56.4343,-31.155,24.0,-5.192154,9.031555,-0.006392823272084531,0.0802951388888889
B15AA,2020-01-16,-56.3692,-31.1618,24.0,-4.819107,9.157532,-0.004838400925001835,0.083635416666668
B15AA,2020-01-17,-56.3,-31.1667,24.0,-4.819107,9.157532,-0.0034928227325106472,0.08890277777778054
B15AA,2020-01-18,-56.2262,-31.17,24.0,-4.819107,9.157532,-0.0023568503763217487,0.09481249999999812
B15AA,2020-01-19,-56.1485,-31.1721,24.0,-4.819107,9.157532,-0.0015028537498626338,0.0998229166666668
B15AA,2020-01-20,-56.0679,-31.1737,24.0,-4.490982,9.242493,-0.001147431741443453,0.10354861111110711
B15AA,2020-01-21,-55.9853,-31.1751,24.0,-4.490982,9.242493,-0.0010061531021701116,0.10611805555555472
B15AA,2020-01-22,-55.9014,-31.1769,24.0,-4.490982,9.242493,-0.001296430884962204,0.10778819444444428
B15AA,2020-01-23,-55.8171,-31.1795,24.0,-4.4001617,9.420227,-0.001876690007588813,0.10830208333333195
B15AA,2020-01-24,-55.7333,-31.1833,24.0,-4.4001617,9.420227,-0.0027487584611833255,0.1076597222222269
B15AA,2020-01-25,-55.6494,-31.2128,24.0,-4.4001617,9.420227,-0.021384887312957526,0.10778819444444428
B15AA,2020-01-26,-55.5644,-31.2839,24.0,-4.2624664,9.61261,-0.05165302429483348,0.10920138888888999
B15AA,2020-01-27,-55.4786,-31.3843,24.0,-4.2624664,9.61261,-0.07309823612285545,0.11022916666666538
B15AA,2020-01-28,-55.3922,-31.5018,24.0,-4.2624664,9.61261,-0.08573568860758235,0.1109999999999969
B15AA,2020-01-29,-55.3057,-31.6239,24.0,-3.9138336,9.58429,-0.08928696484914204,0.1111284722222234
B15AA,2020-01-30,-55.2193,-31.7385,24.0,-3.9138336,9.58429,-0.08398495419229539,0.11100000000000604
B15AA,2020-01-31,-55.1333,-31.8333,24.0,-3.9138336,9.58429,-0.06962453356276857,0.11048611111110922
B15AA,2020-02-01,-55.0495,-31.9203,24.0,-3.2292633,9.254211,-0.06402999252148821,0.1076597222222178
B15AA,2020-02-02,-54.9682,-32.0148,24.0,-3.2292633,9.254211,-0.0696909498084159,0.10444791666666514
B15AA,2020-02-03,-54.8876,-32.1092,24.0,-3.2292633,9.254211,-0.0697568315509603,0.10354861111111625
B15AA,2020-02-04,-54.8057,-32.1958,24.0,-3.2292633,9.254211,-0.06412305348656454,0.1052187499999967
B15AA,2020-02-05,-54.7206,-32.2671,24.0,-3.2292633,9.254211,-0.052905277657284706,0.10932986111111646
B15AA,2020-02-06,-54.6305,-32.3155,24.0,-3.2292633,9.254211,-0.03599303905010595,0.11575347222222174
B15AA,2020-02-07,-54.5333,-32.3333,24.0,-3.2292633,9.254211,-0.013268724970773815,0.12487500000000108
B15AA,2020-02-08,-54.419,-32.2991,24.0,-3.2292633,9.254211,0.025565179532720146,0.1468437500000001
B15AA,2020-02-09,-54.2852,-32.2069,24.0,-3.2292633,9.254211,0.06914611199496687,0.17189583333332525
B15AA,2020-02-10,-54.1417,-32.0721,24.0,-3.2292633,9.254211,0.10144616499053866,0.18435763888889284
B15AA,2020-02-11,-53.9983,-31.9102,24.0,-3.2292633,9.254211,0.12226228425428337,0.18422916666666633
B15AA,2020-02-12,-53.8648,-31.7367,24.0,-3.2292633,9.254211,0.13144207983145867,0.17151041666666403
B15AA,2020-02-13,-53.751,-31.5671,24.0,-3.2292633,9.254211,0.1288367354407378,0.14620138888889503
B15AA,2020-02-14,-53.6667,-31.4167,24.0,-3.2292633,9.254211,0.11448058818806224,0.10830208333333195
B15AA,2020-02-15,-53.6052,-31.2626,24.0,-3.2292633,9.254211,0.11746805359442948,0.07901041666666053
B15AA,2020-02-16,-53.552,-31.0834,24.0,-3.2292633,9.254211,0.1367734071059489,0.06834722222222724
B15AA,2020-02-17,-53.5053,-30.8969,24.0,-3.2292633,9.254211,0.14250213576408935,0.05999652777777944
B15AA,2020-02-18,-53.4636,-30.7208,24.0,-3.2292633,9.254211,0.13468797059164883,0.05357291666666504
B15AA,2020-02-19,-53.4249,-30.5729,24.0,-3.2292633,9.254211,0.11322263272405848,0.04971874999999823
B15AA,2020-02-20,-53.3876,-30.4712,24.0,-3.2292633,9.254211,0.07792320555116258,0.04792013888889131
B15AA,2020-02-21,-53.35,-30.4333,24.0,-3.2292633,9.254211,0.029064870194999523,0.04830555555555252
B15AA,2020-02-22,-53.3089,-30.437,24.0,-3.2292633,9.254211,-0.002840202488248554,0.052802083333333506
B15AA,2020-02-23,-53.2646,-30.4478,24.0,-3.2292633,9.254211,-0.008298920649855697,0.05691319444444416
B15AA,2020-02-24,-53.2206,-30.465,24.0,-3.2292633,9.254211,-0.013230395076973751,0.056527777777782964
B15AA,2020-02-25,-53.1803,-30.4878,24.0,-3.2292633,9.254211,-0.017554462981542125,0.051774305555549
B15AA,2020-02-26,-53.1473,-30.5155,24.0,-3.2292633,9.254211,-0.021343537110048463,0.04239583333333494
B15AA,2020-02-27,-53.1249,-30.5476,24.0,-3.2292633,9.254211,-0.02474674548223929,0.028777777777783738
B15AA,2020-02-28,-53.1167,-30.5833,24.0,-3.2292633,9.254211,-0.027527331985884227,0.010534722222215928
B15AA,2020-02-29,-53.125,-30.6661,24.0,-3.2292633,9.254211,-0.0638325781469658,-0.010663194444442414
B15AA,2020-03-01,-53.1464,-30.8196,24.0,-3.2292633,9.254211,-0.1182780363240404,-0.027493055555555382
B15AA,2020-03-02,-53.1757,-31.0134,24.0,-3.2292633,9.254211,-0.14922893682673646,-0.0376423611111101
B15AA,2020-03-03,-53.2077,-31.2171,24.0,-3.2292633,9.254211,-0.15673506488787553,-0.04111111111111571
B15AA,2020-03-04,-53.237,-31.4003,24.0,-3.2292633,9.254211,-0.1408651275197763,-0.0376423611111101
B15AA,2020-03-05,-53.2584,-31.5325,24.0,-3.2292633,9.254211,-0.1015996641422058,-0.027493055555555382
B15AA,2020-03-06,-53.2667,-31.5833,24.0,-3.2292633,9.254211,-0.03903374677026693,-0.010663194444442414
B15AA,2020-03-07,-53.2593,-31.5716,24.0,-3.2292633,9.254211,0.00899161162946701,0.009506944444440545
B15AA,2020-03-08,-53.2378,-31.5349,24.0,-3.2292633,9.254211,0.02821863296946216,0.027621527777781867
B15AA,2020-03-09,-53.2037,-31.4705,24.0,-3.2292633,9.254211,0.049556604702063946,0.04380902777778065
B15AA,2020-03-10,-53.1582,-31.3757,24.0,-3.2292633,9.254211,0.0730272102560349,0.05845486111110724
B15AA,2020-03-11,-53.1027,-31.248,24.0,-3.2292633,9.254211,0.09849817587400615,0.07130208333333604
B15AA,2020-03-12,-53.0384,-31.0848,24.0,-3.2292633,9.254211,0.12606829730300492,0.0826076388888835
B15AA,2020-03-13,-52.9667,-30.8833,24.0,-3.2292633,9.254211,0.15591290666554075,0.09211458333333317
B15AB,2020-01-01,-66.0167,51.1167,24.0,-13.45192,-3.4909058,0.0,0.0
B15AB,2020-01-02,-66.0167,51.1167,24.0,-13.45192,-3.4909058,0.0,0.0
B15AB,2020-01-03,-66.0167,51.1167,24.0,-13.45192,-3.4909058,0.0,0.0
B15AB,2020-01-04,-66.0167,51.1167,24.0,-13.45192,-3.4909058,0.0,0.0
B15AB,2020-01-05,-66.0167,51.1167,24.0,-13.45192,-3.4909058,0.0,0.0
B15AB,2020-01-06,-66.0167,51.1167,24.0,-13.45192,-3.4909058,0.0,0.0
B15AB,2020-01-07,-66.0167,51.1167,24.0,-13.45192,-3.4909058,0.0,0.0
B15AB,2020-01-08,-66.0167,51.1167,24.0,-13.45192,-3.4909058,0.0,0.0
B15AB,2020-01-09,-66.0167,51.1167,24.0,-13.45192,-3.4909058,0.0,0.0
B15AB,2020-01-10,-66.0167,51.1167,24.0,-13.45192,-3.4909058,0.0,0.0
B15AB,2020-01-11,-66.0167,51.1167,24.0,-13.45192,-3.4909058,0.0,0.0
B15AB,2020-01-12,-66.0167,51.1167,24.0,-13.45192,-3.4909058,0.0,0.0
B15AB,2020-01-13,-66.0167,51.1167,24.0,-13.45192,-3.4909058,0.0,0.0
B15AB,2020-01-14,-66.0167,51.1167,24.0,-13.45192,-3.4909058,0.0,0.0
B15AB,2020-01-15,-66.0167,51.1167,24.0,-13.45192,-3.4909058,0.0,0.0
B15AB,2020-01-16,-66.0167,51.1167,24.0,-13.45192,-3.4909058,0.0,0.0
B15AB,2020-01-17,-66.0167,51.1167,24.0,-13.45192,-3.4909058,0.0,0.0
B15AB,2020-01-18,-66.0167,51.1167,24.0,-13.45192,-3.4909058,0.0,0.0
B15AB,2020-01-19,-66.0167,51.1167,24.0,-13.45192,-3.4909058,0.0,0.0
B15AB,2020-01-20,-66.0167,51.1167,24.0,-13.45192,-3.4909058,0.0,0.0
B15AB,2020-01-21,-66.0167,51.1167,24.0,-13.45192,-3.4909058,0.0,0.0
B15AB,2020-01-22,-66.0167,51.1167,24.0,-13.45192,-3.4909058,0.0,0.0
B15AB,2020-01-23,-66.0167,51.1167,24.0,-13.45192,-3.4909058,0.0,0.0
B15AB,2020-01-24,-66.0167,51.1167,24.0,-13.45192,-3.4909058,0.0,0.0
B15AB,2020-01-25,-66.0167,51.1167,24.0,-13.45192,-3.4909058,0.0,0.0
B15AB,2020-01-26,-66.0167,51.1167,24.0,-13.45192,-3.4909058,0.0,0.0
B15AB,2020-01-27,-66.0167,51.1167,24.0,-13.45192,-3.4909058,0.0,0.0
B15AB,2020-01-28,-66.0167,51.1167,24.0,-13.45192,-3.4909058,0.0,0.0
B15AB,2020-01-29,-66.0167,51.1167,24.0,-13.45192,-3.4909058,0.0,0.0
B15AB,2020-01-30,-66.0167,51.1167,24.0,-13.45192,-3.4909058,0.0,0.0
B15AB,2020-01-31,-66.0167,51.1167,24.0,-13.45192,-3.4909058,0.0,0.0
B15AB,2020-02-01,-66.0167,51.1167,24.0,-13.45192,-3.4909058,0.0,0.0
B15AB,2020-02-02,-66.0167,51.1167,24.0,-13.45192,-3.4909058,0.0,0.0
B15AB,2020-02-03,-66.0167,51.1167,24.0,-13.45192,-3.4909058,0.0,0.0
B15AB,2020-02-04,-66.0167,51.1167,24.0,-13.45192,-3.4909058,0.0,0.0
B15AB,2020-02-05,-66.0167,51.1167,24.0,-13.45192,-3.4909058,0.0,0.0
B15AB,2020-02-06,-66.0167,51.1167,24.0,-13.45192,-3.4909058,0.0,0.0
B15AB,2020-02-07,-66.0167,51.1167,24.0,-13.45192,-3.4909058,0.0,0.0
B15AB,2020-02-08,-66.0167,51.1167,24.0,-13.45192,-3.4909058,0.0,0.0
B15AB,2020-02-09,-66.0167,51.1167,24.0,-13.45192,-3.4909058,0.0,0.0
B15AB,2020-02-10,-66.0167,51.1167,24.0,-13.45192,-3.4909058,0.0,0.0
B15AB,2020-02-11,-66.0167,51.1167,24.0,-13.45192,-3.4909058,0.0,0.0
B15AB,2020-02-12,-66.0167,51.1167,24.0,-13.45192,-3.4909058,0.0,0.0
B15AB,2020-02-13,-66.0167,51.1167,24.0,-13.45192,-3.4909058,0.0,0.0
B15AB,2020-02-14,-66.0167,51.1167,24.0,-13.45192,-3.4909058,0.0,0.0
B15AB,2020-02-15,-66.0167,51.1167,24.0,-13.45192,-3.4909058,0.0,0.0
B15AB,2020-02-16,-66.0167,51.1167,24.0,-13.45192,-3.4909058,0.0,0.0
B15AB,2020-02-17,-66.0167,51.1167,24.0,-13.45192,-3.4909058,0.0,0.0
B15AB,2020-02-18,-66.0167,51.1167,24.0,-13.45192,-3.4909058,0.0,0.0
B15AB,2020-02-19,-66.0167,51.1167,24.0,-13.45192,-3.4909058,0.0,0.0
B15AB,2020-02-20,-66.0167,51.1167,24.0,-13.45192,-3.4909058,0.0,0.0
B15AB,2020-02-21,-66.0167,51.1167,24.0,-13.45192,-3.4909058,0.0,0.0
B15AB,2020-02-22,-66.0167,51.1167,24.0,-13.45192,-3.4909058,0.0,0.0
B15AB,2020-02-23,-66.0167,51.1167,24.0,-13.45192,-3.4909058,0.0,0.0
B15AB,2020-02-24,-66.0167,51.1167,24.0,-13.45192,-3.4909058,0.0,0.0
B15AB,2020-02-25,-66.0167,51.1167,24.0,-13.45192,-3.4909058,0.0,0.0
B15AB,2020-02-26,-66.0167,51.1167,24.0,-13.45192,-3.4909058,0.0,0.0
B15AB,2020-02-27,-66.0167,51.1167,24.0,-13.45192,-3.4909058,0.0,0.0
B15AB,2020-02-28,-66.0167,51.1167,24.0,-13.45192,-3.4909058,0.0,0.0
B15AB,2020-02-29,-66.0167,51.1167,24.0,-13.45192,-3.4909058,0.0,0.0
B15AB,2020-03-01,-66.0167,51.1167,24.0,-13.45192,-3.4909058,0.0,0.0
B15AB,2020-03-02,-66.0167,51.1167,24.0,-13.45192,-3.4909058,0.0,0.0
B15AB,2020-03-03,-66.0167,51.1167,24.0,-13.45192,-3.4909058,0.0,0.0
B15AB,2020-03-04,-66.0167,51.1167,24.0,-13.45192,-3.4909058,0.0,0.0
B15AB,2020-03-05,-66.0167,51.1167,24.0,-13.45192,-3.4909058,0.0,0.0
B15AB,2020-03-06,-66.0167,51.1167,24.0,-13.45192,-3.4909058,0.0,0.0
B15AB,2020-03-07,-66.0167,51.1167,24.0,-13.45192,-3.4909058,0.0,0.0
B15AB,2020-03-08,-66.0167,51.1167,24.0,-13.45192,-3.4909058,0.0,0.0
B15AB,2020-03-09,-66.0167,51.1167,24.0,-13.45192,-3.4909058,0.0,0.0
B15AB,2020-03-10,-66.0167,51.1167,24.0,-13.45192,-3.4909058,0.0,0.0
B15AB,2020-03-11,-66.0167,51.1167,24.0,-13.45192,-3.4909058,0.0,0.0
B15AB,2020-03-12,-66.0167,51.1167,24.0,-13.45192,-3.4909058,0.0,0.0
B15AB,2020-03-13,-66.0167,51.1167,24.0,-13.45192,-3.4909058,0.0,0.0
B15AB,2020-03-14,-66.0167,51.1167,24.0,-13.45192,-3.4909058,0.0,0.0
B15AB,2020-03-15,-66.0167,51.1167,24.0,-13.45192,-3.4909058,0.0,0.0
B15AB,2020-03-16,-66.0167,51.1167,24.0,-13.45192,-3.4909058,0.0,0.0
B15AB,2020-03-17,-66.0167,51.1167,24.0,-13.45192,-3.4909058,0.0,0.0
B15AB,2020-03-18,-66.0167,51.1167,24.0,-13.45192,-3.4909058,0.0,0.0
B15AB,2020-03-19,-66.0167,51.1167,24.0,-13.45192,-3.4909058,0.0,0.0
B15AB,2020-03-20,-66.0167,51.1167,24.0,-13.45192,-3.4909058,0.0,0.0
B15AB,2020-03-21,-66.0167,51.1167,24.0,-13.45192,-3.4909058,0.0,0.0
B15AB,2020-03-22,-66.0167,51.1167,24.0,-13.45192,-3.4909058,0.0,0.0
B15AB,2020-03-23,-66.0167,51.1167,24.0,-13.45192,-3.4909058,0.0,0.0
B15AB,2020-03-24,-66.0167,51.1167,24.0,-13.45192,-3.4909058,0.0,0.0
B15AB,2020-03-25,-66.0167,51.1167,24.0,-13.45192,-3.4909058,0.0,0.0
B15AB,2020-03-26,-66.0167,51.1167,24.0,-13.45192,-3.4909058,0.0,0.0
B15AB,2020-03-27,-66.0167,51.1167,24.0,-13.45192,-3.4909058,0.0,0.0
B15AB,2020-03-28,-66.0167,51.1139,24.0,-13.45192,-3.4909058,-0.0014621641926792237,0.0
B15AB,2020-03-29,-66.0167,51.1068,24.0,-13.45192,-3.4909058,-0.0037076306314364708,0.0
B15AB,2020-03-30,-66.0167,51.097,24.0,-13.45192,-3.4909058,-0.005117574674375427,0.0
B15AB,2020-03-31,-66.0167,51.0864,24.0,-13.45192,-3.4909058,-0.005535335872286427,0.0
B15AB,2020-04-01,-66.0167,51.0766,24.0,-13.45192,-3.4909058,-0.005117574674375427,0.0
B15AB,2020-04-02,-66.0167,51.0695,24.0,-13.45192,-3.4909058,-0.0037076306314364708,0.0
B15AB,2020-04-03,-66.0167,51.0667,24.0,-13.45192,-3.4909058,-0.0014621641926792237,0.0
B15AB,2020-04-04,-66.0167,51.0667,24.0,-13.45192,-3.4909058,0.0,0.0
B15AB,2020-04-05,-66.0167,51.0667,24.0,-13.45192,-3.4909058,0.0,0.0
B15AB,2020-04-06,-66.0167,51.0667,24.0,-13.45192,-3.4909058,0.0,0.0
B15AB,2020-04-07,-66.0167,51.0667,24.0,-13.45192,-3.4909058,0.0,0.0
B15AB,2020-04-08,-66.0167,51.0667,24.0,-13.45192,-3.4909058,0.0,0.0
B15AB,2020-04-09,-66.0167,51.0667,24.0,-13.45192,-3.4909058,0.0,0.0
B15AB,2020-04-10,-66.0167,51.0667,24.0,-13.45192,-3.4909058,0.0,0.0
B15AB,2020-04-11,-66.0176,51.0658,24.0,-13.45192,-3.4909058,-0.00046996475331701566,-0.0011562500000018695
B15AB,2020-04-12,-66.02,51.0634,24.0,-13.45192,-3.4909058,-0.0012531213365737297,-0.0030833333333261472
B15AB,2020-04-13,-66.0232,51.0601,24.0,-13.45192,-3.4909058,-0.0017228254894615682,-0.004111111111119787
B15AB,2020-04-14,-66.0268,51.0566,24.0,-13.45192,-3.4909058,-0.0018269810057815474,-0.004624999999989221
B15AB,2020-04-15,-66.03,51.0533,24.0,-13.45192,-3.4909058,-0.0017223657314226013,-0.004111111111119787
B15AB,2020-04-16,-66.0324,51.0509,24.0,-13.45192,-3.4909058,-0.001252511605880992,-0.0030833333333261472
B15AB,2020-04-17,-66.0333,51.05,24.0,-13.45192,-3.4909058,-0.00046967525585675,-0.0011562500000018695
B15AB,2020-04-18,-66.0333,51.05,24.0,-13.45192,-3.4909058,0.0,0.0
B15AB,2020-04-19,-66.0333,51.05,24.0,-13.45192,-3.4909058,0.0,0.0
B15AB,2020-04-20,-66.0333,51.05,24.0,-13.45192,-3.4909058,0.0,0.0
B15AB,2020-04-21,-66.0333,51.05,24.0,-13.45192,-3.4909058,0.0,0.0
B15AB,2020-04-22,-66.0333,51.05,24.0,-13.45192,-3.4909058,0.0,0.0
B15AB,2020-04-23,-66.0333,51.05,24.0,-13.45192,-3.4909058,0.0,0.0
B15AB,2020-04-24,-66.0333,51.05,24.0,-13.45192,-3.4909058,0.0,0.0
B15AB,2020-04-25,-66.0333,51.05,24.0,-13.45192,-3.4909058,0.0,0.0
B15AB,2020-04-26,-66.0333,51.05,24.0,-13.45192,-3.4909058,0.0,0.0
B15AB,2020-04-27,-66.0333,51.05,24.0,-13.45192,-3.4909058,0.0,0.0
B15AB,2020-04-28,-66.0333,51.05,24.0,-13.45192,-3.4909058,0.0,0.0
B15AB,2020-04-29,-66.0333,51.05,24.0,-13.45192,-3.4909058,0.0,0.0
B15AB,2020-04-30,-66.0333,51.05,24.0,-13.45192,-3.4909058,0.0,0.0
B15AB,2020-05-01,-66.0333,51.05,24.0,-13.45192,-3.4909058,0.0,0.0
B15AB,2020-05-02,-66.0333,51.05,24.0,-13.45192,-3.4909058,0.0,0.0
B15AB,2020-05-03,-66.0333,51.05,24.0,-13.45192,-3.4909058,0.0,0.0
B15AB,2020-05-04,-66.0333,51.05,24.0,-13.45192,-3.4909058,0.0,0.0
B15AB,2020-05-05,-66.0333,51.05,24.0,-13.45192,-3.4909058,0.0,0.0
B15AB,2020-05-06,-66.0333,51.05,24.0,-13.45192,-3.4909058,0.0,0.0
B15AB,2020-05-07,-66.0333,51.05,24.0,-13.45192,-3.4909058,0.0,0.0
B15AB,2020-05-08,-66.0333,51.05,24.0,-13.45192,-3.4909058,0.0,0.0
B15AB,2020-05-09,-66.0333,51.05,24.0,-13.45192,-3.4909058,0.0,0.0
B15AB,2020-05-10,-66.0333,51.05,24.0,-13.45192,-3.4909058,0.0,0.0
B15AB,2020-05-11,-66.0333,51.05,24.0,-13.45192,-3.4909058,0.0,0.0
B15AB,2020-05-12,-66.0333,51.05,24.0,-13.45192,-3.4909058,0.0,0.0
B15AB,2020-05-13,-66.0333,51.05,24.0,-13.45192,-3.4909058,0.0,0.0
B15AB,2020-05-14,-66.0333,51.05,24.0,-13.45192,-3.4909058,0.0,0.0
B15AB,2020-05-15,-66.0333,51.05,24.0,-13.45192,-3.4909058,0.0,0.0
B15AB,2020-05-16,-66.0333,51.05,24.0,-13.45192,-3.4909058,0.0,0.0
B15AB,2020-05-17,-66.0333,51.05,24.0,-13.45192,-3.4909058,0.0,0.0
B15AB,2020-05-18,-66.0333,51.05,24.0,-13.45192,-3.4909058,0.0,0.0
B15AB,2020-05-19,-66.0333,51.05,24.0,-13.45192,-3.4909058,0.0,0.0
B15AB,2020-05-20,-66.0333,51.05,24.0,-13.45192,-3.4909058,0.0,0.0
B15AB,2020-05-21,-66.0333,51.05,24.0,-13.45192,-3.4909058,0.0,0.0
B15AB,2020-05-22,-66.0333,51.05,24.0,-13.45192,-3.4909058,0.0,0.0
B15AB,2020-05-23,-66.0333,51.05,24.0,-13.45192,-3.4909058,0.0,0.0
B15AB,2020-05-24,-66.0333,51.05,24.0,-13.45192,-3.4909058,0.0,0.0
B15AB,2020-05-25,-66.0333,51.05,24.0,-13.45192,-3.4909058,0.0,0.0
B15AB,2020-05-26,-66.0333,51.05,24.0,-13.45192,-3.4909058,0.0,0.0
B15AB,2020-05-27,-66.0333,51.05,24.0,-13.45192,-3.4909058,0.0,0.0
B15AB,2020-05-28,-66.0333,51.05,24.0,-13.45192,-3.4909058,0.0,0.0
B15AB,2020-05-29,-66.0333,51.05,24.0,-13.45192,-3.4909058,0.0,0.0
B15AB,2020-05-30,-66.0333,51.05,24.0,-13.45192,-3.4909058,0.0,0.0
B15AB,2020-05-31,-66.0333,51.05,24.0,-13.45192,-3.4909058,0.0,0.0
B15AB,2020-06-01,-66.0333,51.05,24.0,-13.45192,-3.4909058,0.0,0.0
B15AB,2020-06-02,-66.0333,51.05,24.0,-6.611374,-2.7805176,0.0,0.0
B15AB,2020-06-03,-66.0333,51.05,24.0,-1.9688416,0.15478516,0.0,0.0
B15AB,2020-06-04,-66.0333,51.05,24.0,0.559021,2.0924377,0.0,0.0
B15AB,2020-06-05,-66.0333,51.05,24.0,5.454071,3.4901733,0.0,0.0
B15AB,2020-06-06,-66.0333,51.05,24.0,6.5869446,4.2424164,0.0,0.0
B15AB,2020-06-07,-66.0333,51.05,24.0,-12.953064,-4.444702,0.0,0.0
B15AB,2020-06-08,-66.0333,51.05,24.0,1.709732,2.036728,0.0,0.0
B15AB,2020-06-09,-66.0333,51.05,24.0,4.835861,5.752426,0.0,0.0
B15AB,2020-06-10,-66.0333,51.05,24.0,-0.7507782,-1.7850952,0.0,0.0
B15AB,2020-06-11,-66.0333,51.05,24.0,-5.4457703,-2.1112823,0.0,0.0
B15AB,2020-06-12,-66.0333,51.05,24.0,5.057083,4.155899,0.0,0.0
B15AB,2020-06-13,-66.0333,51.05,24.0,-6.3871,-3.6898193,0.0,0.0
B15AB,2020-06-14,-66.0333,51.05,24.0,-8.390106,-2.8639069,0.0,0.0
B15AB,2020-06-15,-66.0333,51.05,24.0,-14.987442,-5.4526978,0.0,0.0
B15AB,2020-06-16,-66.0333,51.05,24.0,-16.04152,-4.3943634,0.0,0.0
B15AB,2020-06-17,-66.0333,51.05,24.0,3.1210175,-2.1929474,0.0,0.0
B15AB,2020-06-18,-66.0333,51.05,24.0,0.7811279,0.036727905,0.0,0.0
B15AB,2020-06-19,-66.0333,51.05,24.0,2.7254028,-0.7937012,0.0,0.0
B15AB,2020-06-20,-66.0333,51.05,24.0,-14.562286,-4.275009,0.0,0.0
B15AB,2020-06-21,-66.0333,51.05,24.0,0.9251404,2.674179,0.0,0.0
B15AB,2020-06-22,-66.0333,51.05,24.0,-21.781113,-4.8307343,0.0,0.0
B15AB,2020-06-23,-66.0333,51.05,24.0,-22.167847,-3.5692596,0.0,0.0
B15AB,2020-06-24,-66.0333,51.05,24.0,-11.649658,-0.18095398,0.0,0.0
B15AB,2020-06-25,-66.0333,51.05,24.0,-24.582855,0.17134094,0.0,0.0
B15AB,2020-06-26,-66.0333,51.05,24.0,-14.252274,-3.0228271,0.0,0.0
B15AB,2020-06-27,-66.0333,51.05,24.0,0.1473999,-0.19128418,0.0,0.0
B15AB,2020-06-28,-66.0333,51.05,24.0,1.2018738,0.01020813,0.0,0.0
B15AB,2020-06-29,-66.0333,51.05,24.0,-3.5713806,-2.7361603,0.0,0.0
B15AB,2020-06-30,-66.0333,51.05,24.0,-5.374756,-0.3763275,0.0,0.0
B15AB,2020-07-01,-66.0333,51.05,24.0,3.3981476,1.1964417,0.0,0.0
B15AB,2020-07-02,-66.0333,51.05,24.0,-0.49575806,-0.49667358,0.0,0.0
B15AB,2020-07-03,-66.0333,51.05,24.0,-4.530884,-0.3927002,0.0,0.0
B15AB,2020-07-04,-66.0333,51.05,24.0,2.1067657,2.6347198,0.0,0.0
B15AB,2020-07-05,-66.0333,51.05,24.0,3.6208649,2.977005,0.0,0.0
B15AB,2020-07-06,-66.0333,51.05,24.0,-5.89003,-2.0982819,0.0,0.0
B15AB,2020-07-07,-66.0333,51.05,24.0,-0.789978,1.4108276,0.0,0.0
B15AB,2020-07-08,-66.0333,51.05,24.0,2.0681152,-0.18548584,0.0,0.0
B15AB,2020-07-09,-66.0333,51.05,24.0,-0.6963501,-0.653244,0.0,0.0
B15AB,2020-07-10,-66.0333,51.05,24.0,-9.766602,-2.4463043,0.0,0.0
B15AB,2020-07-11,-66.0333,51.05,24.0,-18.559372,-9.23938,0.0,0.0
B15AB,2020-07-12,-66.0333,51.05,24.0,-3.6005554,-2.6893463,0.0,0.0
B15AB,2020-07-13,-66.0333,51.05,24.0,3.6620178,4.670639,0.0,0.0
B15AB,2020-07-14,-66.0333,51.05,24.0,-0.42774963,-0.1903534,0.0,0.0
B15AB,2020-07-15,-66.0333,51.05,24.0,2.2718353,-4.5538177,0.0,0.0
B15AB,2020-07-16,-66.0333,51.05,24.0,7.707138,4.956085,0.0,0.0
B15AB,2020-07-17,-66.0333,51.05,24.0,14.437515,8.147522,0.0,0.0
B15AB,2020-07-18,-66.0333,51.05,24.0,-0.0047454834,0.8421936,0.0,0.0
B15AB,2020-07-19,-66.0333,51.05,24.0,-8.003281,-1.9144897,0.0,0.0
B15AB,2020-07-20,-66.0333,51.05,24.0,-4.5110474,2.3022308,0.0,0.0
B15AB,2020-07-21,-66.0333,51.05,24.0,2.0403442,-1.573883,0.0,0.0
B15AB,2020-07-22,-66.0333,51.05,24.0,5.693924,2.6519928,0.0,0.0
B15AB,2020-07-23,-66.0333,51.05,24.0,-6.2914124,-3.5546722,0.0,0.0
B15AB,2020-07-24,-66.0333,51.05,24.0,-5.416626,-1.9335938,0.0,0.0
B15AB,2020-07-25,-66.0333,51.05,24.0,5.3529205,3.30542,0.0,0.0
B15AB,2020-07-26,-66.0333,51.05,24.0,-10.132141,-5.3555145,0.0,0.0
B15AB,2020-07-27,-66.0333,51.05,24.0,-13.43663,-5.133957,0.0,0.0
B15AB,2020-07-28,-66.0333,51.05,24.0,-23.653488,-4.1976166,0.0,0.0
B15AB,2020-07-29,-66.0333,51.05,24.0,-18.161682,-3.0113983,0.0,0.0
B15AB,2020-07-30,-66.0333,51.05,24.0,-12.328323,-5.6953125,0.0,0.0
B15AB,2020-07-31,-66.0333,51.05,24.0,-11.01712,-6.33696,0.0,0.0
B15AB,2020-08-01,-66.0333,51.05,24.0,3.0640564,0.39387512,0.0,0.0
B15AB,2020-08-02,-66.0333,51.05,24.0,10.01268,2.9138489,0.0,0.0
B15AB,2020-08-03,-66.0333,51.05,24.0,-15.576462,-3.4506836,0.0,0.0
B15AB,2020-08-04,-66.0333,51.05,24.0,-22.849442,1.3283234,0.0,0.0
B15AB,2020-08-05,-66.0333,51.05,24.0,-11.5347595,-5.5877075,0.0,0.0
B15AB,2020-08-06,-66.0333,51.05,24.0,-5.9744263,-0.58166504,0.0,0.0
B15AB,2020-08-07,-66.0333,51.05,24.0,1.5480804,5.5209656,0.0,0.0
B15AB,2020-08-08,-66.0333,51.05,24.0,-16.472534,-1.2341919,0.0,0.0
B15AB,2020-08-09,-66.0333,51.05,24.0,1.2860107,5.6978455,0.0,0.0
B15AB,2020-08-10,-66.0333,51.05,24.0,-22.263184,-2.3789062,0.0,0.0
B15AB,2020-08-11,-66.0333,51.05,24.0,4.6039124,4.8038635,0.0,0.0
B15AB,2020-08-12,-66.0333,51.05,24.0,-0.008483887,-3.9428253,0.0,0.0
B15AB,2020-08-13,-66.0333,51.05,24.0,-3.4209747,0.7224579,0.0,0.0
B15AB,2020-08-14,-66.0333,51.05,24.0,-4.2642517,-0.7550049,0.0,0.0
B15AB,2020-08-15,-66.0333,51.05,24.0,-0.562088,1.1933289,0.0,0.0
B15AB,2020-08-16,-66.0333,51.05,24.0,0.266922,-0.4602356,0.0,0.0
B15AB,2020-08-17,-66.0333,51.05,24.0,4.1253357,2.9167938,0.0,0.0
B15AB,2020-08-18,-66.0333,51.05,24.0,5.091446,3.3553772,0.0,0.0
B15AB,2020-08-19,-66.0333,51.05,24.0,2.106903,0.46296692,0.0,0.0
B15AB,2020-08-20,-66.0333,51.05,24.0,-4.1555176,-1.0220642,0.0,0.0
B15AB,2020-08-21,-66.0333,51.05,24.0,-12.407959,-1.9666901,0.0,0.0
B15AB,2020-08-22,-66.0333,51.05,24.0,-17.205856,-4.654251,0.0,0.0
B15AB,2020-08-23,-66.0333,51.05,24.0,-16.439667,-1.9137878,0.0,0.0
B15AB,2020-08-24,-66.0333,51.05,24.0,-21.452057,-5.0350494,0.0,0.0
B15AB,2020-08-25,-66.0333,51.05,24.0,-4.983185,-2.083847,0.0,0.0
B15AB,2020-08-26,-66.0333,51.05,24.0,-9.248947,-4.028595,0.0,0.0
B15AB,2020-08-27,-66.0333,51.05,24.0,-9.589676,-3.9694977,0.0,0.0
B15AB,2020-08-28,-66.0333,51.05,24.0,-0.8999634,-0.06594849,0.0,0.0
B15AB,2020-08-29,-66.0333,51.05,24.0,-22.522766,-5.322235,0.0,0.0
B15AB,2020-08-30,-66.0333,51.05,24.0,-4.034775,-2.1839752,0.0,0.0
B15AB,2020-08-31,-66.0333,51.05,24.0,-3.6696014,-0.43684387,0.0,0.0
B15AB,2020-09-01,-66.0333,51.05,24.0,-0.60176086,4.2227173,0.0,0.0
B15AB,2020-09-02,-66.0333,51.05,24.0,-0.60176086,4.2227173,0.0,0.0
B15AB,2020-09-03,-66.0333,51.05,24.0,-0.60176086,4.2227173,0.0,0.0
B15AB,2020-09-04,-66.0333,51.05,24.0,-0.60176086,4.2227173,0.0,0.0
B15AB,2020-09-05,-66.0333,51.05,24.0,-0.60176086,4.2227173,0.0,0.0
B15AB,2020-09-06,-66.0333,51.05,24.0,-0.60176086,4.2227173,0.0,0.0
B15AB,2020-09-07,-66.0333,51.05,24.0,-0.60176086,4.2227173,0.0,0.0
B15AB,2020-09-08,-66.0333,51.05,24.0,-0.60176086,4.2227173,0.0,0.0
B15AB,2020-09-09,-66.0333,51.05,24.0,-0.60176086,4.2227173,0.0,0.0
B15AB,2020-09-10,-66.0333,51.05,24.0,-0.60176086,4.2227173,0.0,0.0
B15AB,2020-09-11,-66.0333,51.05,24.0,-0.60176086,4.2227173,0.0,0.0
B15AB,2020-09-12,-66.0333,51.05,24.0,-0.60176086,4.2227173,0.0,0.0
B15AB,2020-09-13,-66.0333,51.05,24.0,-0.60176086,4.2227173,0.0,0.0
B15AB,2020-09-14,-66.0333,51.05,24.0,-0.60176086,4.2227173,0.0,0.0
B15AB,2020-09-15,-66.0333,51.05,24.0,-0.60176086,4.2227173,0.0,0.0
B15AB,2020-09-16,-66.0333,51.05,24.0,-0.60176086,4.2227173,0.0,0.0
B15AB,2020-09-17,-66.0333,51.05,24.0,-0.60176086,4.2227173,0.0,0.0
B15AB,2020-09-18,-66.0333,51.05,24.0,-0.60176086,4.2227173,0.0,0.0
B15AB,2020-09-19,-66.0333,51.05,24.0,-0.60176086,4.2227173,0.0,0.0
B15AB,2020-09-20,-66.0333,51.05,24.0,-0.60176086,4.2227173,0.0,0.0
B15AB,2020-09-21,-66.0333,51.05,24.0,-0.60176086,4.2227173,0.0,0.0
B15AB,2020-09-22,-66.0333,51.05,24.0,-0.60176086,4.2227173,0.0,0.0
B15AB,2020-09-23,-66.0333,51.05,24.0,-0.60176086,4.2227173,0.0,0.0
B15AB,2020-09-24,-66.0333,51.05,24.0,-0.60176086,4.2227173,0.0,0.0
B15AB,2020-09-25,-66.0333,51.05,24.0,-0.60176086,4.2227173,0.0,0.0
B15AB,2020-10-10,-66.0333,51.05,24.0,-0.60176086,4.2227173,0.0,0.0
B15AB,2020-10-11,-66.0333,51.05,24.0,-0.60176086,4.2227173,0.0,0.0
B15AB,2020-10-12,-66.0333,51.05,24.0,-0.60176086,4.2227173,0.0,0.0
B15AB,2020-10-13,-66.0333,51.05,24.0,-0.60176086,4.2227173,0.0,0.0
B15AB,2020-10-14,-66.0333,51.05,24.0,-0.60176086,4.2227173,0.0,0.0
B15AB,2020-10-15,-66.0333,51.05,24.0,-0.60176086,4.2227173,0.0,0.0
B15AB,2020-10-16,-66.0333,51.05,24.0,-0.60176086,4.2227173,0.0,0.0
B15AB,2020-10-17,-66.0333,51.05,24.0,-0.60176086,4.2227173,0.0,0.0
B15AB,2020-10-18,-66.0333,51.05,24.0,-0.60176086,4.2227173,0.0,0.0
B15AB,2020-10-19,-66.0333,51.05,24.0,-0.60176086,4.2227173,0.0,0.0
B15AB,2020-10-20,-66.0333,51.05,24.0,-0.60176086,4.2227173,0.0,0.0
B15AB,2020-10-21,-66.0333,51.05,24.0,-0.60176086,4.2227173,0.0,0.0
B15AB,2020-10-22,-66.0333,51.05,24.0,-0.60176086,4.2227173,0.0,0.0
B15AB,2020-10-23,-66.0333,51.05,24.0,-0.60176086,4.2227173,0.0,0.0
B15AB,2020-10-24,-66.0333,51.05,24.0,-0.60176086,4.2227173,0.0,0.0
B15AB,2020-10-25,-66.0333,51.05,24.0,-0.60176086,4.2227173,0.0,0.0
B15AB,2020-10-26,-66.0333,51.05,24.0,-0.60176086,4.2227173,0.0,0.0
B15AB,2020-10-27,-66.0333,51.05,24.0,-0.60176086,4.2227173,0.0,0.0
B15AB,2020-10-28,-66.0333,51.05,24.0,-0.60176086,4.2227173,0.0,0.0
B15AB,2020-10-29,-66.0333,51.05,24.0,-0.60176086,4.2227173,0.0,0.0
B15AB,2020-10-30,-66.0333,51.05,24.0,-0.60176086,4.2227173,0.0,0.0
B15AB,2020-10-31,-66.0333,51.05,24.0,-0.60176086,4.2227173,0.0,0.0
B15AB,2020-11-01,-66.0333,51.05,24.0,-0.60176086,4.2227173,0.0,0.0
B15AB,2020-11-02,-66.0333,51.05,24.0,-0.60176086,4.2227173,0.0,0.0
B15AB,2020-11-03,-66.0333,51.05,24.0,-0.60176086,4.2227173,0.0,0.0
B15AB,2020-11-04,-66.0333,51.05,24.0,-0.60176086,4.2227173,0.0,0.0
B15AB,2020-11-05,-66.0333,51.05,24.0,-0.60176086,4.2227173,0.0,0.0
B15AB,2020-11-06,-66.0333,51.05,24.0,-0.60176086,4.2227173,0.0,0.0
B16,2020-01-01,-55.1025,-26.0858,24.0,-3.2292633,9.254211,0.48355817261714223,-0.20375694444444425
B16,2020-01-02,-55.2108,-25.758,24.0,-3.9138336,9.58429,0.2402805261532748,-0.13913541666666646
B16,2020-01-03,-55.3167,-25.5667,24.0,-3.9138336,9.58429,0.13985142695672967,-0.1360520833333312
B16,2020-01-04,-55.4272,-25.4728,24.0,-4.2624664,9.61261,0.06845491870916778,-0.1419618055555579
B16,2020-01-05,-55.5488,-25.404,24.0,-4.2624664,9.61261,0.050001957391546496,-0.1562222222222233
B16,2020-01-06,-55.6764,-25.3513,24.0,-4.4001617,9.420227,0.038176487435635946,-0.1639305555555569
B16,2020-01-07,-55.8052,-25.3053,24.0,-4.4001617,9.420227,0.03321313011005189,-0.16547222222222
B16,2020-01-08,-55.9304,-25.257,24.0,-4.490982,9.242493,0.03476154998770741,-0.16084722222222161
B16,2020-01-09,-56.047,-25.1972,24.0,-4.490982,9.242493,0.04290851019801645,-0.14979861111110887
B16,2020-01-10,-56.15,-25.1167,24.0,-4.819107,9.157532,0.05760714516197119,-0.13232638888889087
B16,2020-01-11,-56.2459,-24.9941,24.0,-4.819107,9.157532,0.08751554106437885,-0.12320486111111152
B16,2020-01-12,-56.3419,-24.8257,24.0,-4.819107,9.157532,0.11990739243404196,-0.12333333333333801
B16,2020-01-13,-56.4345,-24.6286,24.0,-5.192154,9.031555,0.14000209314586515,-0.11896527777777437
B16,2020-01-14,-56.5201,-24.4203,24.0,-5.192154,9.031555,0.1476242593739106,-0.10997222222222153
B16,2020-01-15,-56.5952,-24.2179,24.0,-5.192154,9.031555,0.14315846940749058,-0.09648263888888767
B16,2020-01-16,-56.6564,-24.0387,24.0,-5.399185,8.818665,0.12654364229371692,-0.07862499999999932
B16,2020-01-17,-56.7,-23.9,24.0,-5.399185,8.818665,0.09783090971127127,-0.056013888888895275
B16,2020-01-18,-56.733,-23.787,24.0,-5.399185,8.818665,0.07963372666042544,-0.04239583333332581
B16,2020-01-19,-56.7641,-23.6764,24.0,-5.399185,8.818665,0.07787789234306249,-0.03995486111111384
B16,2020-01-20,-56.792,-23.5726,24.0,-5.399185,8.818665,0.07303541700020291,-0.035843750000003186
B16,2020-01-21,-56.8157,-23.4803,24.0,-5.399185,8.818665,0.06490277968718534,-0.03044791666666417
B16,2020-01-22,-56.834,-23.4038,24.0,-5.399185,8.818665,0.05376638743096096,-0.023510416666671207
B16,2020-01-23,-56.8458,-23.3478,24.0,-5.399185,8.818665,0.039345997376934276,-0.015159722222214277
B16,2020-01-24,-56.85,-23.3167,24.0,-5.399185,8.818665,0.021848628593856587,-0.005395833333339015
B16,2020-01-25,-56.802,-23.3004,24.0,-5.399185,8.818665,0.011465894589922908,0.06166666666666901
B16,2020-01-26,-56.6782,-23.286,24.0,-5.399185,8.818665,0.01016280457282747,0.1590486111111147
B16,2020-01-27,-56.5089,-23.2737,24.0,-5.192154,9.031555,0.0087197072706208,0.21750347222222197
B16,2020-01-28,-56.3244,-23.2637,24.0,-4.819107,9.157532,0.007123657289123211,0.23703124999999986
B16,2020-01-29,-56.1551,-23.2562,24.0,-4.819107,9.157532,0.005366413014143182,0.21750347222222197
B16,2020-01-30,-56.0313,-23.2516,24.0,-4.490982,9.242493,0.0033019977614353246,0.15904861111110558
B16,2020-01-31,-55.9833,-23.25,24.0,-4.490982,9.242493,0.0011499487340819743,0.06166666666666901
B16,2020-02-01,-55.9907,-23.2685,24.0,-4.490982,9.242493,-0.01329373776519167,-0.009506944444440545
B16,2020-02-02,-56.0097,-23.3181,24.0,-4.490982,9.242493,-0.03562407031112718,-0.024409722222229233
B16,2020-02-03,-56.0358,-23.3904,24.0,-4.490982,9.242493,-0.05189274051700196,-0.03353124999999944
B16,2020-02-04,-56.0642,-23.4766,24.0,-4.490982,9.242493,-0.06182381851745267,-0.036486111111108235
B16,2020-02-05,-56.0903,-23.5683,24.0,-4.490982,9.242493,-0.06572396244732921,-0.03353124999999944
B16,2020-02-06,-56.1093,-23.6567,24.0,-4.490982,9.242493,-0.06332750080889085,-0.024409722222220105
B16,2020-02-07,-56.1167,-23.7333,24.0,-4.490982,9.242493,-0.05486373127335028,-0.009506944444449673
B16,2020-02-08,-56.0992,-23.809,24.0,-4.490982,9.242493,-0.05424377554378282,0.0224826388888867
B16,2020-02-09,-56.0539,-23.895,24.0,-4.490982,9.242493,-0.06169685353883814,0.05819791666667252
B16,2020-02-10,-55.9921,-23.9834,24.0,-4.490982,9.242493,-0.06352020873795627,0.07939583333333086
B16,2020-02-11,-55.9246,-24.0662,24.0,-4.490982,9.242493,-0.05960014820361013,0.08671875000000329
B16,2020-02-12,-55.8628,-24.1352,24.0,-4.4001617,9.420227,-0.049745958921023216,0.07939583333333086
B16,2020-02-13,-55.8175,-24.1825,24.0,-4.4001617,9.420227,-0.03414097111160765,0.058197916666663393
B16,2020-02-14,-55.8,-24.2,24.0,-4.4001617,9.420227,-0.01263711760969511,0.022482638888895824
B16,2020-02-15,-55.8092,-24.2,24.0,-4.4001617,9.420227,0.0,-0.011819444444444284
B16,2020-02-16,-55.8358,-24.2,24.0,-4.4001617,9.420227,0.0,-0.03417361111111362
B16,2020-02-17,-55.8779,-24.2,24.0,-4.490982,9.242493,0.0,-0.05408680555555274
B16,2020-02-18,-55.9338,-24.2,24.0,-4.490982,9.242493,0.0,-0.07181597222222372
B16,2020-02-19,-56.0017,-24.2,24.0,-4.490982,9.242493,0.0,-0.08723263888889098
B16,2020-02-20,-56.0799,-24.2,24.0,-4.490982,9.242493,0.0,-0.10046527777778098
B16,2020-02-21,-56.1667,-24.2,24.0,-4.819107,9.157532,0.0,-0.11151388888888458
B22A,2020-01-01,-73.9833,-109.2667,24.0,-9.612076,-2.5905151,0.0,0.0
B22A,2020-01-02,-73.9833,-109.2667,24.0,-9.612076,-2.5905151,0.0,0.0
B22A,2020-01-03,-73.9833,-109.2667,24.0,-9.612076,-2.5905151,0.0,0.0
B22A,2020-01-04,-73.9833,-109.2667,24.0,-9.612076,-2.5905151,0.0,0.0
B22A,2020-01-05,-73.9833,-109.2667,24.0,-9.612076,-2.5905151,0.0,0.0
B22A,2020-01-06,-73.9833,-109.2667,24.0,-9.612076,-2.5905151,0.0,0.0
B22A,2020-01-07,-73.9833,-109.2667,24.0,-9.612076,-2.5905151,0.0,0.0
B22A,2020-01-08,-73.9833,-109.2667,24.0,-9.612076,-2.5905151,0.0,0.0
B22A,2020-01-09,-73.9833,-109.2667,24.0,-9.612076,-2.5905151,0.0,0.0
B22A,2020-01-10,-73.9833,-109.2667,24.0,-9.612076,-2.5905151,0.0,0.0
B22A,2020-01-11,-73.9833,-109.2667,24.0,-9.612076,-2.5905151,0.0,0.0
B22A,2020-01-12,-73.9833,-109.2667,24.0,-9.612076,-2.5905151,0.0,0.0
B22A,2020-01-13,-73.9833,-109.2667,24.0,-9.612076,-2.5905151,0.0,0.0
B22A,2020-01-14,-73.9833,-109.2667,24.0,-9.612076,-2.5905151,0.0,0.0
B22A,2020-01-15,-73.9833,-109.2667,24.0,-9.612076,-2.5905151,0.0,0.0
B22A,2020-01-16,-73.9833,-109.2667,24.0,-9.612076,-2.5905151,0.0,0.0
B22A,2020-01-17,-73.9833,-109.2667,24.0,-9.612076,-2.5905151,0.0,0.0
B22A,2020-01-18,-73.9833,-109.2667,24.0,-9.612076,-2.5905151,0.0,0.0
B22A,2020-01-19,-73.9833,-109.2667,24.0,-9.612076,-2.5905151,0.0,0.0
B22A,2020-01-20,-73.9833,-109.2667,24.0,-9.612076,-2.5905151,0.0,0.0
B22A,2020-01-21,-73.9833,-109.2667,24.0,-9.612076,-2.5905151,0.0,0.0
B22A,2020-01-22,-73.9833,-109.2667,24.0,-9.612076,-2.5905151,0.0,0.0
B22A,2020-01-23,-73.9833,-109.2667,24.0,-9.612076,-2.5905151,0.0,0.0
B22A,2020-01-24,-73.9833,-109.2667,24.0,-9.612076,-2.5905151,0.0,0.0
B22A,2020-01-25,-73.9833,-109.2667,24.0,-9.612076,-2.5905151,0.0,0.0
B22A,2020-01-26,-73.9833,-109.2667,24.0,-9.612076,-2.5905151,0.0,0.0
B22A,2020-01-27,-73.9833,-109.2667,24.0,-9.612076,-2.5905151,0.0,0.0
B22A,2020-01-28,-73.9833,-109.2667,24.0,-9.612076,-2.5905151,0.0,0.0
B22A,2020-01-29,-73.9833,-109.2667,24.0,-9.612076,-2.5905151,0.0,0.0
B22A,2020-01-30,-73.9833,-109.2667,24.0,-9.612076,-2.5905151,0.0,0.0
B22A,2020-01-31,-73.9833,-109.2667,24.0,-9.612076,-2.5905151,0.0,0.0
B22A,2020-02-01,-73.9824,-109.2676,24.0,-9.612076,-2.5905151,-0.00031904709326718687,0.0011562500000018695
B22A,2020-02-02,-73.98,-109.27,24.0,-9.612076,-2.5905151,-0.0008509163881649828,0.0030833333333261472
B22A,2020-02-03,-73.9768,-109.2732,24.0,-9.612076,-2.5905151,-0.0011347758734942869,0.004111111111119787
B22A,2020-02-04,-73.9732,-109.2768,24.0,-9.612076,-2.5905151,-0.0012769021627718731,0.004624999999989221
B22A,2020-02-05,-73.97,-109.28,24.0,-9.612076,-2.5905151,-0.001135244826437765,0.004111111111119787
B22A,2020-02-06,-73.9676,-109.2824,24.0,-9.612076,-2.5905151,-0.0008515577515641316,0.0030833333333261472
B22A,2020-02-07,-73.9667,-109.2833,24.0,-9.612076,-2.5905151,-0.00031935161271924107,0.0011562500000018695
B22A,2020-02-08,-73.9667,-109.2833,24.0,-9.612076,-2.5905151,0.0,0.0
B22A,2020-02-09,-73.9667,-109.2833,24.0,-9.612076,-2.5905151,0.0,0.0
B22A,2020-02-10,-73.9667,-109.2833,24.0,-9.612076,-2.5905151,0.0,0.0
B22A,2020-02-11,-73.9667,-109.2833,24.0,-9.612076,-2.5905151,0.0,0.0
B22A,2020-02-12,-73.9667,-109.2833,24.0,-9.612076,-2.5905151,0.0,0.0
B22A,2020-02-13,-73.9667,-109.2833,24.0,-9.612076,-2.5905151,0.0,0.0
B22A,2020-02-14,-73.9667,-109.2833,24.0,-9.612076,-2.5905151,0.0,0.0
B22A,2020-02-15,-73.9667,-109.2833,24.0,-9.612076,-2.5905151,0.0,0.0
B22A,2020-02-16,-73.9667,-109.2833,24.0,-9.612076,-2.5905151,0.0,0.0
B22A,2020-02-17,-73.9667,-109.2833,24.0,-9.612076,-2.5905151,0.0,0.0
B22A,2020-02-18,-73.9667,-109.2833,24.0,-9.612076,-2.5905151,0.0,0.0
B22A,2020-02-19,-73.9667,-109.2833,24.0,-9.612076,-2.5905151,0.0,0.0
B22A,2020-02-20,-73.9667,-109.2833,24.0,-9.612076,-2.5905151,0.0,0.0
B22A,2020-02-21,-73.9667,-109.2833,24.0,-9.612076,-2.5905151,0.0,0.0
B22A,2020-02-22,-73.9667,-109.2833,24.0,-9.612076,-2.5905151,0.0,0.0
B22A,2020-02-23,-73.9667,-109.2833,24.0,-9.612076,-2.5905151,0.0,0.0
B22A,2020-02-24,-73.9667,-109.2833,24.0,-9.612076,-2.5905151,0.0,0.0
B22A,2020-02-25,-73.9667,-109.2833,24.0,-9.612076,-2.5905151,0.0,0.0
B22A,2020-02-26,-73.9667,-109.2833,24.0,-9.612076,-2.5905151,0.0,0.0
B22A,2020-02-27,-73.9667,-109.2833,24.0,-9.612076,-2.5905151,0.0,0.0
B22A,2020-02-28,-73.9667,-109.2833,24.0,-9.612076,-2.5905151,0.0,0.0
B22A,2020-02-29,-73.9667,-109.2833,24.0,-9.612076,-2.5905151,0.0,0.0
B22A,2020-03-01,-73.9667,-109.2833,24.0,-9.612076,-2.5905151,0.0,0.0
B22A,2020-03-02,-73.9667,-109.2833,24.0,-9.612076,-2.5905151,0.0,0.0
B22A,2020-03-03,-73.9667,-109.2833,24.0,-9.612076,-2.5905151,0.0,0.0
B22A,2020-03-04,-73.9667,-109.2833,24.0,-9.612076,-2.5905151,0.0,0.0
B22A,2020-03-05,-73.9667,-109.2833,24.0,-9.612076,-2.5905151,0.0,0.0
B22A,2020-03-06,-73.9667,-109.2833,24.0,-9.612076,-2.5905151,0.0,0.0
B22A,2020-03-07,-73.9667,-109.2833,24.0,-9.612076,-2.5905151,0.0,0.0
B22A,2020-03-08,-73.9667,-109.2833,24.0,-9.612076,-2.5905151,0.0,0.0
B22A,2020-03-09,-73.9667,-109.2833,24.0,-9.612076,-2.5905151,0.0,0.0
B22A,2020-03-10,-73.9667,-109.2833,24.0,-9.612076,-2.5905151,0.0,0.0
B22A,2020-03-11,-73.9667,-109.2833,24.0,-9.612076,-2.5905151,0.0,0.0
B22A,2020-03-12,-73.9667,-109.2833,24.0,-9.612076,-2.5905151,0.0,0.0
B22A,2020-03-13,-73.9667,-109.2833,24.0,-9.612076,-2.5905151,0.0,0.0
B22A,2020-03-14,-73.9667,-109.2833,24.0,-9.612076,-2.5905151,0.0,0.0
B22A,2020-03-15,-73.9667,-109.2833,24.0,-9.612076,-2.5905151,0.0,0.0
B22A,2020-03-16,-73.9667,-109.2833,24.0,-9.612076,-2.5905151,0.0,0.0
B22A,2020-03-17,-73.9667,-109.2833,24.0,-9.612076,-2.5905151,0.0,0.0
B22A,2020-03-18,-73.9667,-109.2833,24.0,-9.612076,-2.5905151,0.0,0.0
B22A,2020-03-19,-73.9667,-109.2833,24.0,-9.612076,-2.5905151,0.0,0.0
B22A,2020-03-20,-73.9667,-109.2833,24.0,-9.612076,-2.5905151,0.0,0.0
B22A,2020-03-21,-73.9667,-109.2833,24.0,-9.612076,-2.5905151,0.0,0.0
B22A,2020-03-22,-73.9667,-109.2833,24.0,-9.612076,-2.5905151,0.0,0.0
B22A,2020-03-23,-73.9667,-109.2833,24.0,-9.612076,-2.5905151,0.0,0.0
B22A,2020-03-24,-73.9667,-109.2833,24.0,-9.612076,-2.5905151,0.0,0.0
B22A,2020-03-25,-73.9667,-109.2833,24.0,-9.612076,-2.5905151,0.0,0.0
B22A,2020-03-26,-73.9667,-109.2833,24.0,-9.612076,-2.5905151,0.0,0.0
B22A,2020-03-27,-73.9667,-109.2833,24.0,-9.612076,-2.5905151,0.0,0.0
B22A,2020-03-28,-73.9667,-109.2833,24.0,-9.612076,-2.5905151,0.0,0.0
B22A,2020-03-29,-73.9667,-109.2833,24.0,-9.612076,-2.5905151,0.0,0.0
B22A,2020-03-30,-73.9667,-109.2833,24.0,-9.612076,-2.5905151,0.0,0.0
B22A,2020-03-31,-73.9667,-109.2833,24.0,-9.612076,-2.5905151,0.0,0.0
B22A,2020-04-01,-73.9667,-109.2833,24.0,-9.612076,-2.5905151,0.0,0.0
B22A,2020-04-02,-73.9667,-109.2833,24.0,-9.612076,-2.5905151,0.0,0.0
B22A,2020-04-03,-73.9667,-109.2833,24.0,-9.612076,-2.5905151,0.0,0.0
B22A,2020-04-04,-73.9667,-109.2833,24.0,-9.612076,-2.5905151,0.0,0.0
B22A,2020-04-05,-73.9667,-109.2833,24.0,-9.612076,-2.5905151,0.0,0.0
B22A,2020-04-06,-73.9667,-109.2833,24.0,-9.612076,-2.5905151,0.0,0.0
B22A,2020-04-07,-73.9667,-109.2833,24.0,-9.612076,-2.5905151,0.0,0.0
B22A,2020-04-08,-73.9667,-109.2833,24.0,-9.612076,-2.5905151,0.0,0.0
B22A,2020-04-09,-73.9667,-109.2833,24.0,-9.612076,-2.5905151,0.0,0.0
B22A,2020-04-10,-73.9667,-109.2833,24.0,-9.612076,-2.5905151,0.0,0.0
B22A,2020-04-11,-73.9667,-109.2833,24.0,-9.612076,-2.5905151,0.0,0.0
B22A,2020-04-12,-73.9667,-109.2833,24.0,-9.612076,-2.5905151,0.0,0.0
B22A,2020-04-13,-73.9667,-109.2833,24.0,-9.612076,-2.5905151,0.0,0.0
B22A,2020-04-14,-73.9667,-109.2833,24.0,-9.612076,-2.5905151,0.0,0.0
B22A,2020-04-15,-73.9667,-109.2833,24.0,-9.612076,-2.5905151,0.0,0.0
B22A,2020-04-16,-73.9667,-109.2833,24.0,-9.612076,-2.5905151,0.0,0.0
B22A,2020-04-17,-73.9667,-109.2833,24.0,-9.612076,-2.5905151,0.0,0.0
B22A,2020-04-18,-73.9667,-109.2833,24.0,-9.612076,-2.5905151,0.0,0.0
B22A,2020-04-19,-73.9667,-109.2833,24.0,-9.612076,-2.5905151,0.0,0.0
B22A,2020-04-20,-73.9667,-109.2833,24.0,-9.612076,-2.5905151,0.0,0.0
B22A,2020-04-21,-73.9667,-109.2833,24.0,-9.612076,-2.5905151,0.0,0.0
B22A,2020-04-22,-73.9667,-109.2833,24.0,-9.612076,-2.5905151,0.0,0.0
B22A,2020-04-23,-73.9667,-109.2833,24.0,-9.612076,-2.5905151,0.0,0.0
B22A,2020-04-24,-73.9667,-109.2833,24.0,-9.612076,-2.5905151,0.0,0.0
B22A,2020-04-25,-73.9667,-109.2833,24.0,-9.612076,-2.5905151,0.0,0.0
B22A,2020-04-26,-73.9667,-109.2833,24.0,-9.612076,-2.5905151,0.0,0.0
B22A,2020-04-27,-73.9667,-109.2833,24.0,-9.612076,-2.5905151,0.0,0.0
B22A,2020-04-28,-73.9667,-109.2833,24.0,-9.612076,-2.5905151,0.0,0.0
B22A,2020-04-29,-73.9667,-109.2833,24.0,-9.612076,-2.5905151,0.0,0.0
B22A,2020-04-30,-73.9667,-109.2833,24.0,-9.612076,-2.5905151,0.0,0.0
B22A,2020-05-01,-73.9667,-109.2833,24.0,-9.612076,-2.5905151,0.0,0.0
B22A,2020-05-02,-73.9667,-109.2833,24.0,-9.612076,-2.5905151,0.0,0.0
B22A,2020-05-03,-73.9667,-109.2833,24.0,-9.612076,-2.5905151,0.0,0.0
B22A,2020-05-04,-73.9667,-109.2833,24.0,-9.612076,-2.5905151,0.0,0.0
B22A,2020-05-05,-73.9667,-109.2833,24.0,-9.612076,-2.5905151,0.0,0.0
B22A,2020-05-06,-73.9667,-109.2833,24.0,-9.612076,-2.5905151,0.0,0.0
B22A,2020-05-07,-73.9667,-109.2833,24.0,-9.612076,-2.5905151,0.0,0.0
B22A,2020-05-08,-73.9667,-109.2833,24.0,-9.612076,-2.5905151,0.0,0.0
B22A,2020-05-09,-73.9667,-109.2815,24.0,-9.612076,-2.5905151,0.0006387032254384821,0.0
B22A,2020-05-10,-73.9667,-109.2767,24.0,-9.612076,-2.5905151,0.0017032086011625623,0.0
B22A,2020-05-11,-73.9667,-109.2702,24.0,-9.612076,-2.5905151,0.0023064283140806063,0.0
B22A,2020-05-12,-73.9667,-109.2631,24.0,-9.612076,-2.5905151,0.0025193293892284475,0.0
B22A,2020-05-13,-73.9667,-109.2566,24.0,-9.612076,-2.5905151,0.0023064283140755634,0.0
B22A,2020-05-14,-73.9667,-109.2518,24.0,-9.612076,-2.5905151,0.0017032086011676047,0.0
B22A,2020-05-15,-73.9667,-109.25,24.0,-9.612076,-2.5905151,0.0006387032254384821,0.0
B22A,2020-05-16,-73.9667,-109.25,24.0,-9.612076,-2.5905151,0.0,0.0
B22A,2020-05-17,-73.9667,-109.25,24.0,-9.612076,-2.5905151,0.0,0.0
B22A,2020-05-18,-73.9667,-109.25,24.0,-9.612076,-2.5905151,0.0,0.0
B22A,2020-05-19,-73.9667,-109.25,24.0,-9.612076,-2.5905151,0.0,0.0
B22A,2020-05-20,-73.9667,-109.25,24.0,-9.612076,-2.5905151,0.0,0.0
B22A,2020-05-21,-73.9667,-109.25,24.0,-9.612076,-2.5905151,0.0,0.0
B22A,2020-05-22,-73.9667,-109.25,24.0,-9.612076,-2.5905151,0.0,0.0
B22A,2020-05-23,-73.9667,-109.25,24.0,-9.612076,-2.5905151,0.0,0.0
B22A,2020-05-24,-73.9667,-109.25,24.0,-9.612076,-2.5905151,0.0,0.0
B22A,2020-05-25,-73.9667,-109.25,24.0,-9.612076,-2.5905151,0.0,0.0
B22A,2020-05-26,-73.9667,-109.25,24.0,-9.612076,-2.5905151,0.0,0.0
B22A,2020-05-27,-73.9667,-109.25,24.0,-9.612076,-2.5905151,0.0,0.0
B22A,2020-05-28,-73.9667,-109.25,24.0,-9.612076,-2.5905151,0.0,0.0
B22A,2020-05-29,-73.9667,-109.25,24.0,-9.612076,-2.5905151,0.0,0.0
B22A,2020-05-30,-73.9667,-109.25,24.0,-9.612076,-2.5905151,0.0,0.0
B22A,2020-05-31,-73.9667,-109.25,24.0,-9.612076,-2.5905151,0.0,0.0
B22A,2020-06-01,-73.9667,-109.25,24.0,-9.612076,-2.5905151,0.0,0.0
B22A,2020-06-02,-73.9667,-109.25,24.0,-7.2734833,2.9597168,0.0,0.0
B22A,2020-06-03,-73.9667,-109.25,24.0,-7.9219666,-1.6469727,0.0,0.0
B22A,2020-06-04,-73.9667,-109.25,24.0,-7.1851196,-1.3020935,0.0,0.0
B22A,2020-06-05,-73.9667,-109.25,24.0,-7.456085,-5.3526,0.0,0.0
B22A,2020-06-06,-73.9667,-109.2528,24.0,-5.021454,1.7560883,-0.0009935383506781614,0.0
B22A,2020-06-07,-73.9667,-109.2599,24.0,-3.61615,-1.5921631,-0.0025193293892284475,0.0
B22A,2020-06-08,-73.9667,-109.2697,24.0,-3.462143,-2.438858,-0.0034773842273811283,0.0
B22A,2020-06-09,-73.9667,-109.2803,24.0,-0.64460754,4.458481,-0.0037612523275748883,0.0
B22A,2020-06-10,-73.9667,-109.2901,24.0,-4.8220673,-1.3388062,-0.0034773842273811283,0.0
B22A,2020-06-11,-73.9667,-109.2972,24.0,-2.464325,2.4922333,-0.0025193293892284475,0.0
B22A,2020-06-12,-73.9667,-109.3,24.0,-3.719284,5.52211,-0.0009935383506781614,0.0
B22A,2020-06-13,-73.9667,-109.3,24.0,-5.141983,2.2349854,0.0,0.0
B22A,2020-06-14,-73.9667,-109.3,24.0,-2.7651062,4.630234,0.0,0.0
B22A,2020-06-15,-73.9667,-109.3,24.0,-6.4063873,-1.7192993,0.0,0.0
B22A,2020-06-16,-73.9667,-109.3,24.0,-3.0962067,-5.758621,0.0,0.0
B22A,2020-06-17,-73.9667,-109.3,24.0,-7.978592,-5.0122833,0.0,0.0
B22A,2020-06-18,-73.9667,-109.3,24.0,-5.8096924,3.031845,0.0,0.0
B22A,2020-06-19,-73.9667,-109.3,24.0,-4.621277,6.168213,0.0,0.0
B22A,2020-06-20,-73.9667,-109.2991,24.0,-5.3074036,8.179092,0.00031935161271924107,0.0
B22A,2020-06-21,-73.9667,-109.2967,24.0,-6.844391,6.4144135,0.0008516043005812812,0.0
B22A,2020-06-22,-73.9667,-109.2934,24.0,-7.068222,2.8020782,0.0011709559133005222,0.0
B22A,2020-06-23,-73.9667,-109.2899,24.0,-6.5897217,4.9834747,0.0012419229383514834,0.0
B22A,2020-06-24,-73.9667,-109.2866,24.0,-6.902588,5.0749054,0.0011709559133005222,0.0
B22A,2020-06-25,-73.9667,-109.2842,24.0,-2.1404724,-3.2270966,0.0008516043005863236,0.0
B22A,2020-06-26,-73.9667,-109.2833,24.0,-6.5667267,-0.3187256,0.00031935161271924107,0.0
B22A,2020-06-27,-73.9667,-109.2833,24.0,-5.667053,3.5635986,0.0,0.0
B22A,2020-06-28,-73.9667,-109.2833,24.0,-3.452423,5.0941925,0.0,0.0
B22A,2020-06-29,-73.9667,-109.2833,24.0,-4.322357,7.040207,0.0,0.0
B22A,2020-06-30,-73.9667,-109.2833,24.0,-2.1921387,5.508438,0.0,0.0
B22A,2020-07-01,-73.9667,-109.2833,24.0,-1.9680634,7.016754,0.0,0.0
B22A,2020-07-02,-73.9667,-109.2833,24.0,-4.2027893,3.8988342,0.0,0.0
B22A,2020-07-03,-73.9667,-109.2833,24.0,-4.529907,5.1971436,0.0,0.0
B22A,2020-07-04,-73.9667,-109.2833,24.0,-2.2194061,5.6444855,0.0,0.0
B22A,2020-07-05,-73.9667,-109.2833,24.0,-3.2101898,7.7465363,0.0,0.0
B22A,2020-07-06,-73.9667,-109.2833,24.0,-0.9369049,4.245468,0.0,0.0
B22A,2020-07-07,-73.9667,-109.2833,24.0,-4.120056,2.9830933,0.0,0.0
B22A,2020-07-08,-73.9667,-109.2833,24.0,-4.552002,0.007873535,0.0,0.0
B22A,2020-07-09,-73.9667,-109.2833,24.0,-4.3340454,-0.04484558,0.0,0.0
B22A,2020-07-10,-73.9667,-109.2833,24.0,-6.330078,5.847641,0.0,0.0
B22A,2020-07-11,-73.9667,-109.2833,24.0,-10.620895,-0.09094238,0.0,0.0
B22A,2020-07-12,-73.9667,-109.2833,24.0,-10.534149,0.69737244,0.0,0.0
B22A,2020-07-13,-73.9667,-109.2833,24.0,-6.016693,-1.3000641,0.0,0.0
B22A,2020-07-14,-73.9667,-109.2833,24.0,-6.098648,-1.1884003,0.0,0.0
B22A,2020-07-15,-73.9667,-109.2833,24.0,-4.30336,2.4246979,0.0,0.0
B22A,2020-07-16,-73.9667,-109.2833,24.0,-3.9754791,2.4150696,0.0,0.0
B22A,2020-07-17,-73.9667,-109.2833,24.0,-4.1542816,5.210022,0.0,0.0
B22A,2020-07-18,-73.9667,-109.2833,24.0,-2.5233002,5.388092,0.0,0.0
B22A,2020-07-19,-73.9667,-109.2833,24.0,-4.029648,5.5933228,0.0,0.0
B22A,2020-07-20,-73.9667,-109.2833,24.0,-4.6799927,2.1274261,0.0,0.0
B22A,2020-07-21,-73.9667,-109.2833,24.0,-3.5094604,3.9085388,0.0,0.0
B22A,2020-07-22,-73.9667,-109.2833,24.0,-5.863693,2.4156647,0.0,0.0
B22A,2020-07-23,-73.9667,-109.2833,24.0,-11.660553,-1.7109222,0.0,0.0
B22A,2020-07-24,-73.9667,-109.2833,24.0,-6.8883057,-3.3339844,0.0,0.0
B22A,2020-07-25,-73.9667,-109.2833,24.0,-8.174423,-4.5773926,0.0,0.0
B22A,2020-07-26,-73.9667,-109.2833,24.0,-6.6780396,2.4628448,0.0,0.0
B22A,2020-07-27,-73.9667,-109.2833,24.0,-3.6973724,3.98909,0.0,0.0
B22A,2020-07-28,-73.9667,-109.2833,24.0,-5.129074,4.857071,0.0,0.0
B22A,2020-07-29,-73.9667,-109.2833,24.0,-3.5093384,4.389969,0.0,0.0
B22A,2020-07-30,-73.9667,-109.2833,24.0,-3.0334015,5.5009766,0.0,0.0
B22A,2020-07-31,-73.9667,-109.2833,24.0,-4.094269,6.2743683,0.0,0.0
B22A,2020-08-01,-73.9667,-109.2879,24.0,-6.759186,5.0823517,-0.0016322415761166435,0.0
B22A,2020-08-02,-73.9667,-109.2998,24.0,-7.172867,2.5075989,-0.004222537990396053,0.0
B22A,2020-08-03,-73.9667,-109.3161,24.0,-5.597946,2.9038086,-0.005783812541461734,0.0
B22A,2020-08-04,-73.9667,-109.3339,24.0,-4.6199493,6.440628,-0.0063160652293237736,0.0
B22A,2020-08-05,-73.9667,-109.3502,24.0,-5.116791,3.3322144,-0.005783812541461734,0.0
B22A,2020-08-06,-73.9667,-109.3621,24.0,-6.0300903,6.123413,-0.00422253799039101,0.0
B22A,2020-08-07,-73.9667,-109.3667,24.0,-3.5818024,6.5278015,-0.0016322415761166435,0.0
B22A,2020-08-08,-73.9667,-109.3667,24.0,-2.6063232,6.2179565,0.0,0.0
B22A,2020-08-09,-73.9667,-109.3667,24.0,-3.0167236,-5.631256,0.0,0.0
B22A,2020-08-10,-73.9667,-109.3667,24.0,-5.8549805,-7.961914,0.0,0.0
B22A,2020-08-11,-73.9667,-109.3667,24.0,-5.6929626,-0.1590271,0.0,0.0
B22A,2020-08-12,-73.9667,-109.3667,24.0,-6.1012573,4.8364716,0.0,0.0
B22A,2020-08-13,-73.9667,-109.3667,24.0,-3.9795685,4.9529266,0.0,0.0
B22A,2020-08-14,-73.9667,-109.3667,24.0,-5.513275,3.423706,0.0,0.0
B22A,2020-08-15,-73.9667,-109.3667,24.0,-4.7173615,5.3544617,0.0,0.0
B22A,2020-08-16,-73.9667,-109.3667,24.0,-2.3346405,3.9665222,0.0,0.0
B22A,2020-08-17,-73.9667,-109.3667,24.0,-2.4606018,8.475388,0.0,0.0
B22A,2020-08-18,-73.9667,-109.3667,24.0,-3.6282806,8.954987,0.0,0.0
B22A,2020-08-19,-73.9667,-109.3667,24.0,-3.9624329,7.366287,0.0,0.0
B22A,2020-08-20,-73.9667,-109.3667,24.0,-5.22583,4.535553,0.0,0.0
B22A,2020-08-21,-73.9667,-109.3667,24.0,-2.423584,7.587021,0.0,0.0
B22A,2020-08-22,-73.9667,-109.3648,24.0,-3.2136688,6.6123505,0.0006741867379589202,0.0
B22A,2020-08-23,-73.9667,-109.3601,24.0,-4.8752136,5.9250793,0.001667725088642124,0.0
B22A,2020-08-24,-73.9667,-109.3536,24.0,-5.646393,-0.45399475,0.0023064283140806063,0.0
B22A,2020-08-25,-73.9667,-109.3464,24.0,-7.158966,-3.8816986,0.0025548129017488857,0.0
B22A,2020-08-26,-73.9667,-109.3399,24.0,-6.684494,-1.6418762,0.0023064283140806063,0.0
B22A,2020-08-27,-73.9667,-109.3352,24.0,-5.8094025,2.3566742,0.001667725088642124,0.0
B22A,2020-08-28,-73.9667,-109.3333,24.0,-6.2280884,4.858856,0.0006741867379639627,0.0
B22A,2020-08-29,-73.9667,-109.3333,24.0,-3.7376099,7.1806946,0.0,0.0
B22A,2020-08-30,-73.9667,-109.3333,24.0,-6.2046967,6.5015717,0.0,0.0
B22A,2020-08-31,-73.9667,-109.3333,24.0,-4.5201874,5.4889374,0.0,0.0
B22A,2020-09-01,-73.9667,-109.3333,24.0,-4.355667,2.9854126,0.0,0.0
B22A,2020-09-02,-73.9667,-109.3333,24.0,-4.355667,2.9854126,0.0,0.0
B22A,2020-09-03,-73.9667,-109.3333,24.0,-4.355667,2.9854126,0.0,0.0
B22A,2020-09-04,-73.9667,-109.3333,24.0,-4.355667,2.9854126,0.0,0.0
B22A,2020-09-05,-73.9667,-109.3342,24.0,-4.355667,2.9854126,-0.00031935161271924107,0.0
B22A,2020-09-06,-73.9667,-109.3366,24.0,-4.355667,2.9854126,-0.0008516043005863236,0.0
B22A,2020-09-07,-73.9667,-109.3399,24.0,-4.355667,2.9854126,-0.0011709559133005222,0.0
B22A,2020-09-08,-73.9667,-109.3434,24.0,-4.355667,2.9854126,-0.0012419229383514834,0.0
B22A,2020-09-09,-73.9667,-109.3467,24.0,-4.355667,2.9854126,-0.0011709559133005222,0.0
B22A,2020-09-10,-73.9667,-109.3491,24.0,-4.355667,2.9854126,-0.0008516043005863236,0.0
B22A,2020-09-11,-73.9667,-109.35,24.0,-4.355667,2.9854126,-0.00031935161271419855,0.0
B22A,2020-09-12,-73.9667,-109.35,24.0,-4.355667,2.9854126,0.0,0.0
B22A,2020-09-13,-73.9667,-109.35,24.0,-4.355667,2.9854126,0.0,0.0
B22A,2020-09-14,-73.9667,-109.35,24.0,-4.355667,2.9854126,0.0,0.0
B22A,2020-09-15,-73.9667,-109.35,24.0,-4.355667,2.9854126,0.0,0.0
B22A,2020-09-16,-73.9667,-109.35,24.0,-4.355667,2.9854126,0.0,0.0
B22A,2020-09-17,-73.9667,-109.35,24.0,-4.355667,2.9854126,0.0,0.0
B22A,2020-09-18,-73.9667,-109.35,24.0,-4.355667,2.9854126,0.0,0.0
B22A,2020-09-19,-73.9667,-109.35,24.0,-4.355667,2.9854126,0.0,0.0
B22A,2020-09-20,-73.9667,-109.35,24.0,-4.355667,2.9854126,0.0,0.0
B22A,2020-09-21,-73.9667,-109.35,24.0,-4.355667,2.9854126,0.0,0.0
B22A,2020-09-22,-73.9667,-109.35,24.0,-4.355667,2.9854126,0.0,0.0
B22A,2020-09-23,-73.9667,-109.35,24.0,-4.355667,2.9854126,0.0,0.0
B22A,2020-09-24,-73.9667,-109.35,24.0,-4.355667,2.9854126,0.0,0.0
B22A,2020-09-25,-73.9667,-109.35,24.0,-4.355667,2.9854126,0.0,0.0
B22A,2020-10-10,-73.9667,-109.35,24.0,-4.355667,2.9854126,0.0,0.0
B22A,2020-10-11,-73.9667,-109.35,24.0,-4.355667,2.9854126,0.0,0.0
B22A,2020-10-12,-73.9667,-109.35,24.0,-4.355667,2.9854126,0.0,0.0
B22A,2020-10-13,-73.9667,-109.35,24.0,-4.355667,2.9854126,0.0,0.0
B22A,2020-10-14,-73.9667,-109.35,24.0,-4.355667,2.9854126,0.0,0.0
B22A,2020-10-15,-73.9667,-109.35,24.0,-4.355667,2.9854126,0.0,0.0
B22A,2020-10-16,-73.9667,-109.35,24.0,-4.355667,2.9854126,0.0,0.0
B22A,2020-10-17,-73.9667,-109.35,24.0,-4.355667,2.9854126,0.0,0.0
B22A,2020-10-18,-73.9667,-109.35,24.0,-4.355667,2.9854126,0.0,0.0
B22A,2020-10-19,-73.9667,-109.35,24.0,-4.355667,2.9854126,0.0,0.0
B22A,2020-10-20,-73.9667,-109.35,24.0,-4.355667,2.9854126,0.0,0.0
B22A,2020-10-21,-73.9667,-109.35,24.0,-4.355667,2.9854126,0.0,0.0
B22A,2020-10-22,-73.9667,-109.35,24.0,-4.355667,2.9854126,0.0,0.0
B22A,2020-10-23,-73.9667,-109.35,24.0,-4.355667,2.9854126,0.0,0.0
B22A,2020-10-24,-73.9667,-109.35,24.0,-4.355667,2.9854126,0.0,0.0
B22A,2020-10-25,-73.9667,-109.35,24.0,-4.355667,2.9854126,0.0,0.0
B22A,2020-10-26,-73.9667,-109.35,24.0,-4.355667,2.9854126,0.0,0.0
B22A,2020-10-27,-73.9667,-109.35,24.0,-4.355667,2.9854126,0.0,0.0
B22A,2020-10-28,-73.9667,-109.35,24.0,-4.355667,2.9854126,0.0,0.0
B22A,2020-10-29,-73.9667,-109.35,24.0,-4.355667,2.9854126,0.0,0.0
B22A,2020-10-30,-73.9667,-109.35,24.0,-4.355667,2.9854126,0.0,0.0
B22A,2020-10-31,-73.9658,-109.35,24.0,-4.355667,2.9854126,0.0,0.0011562500000018695
B22A,2020-11-01,-73.9634,-109.35,24.0,-4.355667,2.9854126,0.0,0.0030833333333444043
B22A,2020-11-02,-73.9601,-109.35,24.0,-4.355667,2.9854126,0.0,0.004239583333328017
B22A,2020-11-03,-73.9566,-109.35,24.0,-4.355667,2.9854126,0.0,0.004496527777780991
B22A,2020-11-04,-73.9533,-109.35,24.0,-4.355667,2.9854126,0.0,0.004239583333328017
B22A,2020-11-05,-73.9509,-109.35,24.0,-4.355667,2.9854126,0.0,0.0030833333333261472
B22A,2020-11-06,-73.95,-109.35,24.0,-4.355667,2.9854126,0.0,0.0011562500000018695
B22A,2020-11-07,-73.95,-109.35,24.0,-4.355667,2.9854126,0.0,0.0
B22A,2020-11-08,-73.95,-109.35,24.0,-4.355667,2.9854126,0.0,0.0
B22A,2020-11-09,-73.95,-109.35,24.0,-4.355667,2.9854126,0.0,0.0
B22A,2020-11-10,-73.95,-109.35,24.0,-4.355667,2.9854126,0.0,0.0
B22A,2020-11-11,-73.95,-109.35,24.0,-4.355667,2.9854126,0.0,0.0
B22A,2020-11-12,-73.95,-109.35,24.0,-4.355667,2.9854126,0.0,0.0
B22A,2020-11-13,-73.95,-109.35,24.0,-4.355667,2.9854126,0.0,0.0
B22A,2020-11-14,-73.95,-109.35,24.0,-4.355667,2.9854126,0.0,0.0
B22A,2020-11-15,-73.95,-109.35,24.0,-4.355667,2.9854126,0.0,0.0
B22A,2020-11-16,-73.95,-109.35,24.0,-4.355667,2.9854126,0.0,0.0
B22A,2020-11-17,-73.95,-109.35,24.0,-4.355667,2.9854126,0.0,0.0
B22A,2020-11-18,-73.95,-109.35,24.0,-4.355667,2.9854126,0.0,0.0
B22A,2020-11-19,-73.95,-109.35,24.0,-4.355667,2.9854126,0.0,0.0
B22A,2020-11-20,-73.95,-109.35,24.0,-4.355667,2.9854126,0.0,0.0
B22A,2020-11-21,-73.95,-109.35,24.0,-4.355667,2.9854126,0.0,0.0
B22A,2020-11-22,-73.95,-109.35,24.0,-4.355667,2.9854126,0.0,0.0
B22A,2020-11-23,-73.95,-109.35,24.0,-4.355667,2.9854126,0.0,0.0
B22A,2020-11-24,-73.95,-109.35,24.0,-4.355667,2.9854126,0.0,0.0
B22A,2020-11-25,-73.95,-109.35,24.0,-4.355667,2.9854126,0.0,0.0
B22A,2020-11-26,-73.95,-109.35,24.0,-4.355667,2.9854126,0.0,0.0
B22A,2020-11-27,-73.95,-109.35,24.0,-4.355667,2.9854126,0.0,0.0
B22A,2020-11-28,-73.9494,-109.3494,24.0,-4.355667,2.9854126,0.00021312475881750856,0.0007708333333406654
B22A,2020-11-29,-73.948,-109.348,24.0,-4.355667,2.9854126,0.0004973333389281057,0.0017986111111160479
B22A,2020-11-30,-73.9461,-109.3461,24.0,-4.355667,2.9854126,0.000675030177892938,0.002440972222211969
B22A,2020-12-01,-73.9439,-109.3439,24.0,-4.355667,2.9854126,0.0007817181828797104,0.00282638888889143
B22A,2020-12-02,-73.942,-109.342,24.0,-4.355667,2.9854126,0.0006751980366026733,0.002440972222230226
B22A,2020-12-03,-73.9406,-109.3406,24.0,-4.355667,2.9854126,0.0004975565762019827,0.0017986111110977908
B22A,2020-12-04,-73.94,-109.34,24.0,-4.355667,2.9854126,0.00021324628977829882,0.0007708333333406654
B22A,2020-12-05,-73.94,-109.34,24.0,-4.355667,2.9854126,0.0,0.0
B22A,2020-12-06,-73.94,-109.34,24.0,-4.355667,2.9854126,0.0,0.0
B22A,2020-12-07,-73.94,-109.34,24.0,-4.355667,2.9854126,0.0,0.0
B22A,2020-12-08,-73.94,-109.34,24.0,-4.355667,2.9854126,0.0,0.0
B22A,2020-12-09,-73.94,-109.34,24.0,-4.355667,2.9854126,0.0,0.0
B22A,2020-12-10,-73.94,-109.34,24.0,-4.355667,2.9854126,0.0,0.0
B22A,2020-12-11,-73.94,-109.34,24.0,-4.355667,2.9854126,0.0,0.0
B22A,2020-12-12,-73.9394,-109.3411,24.0,-4.355667,2.9854126,-0.0003909657526145505,0.0007708333333224084
B22A,2020-12-13,-73.938,-109.344,24.0,-4.355667,2.9854126,-0.001030815375677522,0.0017986111111160479
B22A,2020-12-14,-73.9361,-109.3479,24.0,-4.355667,2.9854126,-0.0013864286183591853,0.002440972222230226
B22A,2020-12-15,-73.9339,-109.3521,24.0,-4.355667,2.9854126,-0.001493276067827135,0.00282638888889143
B22A,2020-12-16,-73.932,-109.356,24.0,-4.355667,2.9854126,-0.001386773153124776,0.002440972222211969
B22A,2020-12-17,-73.9306,-109.3589,24.0,-4.355667,2.9854126,-0.0010312777725154023,0.0017986111111160479
B22A,2020-12-18,-73.93,-109.36,24.0,-4.355667,2.9854126,-0.000391188548181277,0.0007708333333224084
B22A,2020-12-19,-73.93,-109.36,24.0,-4.355667,2.9854126,0.0,0.0
B22A,2020-12-20,-73.93,-109.36,24.0,-4.355667,2.9854126,0.0,0.0
B22A,2020-12-21,-73.93,-109.36,24.0,-4.355667,2.9854126,0.0,0.0
B22A,2020-12-22,-73.93,-109.36,24.0,-4.355667,2.9854126,0.0,0.0
B22A,2020-12-23,-73.93,-109.36,24.0,-4.355667,2.9854126,0.0,0.0
B22A,2020-12-24,-73.93,-109.36,24.0,-4.355667,2.9854126,0.0,0.0
B22A,2020-12-25,-73.93,-109.36,24.0,-4.355667,2.9854126,0.0,0.0
B22A,2020-12-26,-73.93,-109.36,24.0,-4.355667,2.9854126,0.0,0.0
B22A,2020-12-27,-73.93,-109.36,24.0,-4.355667,2.9854126,0.0,0.0
B22A,2020-12-28,-73.93,-109.36,24.0,-4.355667,2.9854126,0.0,0.0
B22A,2020-12-29,-73.93,-109.36,24.0,-4.355667,2.9854126,0.0,0.0
B22A,2020-12-30,-73.93,-109.36,24.0,-4.355667,2.9854126,0.0,0.0
B22A,2020-12-31,-73.93,-109.36,24.0,-4.355667,2.9854126,0.0,0.0
B28,2020-01-01,-74.7,-108.8,24.0,-9.644302,-3.1246948,0.0,0.0
B28,2020-01-02,-74.7,-108.8,24.0,-9.644302,-3.1246948,0.0,0.0
B28,2020-01-03,-74.7,-108.8,24.0,-9.644302,-3.1246948,0.0,0.0
B28,2020-01-04,-74.7,-108.8,24.0,-9.644302,-3.1246948,0.0,0.0
B28,2020-01-05,-74.7,-108.8,24.0,-9.644302,-3.1246948,0.0,0.0
B28,2020-01-06,-74.7,-108.8,24.0,-9.644302,-3.1246948,0.0,0.0
B28,2020-01-07,-74.7,-108.8,24.0,-9.644302,-3.1246948,0.0,0.0
B28,2020-01-08,-74.7,-108.8,24.0,-9.644302,-3.1246948,0.0,0.0
B28,2020-01-09,-74.7,-108.8,24.0,-9.644302,-3.1246948,0.0,0.0
B28,2020-01-10,-74.7,-108.8,24.0,-9.644302,-3.1246948,0.0,0.0
B28,2020-01-11,-74.7,-108.8,24.0,-9.644302,-3.1246948,0.0,0.0
B28,2020-01-12,-74.7,-108.8,24.0,-9.644302,-3.1246948,0.0,0.0
B28,2020-01-13,-74.7,-108.8,24.0,-9.644302,-3.1246948,0.0,0.0
B28,2020-01-14,-74.7,-108.8,24.0,-9.644302,-3.1246948,0.0,0.0
B28,2020-01-15,-74.7,-108.8,24.0,-9.644302,-3.1246948,0.0,0.0
B28,2020-01-16,-74.7,-108.8,24.0,-9.644302,-3.1246948,0.0,0.0
B28,2020-01-17,-74.7,-108.8,24.0,-9.644302,-3.1246948,0.0,0.0
B28,2020-01-18,-74.7,-108.8,24.0,-9.644302,-3.1246948,0.0,0.0
B28,2020-01-19,-74.7,-108.8,24.0,-9.644302,-3.1246948,0.0,0.0
B28,2020-01-20,-74.7,-108.8,24.0,-9.644302,-3.1246948,0.0,0.0
B28,2020-01-21,-74.7,-108.8,24.0,-9.644302,-3.1246948,0.0,0.0
B28,2020-01-22,-74.7,-108.8,24.0,-9.644302,-3.1246948,0.0,0.0
B28,2020-01-23,-74.7,-108.8,24.0,-9.644302,-3.1246948,0.0,0.0
B28,2020-01-24,-74.7,-108.8,24.0,-9.644302,-3.1246948,0.0,0.0
B28,2020-01-25,-74.7,-108.8,24.0,-9.644302,-3.1246948,0.0,0.0
B28,2020-01-26,-74.7,-108.8,24.0,-9.644302,-3.1246948,0.0,0.0
B28,2020-01-27,-74.7,-108.8,24.0,-9.644302,-3.1246948,0.0,0.0
B28,2020-01-28,-74.7,-108.8,24.0,-9.644302,-3.1246948,0.0,0.0
B28,2020-01-29,-74.7,-108.8,24.0,-9.644302,-3.1246948,0.0,0.0
B28,2020-01-30,-74.7,-108.8,24.0,-9.644302,-3.1246948,0.0,0.0
B28,2020-01-31,-74.7,-108.8,24.0,-9.644302,-3.1246948,0.0,0.0
B28,2020-02-01,-74.7,-108.8,24.0,-9.644302,-3.1246948,0.0,0.0
B28,2020-02-02,-74.7,-108.8,24.0,-9.644302,-3.1246948,0.0,0.0
B28,2020-02-03,-74.7,-108.8,24.0,-9.644302,-3.1246948,0.0,0.0
B28,2020-02-04,-74.7,-108.8,24.0,-9.644302,-3.1246948,0.0,0.0
B28,2020-02-05,-74.7,-108.8,24.0,-9.644302,-3.1246948,0.0,0.0
B28,2020-02-06,-74.7,-108.8,24.0,-9.644302,-3.1246948,0.0,0.0
B28,2020-02-07,-74.7,-108.8,24.0,-9.644302,-3.1246948,0.0,0.0
B28,2020-02-08,-74.7,-108.8,24.0,-9.644302,-3.1246948,0.0,0.0
B28,2020-02-09,-74.7,-108.8,24.0,-9.644302,-3.1246948,0.0,0.0
B28,2020-02-10,-74.7,-108.8,24.0,-9.644302,-3.1246948,0.0,0.0
B28,2020-02-11,-74.7,-108.8,24.0,-9.644302,-3.1246948,0.0,0.0
B28,2020-02-12,-74.7,-108.8,24.0,-9.644302,-3.1246948,0.0,0.0
B28,2020-02-13,-74.7,-108.8,24.0,-9.644302,-3.1246948,0.0,0.0
B28,2020-02-14,-74.7,-108.8,24.0,-9.644302,-3.1246948,0.0,0.0
B28,2020-02-15,-74.6991,-108.7991,24.0,-9.644302,-3.1246948,0.0003051207325978914,0.0011562500000018695
B28,2020-02-16,-74.6967,-108.7967,24.0,-9.644302,-3.1246948,0.0008137798624758413,0.0030833333333261472
B28,2020-02-17,-74.6934,-108.7934,24.0,-9.644302,-3.1246948,0.001119182833351484,0.004239583333346274
B28,2020-02-18,-74.6899,-108.7899,24.0,-9.644302,-3.1246948,0.0011872770273957975,0.004496527777780991
B28,2020-02-19,-74.6866,-108.7866,24.0,-9.644302,-3.1246948,0.0011196681406229585,0.004239583333328017
B28,2020-02-20,-74.6842,-108.7842,24.0,-9.644302,-3.1246948,0.000814428670387391,0.0030833333333261472
B28,2020-02-21,-74.6833,-108.7833,24.0,-9.644302,-3.1246948,0.000305428268647297,0.0011562500000018695
B28,2020-02-22,-74.6833,-108.7833,24.0,-9.644302,-3.1246948,0.0,0.0
B28,2020-02-23,-74.6833,-108.7833,24.0,-9.644302,-3.1246948,0.0,0.0
B28,2020-02-24,-74.6833,-108.7833,24.0,-9.644302,-3.1246948,0.0,0.0
B28,2020-02-25,-74.6833,-108.7833,24.0,-9.644302,-3.1246948,0.0,0.0
B28,2020-02-26,-74.6833,-108.7833,24.0,-9.644302,-3.1246948,0.0,0.0
B28,2020-02-27,-74.6833,-108.7833,24.0,-9.644302,-3.1246948,0.0,0.0
B28,2020-02-28,-74.6833,-108.7833,24.0,-9.644302,-3.1246948,0.0,0.0
B28,2020-02-29,-74.6833,-108.7833,24.0,-9.644302,-3.1246948,0.0,0.0
B28,2020-03-01,-74.6833,-108.7833,24.0,-9.644302,-3.1246948,0.0,0.0
B28,2020-03-02,-74.6833,-108.7833,24.0,-9.644302,-3.1246948,0.0,0.0
B28,2020-03-03,-74.6833,-108.7833,24.0,-9.644302,-3.1246948,0.0,0.0
B28,2020-03-04,-74.6833,-108.7833,24.0,-9.644302,-3.1246948,0.0,0.0
B28,2020-03-05,-74.6833,-108.7833,24.0,-9.644302,-3.1246948,0.0,0.0
B28,2020-03-06,-74.6833,-108.7833,24.0,-9.644302,-3.1246948,0.0,0.0
B28,2020-03-07,-74.6833,-108.7833,24.0,-9.644302,-3.1246948,0.0,0.0
B28,2020-03-08,-74.6833,-108.7833,24.0,-9.644302,-3.1246948,0.0,0.0
B28,2020-03-09,-74.6833,-108.7833,24.0,-9.644302,-3.1246948,0.0,0.0
B28,2020-03-10,-74.6833,-108.7833,24.0,-9.644302,-3.1246948,0.0,0.0
B28,2020-03-11,-74.6833,-108.7833,24.0,-9.644302,-3.1246948,0.0,0.0
B28,2020-03-12,-74.6833,-108.7833,24.0,-9.644302,-3.1246948,0.0,0.0
B28,2020-03-13,-74.6833,-108.7833,24.0,-9.644302,-3.1246948,0.0,0.0
B28,2020-03-14,-74.6833,-108.7833,24.0,-9.644302,-3.1246948,0.0,0.0
B28,2020-03-15,-74.6833,-108.7833,24.0,-9.644302,-3.1246948,0.0,0.0
B28,2020-03-16,-74.6833,-108.7833,24.0,-9.644302,-3.1246948,0.0,0.0
B28,2020-03-17,-74.6833,-108.7833,24.0,-9.644302,-3.1246948,0.0,0.0
B28,2020-03-18,-74.6833,-108.7833,24.0,-9.644302,-3.1246948,0.0,0.0
B28,2020-03-19,-74.6833,-108.7833,24.0,-9.644302,-3.1246948,0.0,0.0
B28,2020-03-20,-74.6833,-108.7833,24.0,-9.644302,-3.1246948,0.0,0.0
B28,2020-03-21,-74.6833,-108.7833,24.0,-9.644302,-3.1246948,0.0,0.0
B28,2020-03-22,-74.6833,-108.7833,24.0,-9.644302,-3.1246948,0.0,0.0
B28,2020-03-23,-74.6833,-108.7833,24.0,-9.644302,-3.1246948,0.0,0.0
B28,2020-03-24,-74.6833,-108.7833,24.0,-9.644302,-3.1246948,0.0,0.0
B28,2020-03-25,-74.6833,-108.7833,24.0,-9.644302,-3.1246948,0.0,0.0
B28,2020-03-26,-74.6833,-108.7833,24.0,-9.644302,-3.1246948,0.0,0.0
B28,2020-03-27,-74.6833,-108.7833,24.0,-9.644302,-3.1246948,0.0,0.0
B28,2020-03-28,-74.6833,-108.7833,24.0,-9.644302,-3.1246948,0.0,0.0
B28,2020-03-29,-74.6833,-108.7833,24.0,-9.644302,-3.1246948,0.0,0.0
B28,2020-03-30,-74.6833,-108.7833,24.0,-9.644302,-3.1246948,0.0,0.0
B28,2020-03-31,-74.6833,-108.7833,24.0,-9.644302,-3.1246948,0.0,0.0
B28,2020-04-01,-74.6833,-108.7833,24.0,-9.644302,-3.1246948,0.0,0.0
B28,2020-04-02,-74.6833,-108.7833,24.0,-9.644302,-3.1246948,0.0,0.0
B28,2020-04-03,-74.6833,-108.7833,24.0,-9.644302,-3.1246948,0.0,0.0
B28,2020-04-04,-74.6833,-108.7833,24.0,-9.644302,-3.1246948,0.0,0.0
B28,2020-04-05,-74.6833,-108.7833,24.0,-9.644302,-3.1246948,0.0,0.0
B28,2020-04-06,-74.6833,-108.7833,24.0,-9.644302,-3.1246948,0.0,0.0
B28,2020-04-07,-74.6833,-108.7833,24.0,-9.644302,-3.1246948,0.0,0.0
B28,2020-04-08,-74.6833,-108.7833,24.0,-9.644302,-3.1246948,0.0,0.0
B28,2020-04-09,-74.6833,-108.7833,24.0,-9.644302,-3.1246948,0.0,0.0
B28,2020-04-10,-74.6833,-108.7833,24.0,-9.644302,-3.1246948,0.0,0.0
B28,2020-04-11,-74.6833,-108.7833,24.0,-9.644302,-3.1246948,0.0,0.0
B28,2020-04-12,-74.6833,-108.7833,24.0,-9.644302,-3.1246948,0.0,0.0
B28,2020-04-13,-74.6833,-108.7833,24.0,-9.644302,-3.1246948,0.0,0.0
B28,2020-04-14,-74.6833,-108.7833,24.0,-9.644302,-3.1246948,0.0,0.0
B28,2020-04-15,-74.6833,-108.7833,24.0,-9.644302,-3.1246948,0.0,0.0
B28,2020-04-16,-74.6833,-108.7833,24.0,-9.644302,-3.1246948,0.0,0.0
B28,2020-04-17,-74.6833,-108.7833,24.0,-9.644302,-3.1246948,0.0,0.0
B28,2020-04-18,-74.6833,-108.7833,24.0,-9.644302,-3.1246948,0.0,0.0
B28,2020-04-19,-74.6833,-108.7833,24.0,-9.644302,-3.1246948,0.0,0.0
B28,2020-04-20,-74.6833,-108.7833,24.0,-9.644302,-3.1246948,0.0,0.0
B28,2020-04-21,-74.6833,-108.7833,24.0,-9.644302,-3.1246948,0.0,0.0
B28,2020-04-22,-74.6833,-108.7833,24.0,-9.644302,-3.1246948,0.0,0.0
B28,2020-04-23,-74.6833,-108.7833,24.0,-9.644302,-3.1246948,0.0,0.0
B28,2020-04-24,-74.6833,-108.7833,24.0,-9.644302,-3.1246948,0.0,0.0
B28,2020-04-25,-74.6833,-108.7833,24.0,-9.644302,-3.1246948,0.0,0.0
B28,2020-04-26,-74.6833,-108.7833,24.0,-9.644302,-3.1246948,0.0,0.0
B28,2020-04-27,-74.6833,-108.7833,24.0,-9.644302,-3.1246948,0.0,0.0
B28,2020-04-28,-74.6833,-108.7833,24.0,-9.644302,-3.1246948,0.0,0.0
B28,2020-04-29,-74.6833,-108.7833,24.0,-9.644302,-3.1246948,0.0,0.0
B28,2020-04-30,-74.6833,-108.7833,24.0,-9.644302,-3.1246948,0.0,0.0
B28,2020-05-01,-74.6833,-108.7833,24.0,-9.644302,-3.1246948,0.0,0.0
B28,2020-05-02,-74.6833,-108.7833,24.0,-9.644302,-3.1246948,0.0,0.0
B28,2020-05-03,-74.6833,-108.7833,24.0,-9.644302,-3.1246948,0.0,0.0
B28,2020-05-04,-74.6833,-108.7833,24.0,-9.644302,-3.1246948,0.0,0.0
B28,2020-05-05,-74.6833,-108.7833,24.0,-9.644302,-3.1246948,0.0,0.0
B28,2020-05-06,-74.6833,-108.7833,24.0,-9.644302,-3.1246948,0.0,0.0
B28,2020-05-07,-74.6833,-108.7833,24.0,-9.644302,-3.1246948,0.0,0.0
B28,2020-05-08,-74.6833,-108.7833,24.0,-9.644302,-3.1246948,0.0,0.0
B28,2020-05-09,-74.6833,-108.7833,24.0,-9.644302,-3.1246948,0.0,0.0
B28,2020-05-10,-74.6833,-108.7833,24.0,-9.644302,-3.1246948,0.0,0.0
B28,2020-05-11,-74.6833,-108.7833,24.0,-9.644302,-3.1246948,0.0,0.0
B28,2020-05-12,-74.6833,-108.7833,24.0,-9.644302,-3.1246948,0.0,0.0
B28,2020-05-13,-74.6833,-108.7833,24.0,-9.644302,-3.1246948,0.0,0.0
B28,2020-05-14,-74.6833,-108.7833,24.0,-9.644302,-3.1246948,0.0,0.0
B28,2020-05-15,-74.6833,-108.7833,24.0,-9.644302,-3.1246948,0.0,0.0
B28,2020-05-16,-74.6833,-108.7833,24.0,-9.644302,-3.1246948,0.0,0.0
B28,2020-05-17,-74.6833,-108.7833,24.0,-9.644302,-3.1246948,0.0,0.0
B28,2020-05-18,-74.6833,-108.7833,24.0,-9.644302,-3.1246948,0.0,0.0
B28,2020-05-19,-74.6833,-108.7833,24.0,-9.644302,-3.1246948,0.0,0.0
B28,2020-05-20,-74.6833,-108.7833,24.0,-9.644302,-3.1246948,0.0,0.0
B28,2020-05-21,-74.6833,-108.7833,24.0,-9.644302,-3.1246948,0.0,0.0
B28,2020-05-22,-74.6833,-108.7833,24.0,-9.644302,-3.1246948,0.0,0.0
B28,2020-05-23,-74.6833,-108.7833,24.0,-9.644302,-3.1246948,0.0,0.0
B28,2020-05-24,-74.6833,-108.7833,24.0,-9.644302,-3.1246948,0.0,0.0
B28,2020-05-25,-74.6833,-108.7833,24.0,-9.644302,-3.1246948,0.0,0.0
B28,2020-05-26,-74.6833,-108.7833,24.0,-9.644302,-3.1246948,0.0,0.0
B28,2020-05-27,-74.6833,-108.7833,24.0,-9.644302,-3.1246948,0.0,0.0
B28,2020-05-28,-74.6833,-108.7833,24.0,-9.644302,-3.1246948,0.0,0.0
B28,2020-05-29,-74.6833,-108.7833,24.0,-9.644302,-3.1246948,0.0,0.0
B28,2020-05-30,-74.6833,-108.7833,24.0,-9.644302,-3.1246948,0.0,0.0
B28,2020-05-31,-74.6833,-108.7833,24.0,-9.644302,-3.1246948,0.0,0.0
B28,2020-06-01,-74.6833,-108.7833,24.0,-9.644302,-3.1246948,0.0,0.0
B28,2020-06-02,-74.6833,-108.7833,24.0,-8.092819,-1.1828613,0.0,0.0
B28,2020-06-03,-74.6833,-108.7833,24.0,-8.112396,-3.8969727,0.0,0.0
B28,2020-06-04,-74.6833,-108.7833,24.0,-6.8687134,-4.8919373,0.0,0.0
B28,2020-06-05,-74.6833,-108.7833,24.0,-7.3711243,-8.103577,0.0,0.0
B28,2020-06-06,-74.6833,-108.7833,24.0,-5.532196,-1.7282867,0.0,0.0
B28,2020-06-07,-74.6833,-108.7833,24.0,-1.8309937,-5.4144287,0.0,0.0
B28,2020-06-08,-74.6833,-108.7833,24.0,-2.1457367,-4.6097565,0.0,0.0
B28,2020-06-09,-74.6833,-108.7833,24.0,-0.39753723,1.1889496,0.0,0.0
B28,2020-06-10,-74.6833,-108.7833,24.0,-4.1609344,-5.622986,0.0,0.0
B28,2020-06-11,-74.6833,-108.7833,24.0,-1.3627625,-2.3437042,0.0,0.0
B28,2020-06-12,-74.6833,-108.7833,24.0,-4.3394012,3.3892975,0.0,0.0
B28,2020-06-13,-74.6833,-108.7833,24.0,-5.6341705,-1.7855225,0.0,0.0
B28,2020-06-14,-74.6833,-108.7833,24.0,-4.064911,-1.6920319,0.0,0.0
B28,2020-06-15,-74.6833,-108.7833,24.0,-6.8350983,-6.1275024,0.0,0.0
B28,2020-06-16,-74.6833,-108.7833,24.0,-3.7622223,-7.600418,0.0,0.0
B28,2020-06-17,-74.6833,-108.7833,24.0,-7.37117,-9.821854,0.0,0.0
B28,2020-06-18,-74.6833,-108.7833,24.0,-6.2139893,-0.2913971,0.0,0.0
B28,2020-06-19,-74.6833,-108.7833,24.0,-5.0079956,2.098877,0.0,0.0
B28,2020-06-20,-74.6833,-108.7833,24.0,-5.197052,4.258194,0.0,0.0
B28,2020-06-21,-74.6833,-108.7833,24.0,-7.7809143,1.9095306,0.0,0.0
B28,2020-06-22,-74.6833,-108.7833,24.0,-6.610214,-2.5446014,0.0,0.0
B28,2020-06-23,-74.6833,-108.7833,24.0,-7.3641357,0.5860138,0.0,0.0
B28,2020-06-24,-74.6833,-108.7833,24.0,-7.6643066,0.15693665,0.0,0.0
B28,2020-06-25,-74.6833,-108.7833,24.0,0.0597229,-6.1870575,0.0,0.0
B28,2020-06-26,-74.6833,-108.7833,24.0,-6.204422,-4.7279053,0.0,0.0
B28,2020-06-27,-74.6833,-108.7833,24.0,-6.6797485,-0.49890137,0.0,0.0
B28,2020-06-28,-74.6833,-108.7833,24.0,-4.752228,-0.054244995,0.0,0.0
B28,2020-06-29,-74.6833,-108.7833,24.0,-5.4112244,2.1173553,0.0,0.0
B28,2020-06-30,-74.6833,-108.7833,24.0,-4.0476074,0.20472717,0.0,0.0
B28,2020-07-01,-74.6833,-108.7833,24.0,-2.9631805,2.7774963,0.0,0.0
B28,2020-07-02,-74.6833,-108.7833,24.0,-4.569977,-2.5318298,0.0,0.0
B28,2020-07-03,-74.6833,-108.7833,24.0,-5.911743,-0.21105957,0.0,0.0
B28,2020-07-04,-74.6833,-108.7833,24.0,-3.7662811,0.5712433,0.0,0.0
B28,2020-07-05,-74.6833,-108.7833,24.0,-3.9650726,3.735794,0.0,0.0
B28,2020-07-06,-74.6833,-108.7833,24.0,-3.6410065,-1.0572662,0.0,0.0
B28,2020-07-07,-74.6833,-108.7833,24.0,-4.1464233,-2.2493286,0.0,0.0
B28,2020-07-08,-74.6833,-108.7833,24.0,-3.4240723,-4.2929077,0.0,0.0
B28,2020-07-09,-74.6833,-108.7833,24.0,-1.8477173,-4.946213,0.0,0.0
B28,2020-07-10,-74.6833,-108.7833,24.0,-6.4560547,1.5556488,0.0,0.0
B28,2020-07-11,-74.6833,-108.7833,24.0,-10.76152,-3.5020752,0.0,0.0
B28,2020-07-12,-74.6833,-108.7833,24.0,-10.145477,-3.74794,0.0,0.0
B28,2020-07-13,-74.6833,-108.7833,24.0,-5.7012634,-5.659439,0.0,0.0
B28,2020-07-14,-74.6833,-108.7833,24.0,-6.119156,-4.664963,0.0,0.0
B28,2020-07-15,-74.6833,-108.7833,24.0,-4.5660553,-1.5176849,0.0,0.0
B28,2020-07-16,-74.6833,-108.7833,24.0,-3.0487213,-3.0419617,0.0,0.0
B28,2020-07-17,-74.6833,-108.7833,24.0,-4.7236176,0.29986572,0.0,0.0
B28,2020-07-18,-74.6833,-108.7833,24.0,-4.2947845,0.45352173,0.0,0.0
B28,2020-07-19,-74.6833,-108.7833,24.0,-5.1624603,0.112854004,0.0,0.0
B28,2020-07-20,-74.6833,-108.7833,24.0,-4.3186646,-2.655777,0.0,0.0
B28,2020-07-21,-74.6833,-108.7833,24.0,-4.6950073,-1.8160706,0.0,0.0
B28,2020-07-22,-74.6833,-108.7833,24.0,-5.7513885,-2.8011322,0.0,0.0
B28,2020-07-23,-74.6833,-108.7833,24.0,-11.743561,-6.113266,0.0,0.0
B28,2020-07-24,-74.6833,-108.7833,24.0,-7.390259,-5.9570312,0.0,0.0
B28,2020-07-25,-74.6833,-108.7833,24.0,-8.312119,-4.4543457,0.0,0.0
B28,2020-07-26,-74.6833,-108.7833,24.0,-7.4612427,-1.6299286,0.0,0.0
B28,2020-07-27,-74.6833,-108.7833,24.0,-4.4405365,-0.36637878,0.0,0.0
B28,2020-07-28,-74.6833,-108.7833,24.0,-5.1085663,-0.14683533,0.0,0.0
B28,2020-07-29,-74.6833,-108.7833,24.0,-3.3169556,-2.029953,0.0,0.0
B28,2020-07-30,-74.6833,-108.7833,24.0,-3.5304718,1.3066406,0.0,0.0
B28,2020-07-31,-74.6833,-108.7833,24.0,-5.2261047,1.7489777,0.0,0.0
B28,2020-08-01,-74.6833,-108.7833,24.0,-7.5365295,0.12825012,0.0,0.0
B28,2020-08-02,-74.6833,-108.7833,24.0,-7.1650543,-2.841034,0.0,0.0
B28,2020-08-03,-74.6833,-108.7833,24.0,-6.4143524,-1.7651367,0.0,0.0
B28,2020-08-04,-74.6833,-108.7833,24.0,-5.359207,1.181839,0.0,0.0
B28,2020-08-05,-74.6833,-108.7833,24.0,-6.1841736,-2.937317,0.0,0.0
B28,2020-08-06,-74.6833,-108.7833,24.0,-6.9363403,1.3792725,0.0,0.0
B28,2020-08-07,-74.6833,-108.7833,24.0,-5.015396,1.6371765,0.0,0.0
B28,2020-08-08,-74.6833,-108.7833,24.0,-4.029175,0.52557373,0.0,0.0
B28,2020-08-09,-74.6833,-108.7833,24.0,-2.763794,-10.001373,0.0,0.0
B28,2020-08-10,-74.6833,-108.7833,24.0,-5.2026367,-10.172852,0.0,0.0
B28,2020-08-11,-74.6833,-108.7833,24.0,-6.183197,-3.4578552,0.0,0.0
B28,2020-08-12,-74.6833,-108.7833,24.0,-6.0631714,-0.17817688,0.0,0.0
B28,2020-08-13,-74.6833,-108.7833,24.0,-4.0684357,-0.5382843,0.0,0.0
B28,2020-08-14,-74.6833,-108.7833,24.0,-5.518158,-1.4854736,0.0,0.0
B28,2020-08-15,-74.6833,-108.7833,24.0,-5.6968536,0.28024292,0.0,0.0
B28,2020-08-16,-74.6833,-108.7833,24.0,-3.4342499,-1.8283997,0.0,0.0
B28,2020-08-17,-74.6833,-108.7833,24.0,-2.6227112,4.5115204,0.0,0.0
B28,2020-08-18,-74.6833,-108.7833,24.0,-4.4876556,4.502838,0.0,0.0
B28,2020-08-19,-74.6833,-108.7833,24.0,-4.5386047,2.8496857,0.0,0.0
B28,2020-08-20,-74.6833,-108.7833,24.0,-5.746338,-0.7691345,0.0,0.0
B28,2020-08-21,-74.6833,-108.7833,24.0,-2.3503418,3.6963959,0.0,0.0
B28,2020-08-22,-74.6833,-108.7833,24.0,-3.5896454,0.94828796,0.0,0.0
B28,2020-08-23,-74.6833,-108.7833,24.0,-6.276581,1.4739075,0.0,0.0
B28,2020-08-24,-74.6833,-108.7833,24.0,-5.0038147,-5.076065,0.0,0.0
B28,2020-08-25,-74.6833,-108.7833,24.0,-6.9822083,-6.248886,0.0,0.0
B28,2020-08-26,-74.6833,-108.7833,24.0,-6.055588,-4.0071106,0.0,0.0
B28,2020-08-27,-74.6833,-108.7833,24.0,-5.3914337,-0.66773987,0.0,0.0
B28,2020-08-28,-74.6833,-108.7833,24.0,-6.8237915,1.4125671,0.0,0.0
B28,2020-08-29,-74.6833,-108.7833,24.0,-4.3635864,2.9951477,0.0,0.0
B28,2020-08-30,-74.6833,-108.7833,24.0,-6.677353,1.8082123,0.0,0.0
B28,2020-08-31,-74.6833,-108.7833,24.0,-5.4635468,0.19792175,0.0,0.0
B28,2020-09-01,-74.6833,-108.7833,24.0,-3.3302765,-3.9159546,0.0,0.0
B28,2020-09-02,-74.6833,-108.7833,24.0,-3.3302765,-3.9159546,0.0,0.0
B28,2020-09-03,-74.6833,-108.7833,24.0,-3.3302765,-3.9159546,0.0,0.0
B28,2020-09-04,-74.6833,-108.7833,24.0,-3.3302765,-3.9159546,0.0,0.0
B28,2020-09-05,-74.6833,-108.7833,24.0,-3.3302765,-3.9159546,0.0,0.0
B28,2020-09-06,-74.6833,-108.7833,24.0,-3.3302765,-3.9159546,0.0,0.0
B28,2020-09-07,-74.6833,-108.7833,24.0,-3.3302765,-3.9159546,0.0,0.0
B28,2020-09-08,-74.6833,-108.7833,24.0,-3.3302765,-3.9159546,0.0,0.0
B28,2020-09-09,-74.6833,-108.7833,24.0,-3.3302765,-3.9159546,0.0,0.0
B28,2020-09-10,-74.6833,-108.7833,24.0,-3.3302765,-3.9159546,0.0,0.0
B28,2020-09-11,-74.6833,-108.7833,24.0,-3.3302765,-3.9159546,0.0,0.0
B28,2020-09-12,-74.6833,-108.7833,24.0,-3.3302765,-3.9159546,0.0,0.0
B28,2020-09-13,-74.6833,-108.7833,24.0,-3.3302765,-3.9159546,0.0,0.0
B28,2020-09-14,-74.6833,-108.7833,24.0,-3.3302765,-3.9159546,0.0,0.0
B28,2020-09-15,-74.6833,-108.7833,24.0,-3.3302765,-3.9159546,0.0,0.0
B28,2020-09-16,-74.6833,-108.7833,24.0,-3.3302765,-3.9159546,0.0,0.0
B28,2020-09-17,-74.6833,-108.7833,24.0,-3.3302765,-3.9159546,0.0,0.0
B28,2020-09-18,-74.6833,-108.7833,24.0,-3.3302765,-3.9159546,0.0,0.0
B28,2020-09-19,-74.6833,-108.7833,24.0,-3.3302765,-3.9159546,0.0,0.0
B28,2020-09-20,-74.6833,-108.7833,24.0,-3.3302765,-3.9159546,0.0,0.0
B28,2020-09-21,-74.6833,-108.7833,24.0,-3.3302765,-3.9159546,0.0,0.0
B28,2020-09-22,-74.6833,-108.7833,24.0,-3.3302765,-3.9159546,0.0,0.0
B28,2020-09-23,-74.6833,-108.7833,24.0,-3.3302765,-3.9159546,0.0,0.0
B28,2020-09-24,-74.6833,-108.7833,24.0,-3.3302765,-3.9159546,0.0,0.0
B28,2020-09-25,-74.6833,-108.7833,24.0,-3.3302765,-3.9159546,0.0,0.0
B28,2020-10-10,-74.6833,-108.7833,24.0,-3.3302765,-3.9159546,0.0,0.0
B28,2020-10-11,-74.6833,-108.7833,24.0,-3.3302765,-3.9159546,0.0,0.0
B28,2020-10-12,-74.6833,-108.7833,24.0,-3.3302765,-3.9159546,0.0,0.0
B28,2020-10-13,-74.6833,-108.7833,24.0,-3.3302765,-3.9159546,0.0,0.0
B28,2020-10-14,-74.6833,-108.7833,24.0,-3.3302765,-3.9159546,0.0,0.0
B28,2020-10-15,-74.6833,-108.7833,24.0,-3.3302765,-3.9159546,0.0,0.0
B28,2020-10-16,-74.6833,-108.7833,24.0,-3.3302765,-3.9159546,0.0,0.0
B28,2020-10-17,-74.6833,-108.7833,24.0,-3.3302765,-3.9159546,0.0,0.0
B28,2020-10-18,-74.6833,-108.7833,24.0,-3.3302765,-3.9159546,0.0,0.0
B28,2020-10-19,-74.6833,-108.7833,24.0,-3.3302765,-3.9159546,0.0,0.0
B28,2020-10-20,-74.6833,-108.7833,24.0,-3.3302765,-3.9159546,0.0,0.0
B28,2020-10-21,-74.6833,-108.7833,24.0,-3.3302765,-3.9159546,0.0,0.0
B28,2020-10-22,-74.6833,-108.7833,24.0,-3.3302765,-3.9159546,0.0,0.0
B28,2020-10-23,-74.6833,-108.7833,24.0,-3.3302765,-3.9159546,0.0,0.0
B28,2020-10-24,-74.6833,-108.7833,24.0,-3.3302765,-3.9159546,0.0,0.0
B28,2020-10-25,-74.6833,-108.7833,24.0,-3.3302765,-3.9159546,0.0,0.0
B28,2020-10-26,-74.6833,-108.7833,24.0,-3.3302765,-3.9159546,0.0,0.0
B28,2020-10-27,-74.6833,-108.7833,24.0,-3.3302765,-3.9159546,0.0,0.0
B28,2020-10-28,-74.6833,-108.7833,24.0,-3.3302765,-3.9159546,0.0,0.0
B28,2020-10-29,-74.6833,-108.7833,24.0,-3.3302765,-3.9159546,0.0,0.0
B28,2020-10-30,-74.6833,-108.7833,24.0,-3.3302765,-3.9159546,0.0,0.0
B28,2020-10-31,-74.6833,-108.7833,24.0,-3.3302765,-3.9159546,0.0,0.0
B28,2020-11-01,-74.6833,-108.7833,24.0,-3.3302765,-3.9159546,0.0,0.0
B28,2020-11-02,-74.6833,-108.7833,24.0,-3.3302765,-3.9159546,0.0,0.0
B28,2020-11-03,-74.6833,-108.7833,24.0,-3.3302765,-3.9159546,0.0,0.0
B28,2020-11-04,-74.6833,-108.7833,24.0,-3.3302765,-3.9159546,0.0,0.0
B28,2020-11-05,-74.6833,-108.7833,24.0,-3.3302765,-3.9159546,0.0,0.0
B28,2020-11-06,-74.6833,-108.7833,24.0,-3.3302765,-3.9159546,0.0,0.0
B29,2020-01-01,-74.5333,-108.9167,24.0,-9.739029,-2.4967651,0.0,0.0
B29,2020-01-02,-74.5333,-108.9167,24.0,-9.739029,-2.4967651,0.0,0.0
B29,2020-01-03,-74.5333,-108.9167,24.0,-9.739029,-2.4967651,0.0,0.0
B29,2020-01-04,-74.5333,-108.9167,24.0,-9.739029,-2.4967651,0.0,0.0
B29,2020-01-05,-74.5333,-108.9167,24.0,-9.739029,-2.4967651,0.0,0.0
B29,2020-01-06,-74.5333,-108.9167,24.0,-9.739029,-2.4967651,0.0,0.0
B29,2020-01-07,-74.5333,-108.9167,24.0,-9.739029,-2.4967651,0.0,0.0
B29,2020-01-08,-74.5333,-108.9167,24.0,-9.739029,-2.4967651,0.0,0.0
B29,2020-01-09,-74.5333,-108.9167,24.0,-9.739029,-2.4967651,0.0,0.0
B29,2020-01-10,-74.5333,-108.9167,24.0,-9.739029,-2.4967651,0.0,0.0
B29,2020-01-11,-74.5333,-108.9167,24.0,-9.739029,-2.4967651,0.0,0.0
B29,2020-01-12,-74.5333,-108.9167,24.0,-9.739029,-2.4967651,0.0,0.0
B29,2020-01-13,-74.5333,-108.9167,24.0,-9.739029,-2.4967651,0.0,0.0
B29,2020-01-14,-74.5333,-108.9167,24.0,-9.739029,-2.4967651,0.0,0.0
B29,2020-01-15,-74.5333,-108.9167,24.0,-9.739029,-2.4967651,0.0,0.0
B29,2020-01-16,-74.5333,-108.9167,24.0,-9.739029,-2.4967651,0.0,0.0
B29,2020-01-17,-74.5333,-108.9167,24.0,-9.739029,-2.4967651,0.0,0.0
B29,2020-01-18,-74.5333,-108.9167,24.0,-9.739029,-2.4967651,0.0,0.0
B29,2020-01-19,-74.5333,-108.9167,24.0,-9.739029,-2.4967651,0.0,0.0
B29,2020-01-20,-74.5333,-108.9167,24.0,-9.739029,-2.4967651,0.0,0.0
B29,2020-01-21,-74.5333,-108.9167,24.0,-9.739029,-2.4967651,0.0,0.0
B29,2020-01-22,-74.5333,-108.9167,24.0,-9.739029,-2.4967651,0.0,0.0
B29,2020-01-23,-74.5333,-108.9167,24.0,-9.739029,-2.4967651,0.0,0.0
B29,2020-01-24,-74.5333,-108.9167,24.0,-9.739029,-2.4967651,0.0,0.0
B29,2020-01-25,-74.5333,-108.9167,24.0,-9.739029,-2.4967651,0.0,0.0
B29,2020-01-26,-74.5333,-108.9167,24.0,-9.739029,-2.4967651,0.0,0.0
B29,2020-01-27,-74.5333,-108.9167,24.0,-9.739029,-2.4967651,0.0,0.0
B29,2020-01-28,-74.5333,-108.9167,24.0,-9.739029,-2.4967651,0.0,0.0
B29,2020-01-29,-74.5333,-108.9167,24.0,-9.739029,-2.4967651,0.0,0.0
B29,2020-01-30,-74.5333,-108.9167,24.0,-9.739029,-2.4967651,0.0,0.0
B29,2020-01-31,-74.5333,-108.9167,24.0,-9.739029,-2.4967651,0.0,0.0
B29,2020-02-01,-74.5333,-108.9167,24.0,-9.739029,-2.4967651,0.0,0.0
B29,2020-02-02,-74.5333,-108.9167,24.0,-9.739029,-2.4967651,0.0,0.0
B29,2020-02-03,-74.5333,-108.9167,24.0,-9.739029,-2.4967651,0.0,0.0
B29,2020-02-04,-74.5333,-108.9167,24.0,-9.739029,-2.4967651,0.0,0.0
B29,2020-02-05,-74.5333,-108.9167,24.0,-9.739029,-2.4967651,0.0,0.0
B29,2020-02-06,-74.5333,-108.9167,24.0,-9.739029,-2.4967651,0.0,0.0
B29,2020-02-07,-74.5333,-108.9167,24.0,-9.739029,-2.4967651,0.0,0.0
B29,2020-02-08,-74.5333,-108.9167,24.0,-9.739029,-2.4967651,0.0,0.0
B29,2020-02-09,-74.5333,-108.9167,24.0,-9.739029,-2.4967651,0.0,0.0
B29,2020-02-10,-74.5333,-108.9167,24.0,-9.739029,-2.4967651,0.0,0.0
B29,2020-02-11,-74.5333,-108.9167,24.0,-9.739029,-2.4967651,0.0,0.0
B29,2020-02-12,-74.5333,-108.9167,24.0,-9.739029,-2.4967651,0.0,0.0
B29,2020-02-13,-74.5333,-108.9167,24.0,-9.739029,-2.4967651,0.0,0.0
B29,2020-02-14,-74.5333,-108.9167,24.0,-9.739029,-2.4967651,0.0,0.0
B29,2020-02-15,-74.5324,-108.9158,24.0,-9.739029,-2.4967651,0.00030836425900806867,0.0011562500000018695
B29,2020-02-16,-74.53,-108.9134,24.0,-9.739029,-2.4967651,0.0008224291665451764,0.0030833333333261472
B29,2020-02-17,-74.5268,-108.9101,24.0,-9.739029,-2.4967651,0.0011310683066424495,0.004111111111119787
B29,2020-02-18,-74.5232,-108.9066,24.0,-9.739029,-2.4967651,0.0011998901837647691,0.004624999999989221
B29,2020-02-19,-74.52,-108.9033,24.0,-9.739029,-2.4967651,0.0011315532255547571,0.004111111111119787
B29,2020-02-20,-74.5176,-108.9009,24.0,-9.739029,-2.4967651,0.0008230722688048055,0.0030833333333261472
B29,2020-02-21,-74.5167,-108.9,24.0,-9.739029,-2.4967651,0.0003086696040250809,0.0011562500000018695
B29,2020-02-22,-74.5167,-108.9,24.0,-9.739029,-2.4967651,0.0,0.0
B29,2020-02-23,-74.5167,-108.9,24.0,-9.739029,-2.4967651,0.0,0.0
B29,2020-02-24,-74.5167,-108.9,24.0,-9.739029,-2.4967651,0.0,0.0
B29,2020-02-25,-74.5167,-108.9,24.0,-9.739029,-2.4967651,0.0,0.0
B29,2020-02-26,-74.5167,-108.9,24.0,-9.739029,-2.4967651,0.0,0.0
B29,2020-02-27,-74.5167,-108.9,24.0,-9.739029,-2.4967651,0.0,0.0
B29,2020-02-28,-74.5167,-108.9,24.0,-9.739029,-2.4967651,0.0,0.0
B29,2020-02-29,-74.5167,-108.9,24.0,-9.739029,-2.4967651,0.0,0.0
B29,2020-03-01,-74.5167,-108.9,24.0,-9.739029,-2.4967651,0.0,0.0
B29,2020-03-02,-74.5167,-108.9,24.0,-9.739029,-2.4967651,0.0,0.0
B29,2020-03-03,-74.5167,-108.9,24.0,-9.739029,-2.4967651,0.0,0.0
B29,2020-03-04,-74.5167,-108.9,24.0,-9.739029,-2.4967651,0.0,0.0
B29,2020-03-05,-74.5167,-108.9,24.0,-9.739029,-2.4967651,0.0,0.0
B29,2020-03-06,-74.5167,-108.9,24.0,-9.739029,-2.4967651,0.0,0.0
B29,2020-03-07,-74.5167,-108.9,24.0,-9.739029,-2.4967651,0.0,0.0
B29,2020-03-08,-74.5167,-108.9,24.0,-9.739029,-2.4967651,0.0,0.0
B29,2020-03-09,-74.5167,-108.9,24.0,-9.739029,-2.4967651,0.0,0.0
B29,2020-03-10,-74.5167,-108.9,24.0,-9.739029,-2.4967651,0.0,0.0
B29,2020-03-11,-74.5167,-108.9,24.0,-9.739029,-2.4967651,0.0,0.0
B29,2020-03-12,-74.5167,-108.9,24.0,-9.739029,-2.4967651,0.0,0.0
B29,2020-03-13,-74.5167,-108.9,24.0,-9.739029,-2.4967651,0.0,0.0
B29,2020-03-14,-74.5167,-108.9,24.0,-9.739029,-2.4967651,0.0,0.0
B29,2020-03-15,-74.5167,-108.9,24.0,-9.739029,-2.4967651,0.0,0.0
B29,2020-03-16,-74.5167,-108.9,24.0,-9.739029,-2.4967651,0.0,0.0
B29,2020-03-17,-74.5167,-108.9,24.0,-9.739029,-2.4967651,0.0,0.0
B29,2020-03-18,-74.5167,-108.9,24.0,-9.739029,-2.4967651,0.0,0.0
B29,2020-03-19,-74.5167,-108.9,24.0,-9.739029,-2.4967651,0.0,0.0
B29,2020-03-20,-74.5167,-108.9,24.0,-9.739029,-2.4967651,0.0,0.0
B29,2020-03-21,-74.5167,-108.9,24.0,-9.739029,-2.4967651,0.0,0.0
B29,2020-03-22,-74.5167,-108.9,24.0,-9.739029,-2.4967651,0.0,0.0
B29,2020-03-23,-74.5167,-108.9,24.0,-9.739029,-2.4967651,0.0,0.0
B29,2020-03-24,-74.5167,-108.9,24.0,-9.739029,-2.4967651,0.0,0.0
B29,2020-03-25,-74.5167,-108.9,24.0,-9.739029,-2.4967651,0.0,0.0
B29,2020-03-26,-74.5167,-108.9,24.0,-9.739029,-2.4967651,0.0,0.0
B29,2020-03-27,-74.5167,-108.9,24.0,-9.739029,-2.4967651,0.0,0.0
B29,2020-03-28,-74.5167,-108.9,24.0,-9.739029,-2.4967651,0.0,0.0
B29,2020-03-29,-74.5167,-108.9,24.0,-9.739029,-2.4967651,0.0,0.0
B29,2020-03-30,-74.5167,-108.9,24.0,-9.739029,-2.4967651,0.0,0.0
B29,2020-03-31,-74.5167,-108.9,24.0,-9.739029,-2.4967651,0.0,0.0
B29,2020-04-01,-74.5167,-108.9,24.0,-9.739029,-2.4967651,0.0,0.0
B29,2020-04-02,-74.5167,-108.9,24.0,-9.739029,-2.4967651,0.0,0.0
B29,2020-04-03,-74.5167,-108.9,24.0,-9.739029,-2.4967651,0.0,0.0
B29,2020-04-04,-74.5167,-108.9,24.0,-9.739029,-2.4967651,0.0,0.0
B29,2020-04-05,-74.5167,-108.9,24.0,-9.739029,-2.4967651,0.0,0.0
B29,2020-04-06,-74.5167,-108.9,24.0,-9.739029,-2.4967651,0.0,0.0
B29,2020-04-07,-74.5167,-108.9,24.0,-9.739029,-2.4967651,0.0,0.0
B29,2020-04-08,-74.5167,-108.9,24.0,-9.739029,-2.4967651,0.0,0.0
B29,2020-04-09,-74.5167,-108.9,24.0,-9.739029,-2.4967651,0.0,0.0
B29,2020-04-10,-74.5167,-108.9,24.0,-9.739029,-2.4967651,0.0,0.0
B29,2020-04-11,-74.5167,-108.9,24.0,-9.739029,-2.4967651,0.0,0.0
B29,2020-04-12,-74.5167,-108.9,24.0,-9.739029,-2.4967651,0.0,0.0
B29,2020-04-13,-74.5167,-108.9,24.0,-9.739029,-2.4967651,0.0,0.0
B29,2020-04-14,-74.5167,-108.9,24.0,-9.739029,-2.4967651,0.0,0.0
B29,2020-04-15,-74.5167,-108.9,24.0,-9.739029,-2.4967651,0.0,0.0
B29,2020-04-16,-74.5167,-108.9,24.0,-9.739029,-2.4967651,0.0,0.0
B29,2020-04-17,-74.5167,-108.9,24.0,-9.739029,-2.4967651,0.0,0.0
B29,2020-04-18,-74.5167,-108.9,24.0,-9.739029,-2.4967651,0.0,0.0
B29,2020-04-19,-74.5167,-108.9,24.0,-9.739029,-2.4967651,0.0,0.0
B29,2020-04-20,-74.5167,-108.9,24.0,-9.739029,-2.4967651,0.0,0.0
B29,2020-04-21,-74.5167,-108.9,24.0,-9.739029,-2.4967651,0.0,0.0
B29,2020-04-22,-74.5167,-108.9,24.0,-9.739029,-2.4967651,0.0,0.0
B29,2020-04-23,-74.5167,-108.9,24.0,-9.739029,-2.4967651,0.0,0.0
B29,2020-04-24,-74.5167,-108.9,24.0,-9.739029,-2.4967651,0.0,0.0
B29,2020-04-25,-74.5167,-108.9,24.0,-9.739029,-2.4967651,0.0,0.0
B29,2020-04-26,-74.5167,-108.9,24.0,-9.739029,-2.4967651,0.0,0.0
B29,2020-04-27,-74.5167,-108.9,24.0,-9.739029,-2.4967651,0.0,0.0
B29,2020-04-28,-74.5167,-108.9,24.0,-9.739029,-2.4967651,0.0,0.0
B29,2020-04-29,-74.5167,-108.9,24.0,-9.739029,-2.4967651,0.0,0.0
B29,2020-04-30,-74.5167,-108.9,24.0,-9.739029,-2.4967651,0.0,0.0
B29,2020-05-01,-74.5167,-108.9,24.0,-9.739029,-2.4967651,0.0,0.0
B29,2020-05-02,-74.5167,-108.9,24.0,-9.739029,-2.4967651,0.0,0.0
B29,2020-05-03,-74.5167,-108.9,24.0,-9.739029,-2.4967651,0.0,0.0
B29,2020-05-04,-74.5167,-108.9,24.0,-9.739029,-2.4967651,0.0,0.0
B29,2020-05-05,-74.5167,-108.9,24.0,-9.739029,-2.4967651,0.0,0.0
B29,2020-05-06,-74.5167,-108.9,24.0,-9.739029,-2.4967651,0.0,0.0
B29,2020-05-07,-74.5167,-108.9,24.0,-9.739029,-2.4967651,0.0,0.0
B29,2020-05-08,-74.5167,-108.9,24.0,-9.739029,-2.4967651,0.0,0.0
B29,2020-05-09,-74.5167,-108.9009,24.0,-9.739029,-2.4967651,-0.0003086696040250809,0.0
B29,2020-05-10,-74.5167,-108.9033,24.0,-9.739029,-2.4967651,-0.000823118944081504,0.0
B29,2020-05-11,-74.5167,-108.9066,24.0,-9.739029,-2.4967651,-0.001131788548106585,0.0
B29,2020-05-12,-74.5167,-108.9101,24.0,-9.739029,-2.4967651,-0.001200381793448741,0.0
B29,2020-05-13,-74.5167,-108.9134,24.0,-9.739029,-2.4967651,-0.001131788548106585,0.0
B29,2020-05-14,-74.5167,-108.9158,24.0,-9.739029,-2.4967651,-0.000823118944081504,0.0
B29,2020-05-15,-74.5167,-108.9167,24.0,-9.739029,-2.4967651,-0.0003086696040299548,0.0
B29,2020-05-16,-74.5167,-108.9167,24.0,-9.739029,-2.4967651,0.0,0.0
B29,2020-05-17,-74.5167,-108.9167,24.0,-9.739029,-2.4967651,0.0,0.0
B29,2020-05-18,-74.5167,-108.9167,24.0,-9.739029,-2.4967651,0.0,0.0
B29,2020-05-19,-74.5167,-108.9167,24.0,-9.739029,-2.4967651,0.0,0.0
B29,2020-05-20,-74.5167,-108.9167,24.0,-9.739029,-2.4967651,0.0,0.0
B29,2020-05-21,-74.5167,-108.9167,24.0,-9.739029,-2.4967651,0.0,0.0
B29,2020-05-22,-74.5167,-108.9167,24.0,-9.739029,-2.4967651,0.0,0.0
B29,2020-05-23,-74.5167,-108.9167,24.0,-9.739029,-2.4967651,0.0,0.0
B29,2020-05-24,-74.5167,-108.9167,24.0,-9.739029,-2.4967651,0.0,0.0
B29,2020-05-25,-74.5167,-108.9167,24.0,-9.739029,-2.4967651,0.0,0.0
B29,2020-05-26,-74.5167,-108.9167,24.0,-9.739029,-2.4967651,0.0,0.0
B29,2020-05-27,-74.5167,-108.9167,24.0,-9.739029,-2.4967651,0.0,0.0
B29,2020-05-28,-74.5167,-108.9167,24.0,-9.739029,-2.4967651,0.0,0.0
B29,2020-05-29,-74.5167,-108.9167,24.0,-9.739029,-2.4967651,0.0,0.0
B29,2020-05-30,-74.5167,-108.9167,24.0,-9.739029,-2.4967651,0.0,0.0
B29,2020-05-31,-74.5167,-108.9167,24.0,-9.739029,-2.4967651,0.0,0.0
B29,2020-06-01,-74.5167,-108.9167,24.0,-9.739029,-2.4967651,0.0,0.0
B29,2020-06-02,-74.5167,-108.9167,24.0,-7.9092255,0.7702637,0.0,0.0
B29,2020-06-03,-74.5167,-108.9167,24.0,-8.172943,-2.753418,0.0,0.0
B29,2020-06-04,-74.5167,-108.9167,24.0,-7.0776978,-3.2864685,0.0,0.0
B29,2020-06-05,-74.5167,-108.9167,24.0,-7.775421,-7.32135,0.0,0.0
B29,2020-06-06,-74.5167,-108.9167,24.0,-5.5048523,-0.22731018,0.0,0.0
B29,2020-06-07,-74.5167,-108.9167,24.0,-2.5946655,-4.0130615,0.0,0.0
B29,2020-06-08,-74.5167,-108.9167,24.0,-2.8049164,-3.6068268,0.0,0.0
B29,2020-06-09,-74.5167,-108.9167,24.0,-1.0137482,2.93602,0.0,0.0
B29,2020-06-10,-74.5167,-108.9167,24.0,-4.5642548,-3.9872437,0.0,0.0
B29,2020-06-11,-74.5167,-108.9167,24.0,-2.051239,-0.61909485,0.0,0.0
B29,2020-06-12,-74.5167,-108.9167,24.0,-4.1558075,4.5250397,0.0,0.0
B29,2020-06-13,-74.5167,-108.9167,24.0,-5.700577,-0.11853027,0.0,0.0
B29,2020-06-14,-74.5167,-108.9167,24.0,-4.3539734,0.96617126,0.0,0.0
B29,2020-06-15,-74.5167,-108.9167,24.0,-6.811661,-4.4038696,0.0,0.0
B29,2020-06-16,-74.5167,-108.9167,24.0,-3.6079254,-6.8855743,0.0,0.0
B29,2020-06-17,-74.5167,-108.9167,24.0,-8.142654,-9.236893,0.0,0.0
B29,2020-06-18,-74.5167,-108.9167,24.0,-6.1260986,1.382431,0.0,0.0
B29,2020-06-19,-74.5167,-108.9167,24.0,-4.862488,3.9787598,0.0,0.0
B29,2020-06-20,-74.5167,-108.9167,24.0,-5.098419,6.023819,0.0,0.0
B29,2020-06-21,-74.5167,-108.9167,24.0,-7.493805,3.8187103,0.0,0.0
B29,2020-06-22,-74.5167,-108.9167,24.0,-6.907089,-0.3688202,0.0,0.0
B29,2020-06-23,-74.5167,-108.9167,24.0,-7.2127686,2.628006,0.0,0.0
B29,2020-06-24,-74.5167,-108.9167,24.0,-7.4680176,2.2643585,0.0,0.0
B29,2020-06-25,-74.5167,-108.9167,24.0,-0.8045349,-5.0513153,0.0,0.0
B29,2020-06-26,-74.5167,-108.9167,24.0,-6.4221954,-3.0843506,0.0,0.0
B29,2020-06-27,-74.5167,-108.9167,24.0,-6.484436,1.2813721,0.0,0.0
B29,2020-06-28,-74.5167,-108.9167,24.0,-4.6282043,2.1762238,0.0,0.0
B29,2020-06-29,-74.5167,-108.9167,24.0,-5.146576,4.2999725,0.0,0.0
B29,2020-06-30,-74.5167,-108.9167,24.0,-3.738037,2.7447662,0.0,0.0
B29,2020-07-01,-74.5167,-108.9167,24.0,-2.486618,4.8146057,0.0,0.0
B29,2020-07-02,-74.5167,-108.9167,24.0,-5.033844,0.10391235,0.0,0.0
B29,2020-07-03,-74.5167,-108.9167,24.0,-5.699829,2.196167,0.0,0.0
B29,2020-07-04,-74.5167,-108.9167,24.0,-3.608078,3.2489777,0.0,0.0
B29,2020-07-05,-74.5167,-108.9167,24.0,-3.6398773,5.6147003,0.0,0.0
B29,2020-07-06,-74.5167,-108.9167,24.0,-3.4505768,1.5745697,0.0,0.0
B29,2020-07-07,-74.5167,-108.9167,24.0,-4.638611,-0.090148926,0.0,0.0
B29,2020-07-08,-74.5167,-108.9167,24.0,-4.0646973,-2.7020874,0.0,0.0
B29,2020-07-09,-74.5167,-108.9167,24.0,-2.9326782,-3.4042206,0.0,0.0
B29,2020-07-10,-74.5167,-108.9167,24.0,-6.5351562,3.573227,0.0,0.0
B29,2020-07-11,-74.5167,-108.9167,24.0,-10.866989,-2.0548096,0.0,0.0
B29,2020-07-12,-74.5167,-108.9167,24.0,-10.268524,-1.9012604,0.0,0.0
B29,2020-07-13,-74.5167,-108.9167,24.0,-5.802826,-4.287369,0.0,0.0
B29,2020-07-14,-74.5167,-108.9167,24.0,-6.2314606,-3.340744,0.0,0.0
B29,2020-07-15,-74.5167,-108.9167,24.0,-4.723282,0.27430725,0.0,0.0
B29,2020-07-16,-74.5167,-108.9167,24.0,-3.9159088,-1.0683289,0.0,0.0
B29,2020-07-17,-74.5167,-108.9167,24.0,-4.727524,2.5117798,0.0,0.0
B29,2020-07-18,-74.5167,-108.9167,24.0,-3.9959564,2.879303,0.0,0.0
B29,2020-07-19,-74.5167,-108.9167,24.0,-5.026718,2.6138306,0.0,0.0
B29,2020-07-20,-74.5167,-108.9167,24.0,-4.7893677,-0.6674957,0.0,0.0
B29,2020-07-21,-74.5167,-108.9167,24.0,-4.8737183,0.48861694,0.0,0.0
B29,2020-07-22,-74.5167,-108.9167,24.0,-6.042404,-0.66539,0.0,0.0
B29,2020-07-23,-74.5167,-108.9167,24.0,-11.866608,-4.552719,0.0,0.0
B29,2020-07-24,-74.5167,-108.9167,24.0,-7.0758057,-4.330078,0.0,0.0
B29,2020-07-25,-74.5167,-108.9167,24.0,-8.259384,-4.3303223,0.0,0.0
B29,2020-07-26,-74.5167,-108.9167,24.0,-7.315735,0.16401672,0.0,0.0
B29,2020-07-27,-74.5167,-108.9167,24.0,-4.4678802,1.6736603,0.0,0.0
B29,2020-07-28,-74.5167,-108.9167,24.0,-5.3517303,2.0894928,0.0,0.0
B29,2020-07-29,-74.5167,-108.9167,24.0,-4.08844,0.8352814,0.0,0.0
B29,2020-07-30,-74.5167,-108.9167,24.0,-3.6691437,3.6542969,0.0,0.0
B29,2020-07-31,-74.5167,-108.9167,24.0,-4.9263,3.926712,0.0,0.0
B29,2020-08-01,-74.5167,-108.9167,24.0,-7.392975,2.3616486,0.0,0.0
B29,2020-08-02,-74.5167,-108.9167,24.0,-7.3672028,-0.5744324,0.0,0.0
B29,2020-08-03,-74.5167,-108.9167,24.0,-6.450485,0.30419922,0.0,0.0
B29,2020-08-04,-74.5167,-108.9167,24.0,-5.2732697,3.5109406,0.0,0.0
B29,2020-08-05,-74.5167,-108.9167,24.0,-6.1617126,-0.72442627,0.0,0.0
B29,2020-08-06,-74.5167,-108.9167,24.0,-6.7283325,3.5228271,0.0,0.0
B29,2020-08-07,-74.5167,-108.9167,24.0,-4.60524,3.9584656,0.0,0.0
B29,2020-08-08,-74.5167,-108.9167,24.0,-3.7039795,3.3117065,0.0,0.0
B29,2020-08-09,-74.5167,-108.9167,24.0,-2.9249268,-8.103912,0.0,0.0
B29,2020-08-10,-74.5167,-108.9167,24.0,-5.519043,-9.169922,0.0,0.0
B29,2020-08-11,-74.5167,-108.9167,24.0,-6.1490173,-2.0994568,0.0,0.0
B29,2020-08-12,-74.5167,-108.9167,24.0,-6.255554,2.085495,0.0,0.0
B29,2020-08-13,-74.5167,-108.9167,24.0,-4.3438263,2.0466766,0.0,0.0
B29,2020-08-14,-74.5167,-108.9167,24.0,-5.815033,0.7010498,0.0,0.0
B29,2020-08-15,-74.5167,-108.9167,24.0,-5.5962677,2.4355164,0.0,0.0
B29,2020-08-16,-74.5167,-108.9167,24.0,-3.7135468,0.4772644,0.0,0.0
B29,2020-08-17,-74.5167,-108.9167,24.0,-2.4879456,6.034958,0.0,0.0
B29,2020-08-18,-74.5167,-108.9167,24.0,-4.078476,6.4149475,0.0,0.0
B29,2020-08-19,-74.5167,-108.9167,24.0,-4.370636,4.914139,0.0,0.0
B29,2020-08-20,-74.5167,-108.9167,24.0,-5.824463,1.566803,0.0,0.0
B29,2020-08-21,-74.5167,-108.9167,24.0,-2.14917,5.500107,0.0,0.0
B29,2020-08-22,-74.5167,-108.9167,24.0,-3.543747,3.5459442,0.0,0.0
B29,2020-08-23,-74.5167,-108.9167,24.0,-5.945526,3.347931,0.0,0.0
B29,2020-08-24,-74.5167,-108.9167,24.0,-5.3163147,-3.536026,0.0,0.0
B29,2020-08-25,-74.5167,-108.9167,24.0,-7.074005,-5.3553314,0.0,0.0
B29,2020-08-26,-74.5167,-108.9167,24.0,-6.31633,-2.9358215,0.0,0.0
B29,2020-08-27,-74.5167,-108.9167,24.0,-5.7068634,0.8508148,0.0,0.0
B29,2020-08-28,-74.5167,-108.9167,24.0,-6.8257446,3.0053406,0.0,0.0
B29,2020-08-29,-74.5167,-108.9167,24.0,-4.165344,4.9219055,0.0,0.0
B29,2020-08-30,-74.5167,-108.9167,24.0,-6.608017,3.9234467,0.0,0.0
B29,2020-08-31,-74.5167,-108.9167,24.0,-5.281906,2.648117,0.0,0.0
B29,2020-09-01,-74.5167,-108.9167,24.0,-4.3351593,-1.5770874,0.0,0.0
B29,2020-09-02,-74.5167,-108.9167,24.0,-4.3351593,-1.5770874,0.0,0.0
B29,2020-09-03,-74.5167,-108.9167,24.0,-4.3351593,-1.5770874,0.0,0.0
B29,2020-09-04,-74.5167,-108.9167,24.0,-4.3351593,-1.5770874,0.0,0.0
B29,2020-09-05,-74.5167,-108.9167,24.0,-4.3351593,-1.5770874,0.0,0.0
B29,2020-09-06,-74.5167,-108.9167,24.0,-4.3351593,-1.5770874,0.0,0.0
B29,2020-09-07,-74.5167,-108.9167,24.0,-4.3351593,-1.5770874,0.0,0.0
B29,2020-09-08,-74.5167,-108.9167,24.0,-4.3351593,-1.5770874,0.0,0.0
B29,2020-09-09,-74.5167,-108.9167,24.0,-4.3351593,-1.5770874,0.0,0.0
B29,2020-09-10,-74.5167,-108.9167,24.0,-4.3351593,-1.5770874,0.0,0.0
B29,2020-09-11,-74.5167,-108.9167,24.0,-4.3351593,-1.5770874,0.0,0.0
B29,2020-09-12,-74.5167,-108.9167,24.0,-4.3351593,-1.5770874,0.0,0.0
B29,2020-09-13,-74.5167,-108.9167,24.0,-4.3351593,-1.5770874,0.0,0.0
B29,2020-09-14,-74.5167,-108.9167,24.0,-4.3351593,-1.5770874,0.0,0.0
B29,2020-09-15,-74.5167,-108.9167,24.0,-4.3351593,-1.5770874,0.0,0.0
B29,2020-09-16,-74.5167,-108.9167,24.0,-4.3351593,-1.5770874,0.0,0.0
B29,2020-09-17,-74.5167,-108.9167,24.0,-4.3351593,-1.5770874,0.0,0.0
B29,2020-09-18,-74.5167,-108.9167,24.0,-4.3351593,-1.5770874,0.0,0.0
B29,2020-09-19,-74.5167,-108.9167,24.0,-4.3351593,-1.5770874,0.0,0.0
B29,2020-09-20,-74.5167,-108.9167,24.0,-4.3351593,-1.5770874,0.0,0.0
B29,2020-09-21,-74.5167,-108.9167,24.0,-4.3351593,-1.5770874,0.0,0.0
B29,2020-09-22,-74.5167,-108.9167,24.0,-4.3351593,-1.5770874,0.0,0.0
B29,2020-09-23,-74.5167,-108.9167,24.0,-4.3351593,-1.5770874,0.0,0.0
B29,2020-09-24,-74.5167,-108.9167,24.0,-4.3351593,-1.5770874,0.0,0.0
B29,2020-09-25,-74.5167,-108.9167,24.0,-4.3351593,-1.5770874,0.0,0.0
B29,2020-10-10,-74.5167,-108.9167,24.0,-4.3351593,-1.5770874,0.0,0.0
B29,2020-10-11,-74.5167,-108.9167,24.0,-4.3351593,-1.5770874,0.0,0.0
B29,2020-10-12,-74.5167,-108.9167,24.0,-4.3351593,-1.5770874,0.0,0.0
B29,2020-10-13,-74.5167,-108.9167,24.0,-4.3351593,-1.5770874,0.0,0.0
B29,2020-10-14,-74.5167,-108.9167,24.0,-4.3351593,-1.5770874,0.0,0.0
B29,2020-10-15,-74.5167,-108.9167,24.0,-4.3351593,-1.5770874,0.0,0.0
B29,2020-10-16,-74.5167,-108.9167,24.0,-4.3351593,-1.5770874,0.0,0.0
B29,2020-10-17,-74.5167,-108.9167,24.0,-4.3351593,-1.5770874,0.0,0.0
B29,2020-10-18,-74.5167,-108.9167,24.0,-4.3351593,-1.5770874,0.0,0.0
B29,2020-10-19,-74.5167,-108.9167,24.0,-4.3351593,-1.5770874,0.0,0.0
B29,2020-10-20,-74.5167,-108.9167,24.0,-4.3351593,-1.5770874,0.0,0.0
B29,2020-10-21,-74.5167,-108.9167,24.0,-4.3351593,-1.5770874,0.0,0.0
B29,2020-10-22,-74.5167,-108.9167,24.0,-4.3351593,-1.5770874,0.0,0.0
B29,2020-10-23,-74.5167,-108.9167,24.0,-4.3351593,-1.5770874,0.0,0.0
B29,2020-10-24,-74.5167,-108.9167,24.0,-4.3351593,-1.5770874,0.0,0.0
B29,2020-10-25,-74.5167,-108.9167,24.0,-4.3351593,-1.5770874,0.0,0.0
B29,2020-10-26,-74.5167,-108.9167,24.0,-4.3351593,-1.5770874,0.0,0.0
B29,2020-10-27,-74.5167,-108.9167,24.0,-4.3351593,-1.5770874,0.0,0.0
B29,2020-10-28,-74.5167,-108.9167,24.0,-4.3351593,-1.5770874,0.0,0.0
B29,2020-10-29,-74.5167,-108.9167,24.0,-4.3351593,-1.5770874,0.0,0.0
B29,2020-10-30,-74.5167,-108.9167,24.0,-4.3351593,-1.5770874,0.0,0.0
B29,2020-10-31,-74.5167,-108.9167,24.0,-4.3351593,-1.5770874,0.0,0.0
B29,2020-11-01,-74.5167,-108.9167,24.0,-4.3351593,-1.5770874,0.0,0.0
B29,2020-11-02,-74.5167,-108.9167,24.0,-4.3351593,-1.5770874,0.0,0.0
B29,2020-11-03,-74.5167,-108.9167,24.0,-4.3351593,-1.5770874,0.0,0.0
B29,2020-11-04,-74.5167,-108.9167,24.0,-4.3351593,-1.5770874,0.0,0.0
B29,2020-11-05,-74.5167,-108.9167,24.0,-4.3351593,-1.5770874,0.0,0.0
B29,2020-11-06,-74.5167,-108.9167,24.0,-4.3351593,-1.5770874,0.0,0.0
B37,2020-01-01,-72.7187,-111.0106,24.0,-8.020279,-4.6793823,-0.0019463831475820207,0.004496527777780991
B37,2020-01-02,-72.7172,-111.0137,24.0,-8.020279,-4.6793823,-0.0011831951968028478,0.001927083333324278
B37,2020-01-03,-72.7167,-111.0167,24.0,-8.020279,-4.6793823,-0.001145059725141628,0.0006423611111141783
B37,2020-01-04,-72.7176,-111.0199,24.0,-8.020279,-4.6793823,-0.0012213353786460323,-0.0011562500000018695
B37,2020-01-05,-72.72,-111.0231,24.0,-8.020279,-4.6793823,-0.0012211709464805195,-0.0030833333333261472
B37,2020-01-06,-72.7232,-111.0263,24.0,-8.020279,-4.6793823,-0.0012209517002728426,-0.004111111111119787
B37,2020-01-07,-72.7268,-111.029,24.0,-8.020279,-4.6793823,-0.0010299698806419345,-0.004624999999989221
B37,2020-01-08,-72.73,-111.0313,24.0,-8.020279,-4.6793823,-0.0008772241611497267,-0.004111111111119787
B37,2020-01-09,-72.7324,-111.0328,24.0,-8.020279,-4.6793823,-0.0005720256310264485,-0.0030833333333261472
B37,2020-01-10,-72.7333,-111.0333,24.0,-8.020279,-4.6793823,-0.00019066557491234456,-0.0011562500000018695
B37,2020-01-11,-72.7333,-111.0333,24.0,-8.020279,-4.6793823,0.0,0.0
B37,2020-01-12,-72.7333,-111.0333,24.0,-8.020279,-4.6793823,0.0,0.0
B37,2020-01-13,-72.7333,-111.0333,24.0,-8.020279,-4.6793823,0.0,0.0
B37,2020-01-14,-72.7333,-111.0333,24.0,-8.020279,-4.6793823,0.0,0.0
B37,2020-01-15,-72.7333,-111.0333,24.0,-8.020279,-4.6793823,0.0,0.0
B37,2020-01-16,-72.7333,-111.0333,24.0,-8.020279,-4.6793823,0.0,0.0
B37,2020-01-17,-72.7333,-111.0333,24.0,-8.020279,-4.6793823,0.0,0.0
B37,2020-01-18,-72.7327,-111.0346,24.0,-8.020279,-4.6793823,-0.0004957471961983125,0.0007708333333406654
B37,2020-01-19,-72.731,-111.0383,24.0,-8.020279,-4.6793823,-0.0014111074703738987,0.002184027777777252
B37,2020-01-20,-72.7285,-111.0441,24.0,-8.020279,-4.6793823,-0.0022123167746991084,0.0032118055555526346
B37,2020-01-21,-72.7256,-111.0518,24.0,-8.020279,-4.6793823,-0.002937519351860971,0.0037256944444403256
B37,2020-01-22,-72.7224,-111.0611,24.0,-8.020279,-4.6793823,-0.0035485501760234204,0.004111111111119787
B37,2020-01-23,-72.7194,-111.0717,24.0,-8.020279,-4.6793823,-0.004045264931278288,0.003854166666666813
B37,2020-01-24,-72.7167,-111.0833,24.0,-8.020279,-4.6793823,-0.004427564270542567,0.0034687499999873517
B37,2020-01-25,-72.714,-111.1064,24.0,-8.020279,-4.6793823,-0.00881829522755988,0.0034687500000056084
B37,2020-01-26,-72.711,-111.1466,24.0,-8.020279,-4.6793823,-0.015348706172672545,0.003854166666666813
B37,2020-01-27,-72.7078,-111.1968,24.0,-8.020279,-4.6793823,-0.019170231482356477,0.00411111111110153
B37,2020-01-28,-72.7048,-111.2495,24.0,-8.020279,-4.6793823,-0.020128309045609014,0.003854166666666813
B37,2020-01-29,-72.7023,-111.2975,24.0,-8.020279,-4.6793823,-0.018335753749137585,0.0032118055555708912
B37,2020-01-30,-72.7006,-111.3334,24.0,-8.020279,-4.6793823,-0.013714922380717367,0.002184027777777252
B37,2020-01-31,-72.7,-111.35,24.0,-8.020279,-4.6793823,-0.006341932210366018,0.0007708333333224084
B37,2020-02-01,-72.7,-111.3542,24.0,-8.020279,-4.6793823,-0.0016045852580491241,0.0
B37,2020-02-02,-72.7,-111.3579,24.0,-8.020279,-4.6793823,-0.0014135632035136494,0.0
B37,2020-02-03,-72.7,-111.361,24.0,-8.020279,-4.6793823,-0.001184336738081938,0.0
B37,2020-02-04,-72.7,-111.3634,24.0,-8.020279,-4.6793823,-0.0009169058617377029,0.0
B37,2020-02-05,-72.7,-111.3652,24.0,-8.020279,-4.6793823,-0.0006876793963059918,0.0
B37,2020-02-06,-72.7,-111.3663,24.0,-8.020279,-4.6793823,-0.00042024851996175656,0.0
B37,2020-02-07,-72.7,-111.3667,24.0,-8.020279,-4.6793823,-0.0001528176436229505,0.0
B37,2020-02-08,-72.6994,-111.3667,24.0,-8.020279,-4.6793823,0.0,0.0007708333333406654
B37,2020-02-09,-72.6977,-111.3667,24.0,-8.020279,-4.6793823,0.0,0.002184027777777252
B37,2020-02-10,-72.6952,-111.3667,24.0,-8.020279,-4.6793823,0.0,0.0032118055555526346
B37,2020-02-11,-72.6922,-111.3667,24.0,-8.020279,-4.6793823,0.0,0.003854166666666813
B37,2020-02-12,-72.689,-111.3667,24.0,-8.020279,-4.6793823,0.0,0.004111111111119787
B37,2020-02-13,-72.686,-111.3667,24.0,-8.020279,-4.6793823,0.0,0.003854166666648556
B37,2020-02-14,-72.6833,-111.3667,24.0,-8.020279,-4.6793823,0.0,0.0034687500000056084
B37,2020-02-15,-72.6806,-111.3711,24.0,-8.020279,-4.6793823,-0.001682821391749454,0.0034687500000056084
B37,2020-02-16,-72.6776,-111.3826,24.0,-8.020279,-4.6793823,-0.004399021683665423,0.003854166666666813
B37,2020-02-17,-72.6744,-111.3991,24.0,-8.020279,-4.6793823,-0.006312770015070415,0.00411111111110153
B37,2020-02-18,-72.6715,-111.418,24.0,-8.020279,-4.6793823,-0.007232164321720764,0.0037256944444585827
B37,2020-02-19,-72.669,-111.4372,24.0,-8.020279,-4.6793823,-0.007347988010505772,0.0032118055555526346
B37,2020-02-20,-72.6673,-111.4542,24.0,-8.020279,-4.6793823,-0.006506649642198302,0.002184027777777252
B37,2020-02-21,-72.6667,-111.4667,24.0,-8.020279,-4.6793823,-0.004784461740551773,0.0007708333333224084
B37,2020-02-22,-72.6667,-111.4751,24.0,-8.020279,-4.6793823,-0.0032151582896480066,0.0
B37,2020-02-23,-72.6667,-111.4817,24.0,-8.020279,-4.6793823,-0.0025261957990130334,0.0
B37,2020-02-24,-72.6667,-111.4873,24.0,-8.020279,-4.6793823,-0.002143438859767151,0.0
B37,2020-02-25,-72.6667,-111.4928,24.0,-8.020279,-4.6793823,-0.0021051631658414744,0.0
B37,2020-02-26,-72.6667,-111.499,24.0,-8.020279,-4.6793823,-0.0023730930233103287,0.0
B37,2020-02-27,-72.6667,-111.5067,24.0,-8.020279,-4.6793823,-0.002947228432179153,0.0
B37,2020-02-28,-72.6667,-111.5167,24.0,-8.020279,-4.6793823,-0.0038275693924425067,0.0
B37,2020-02-29,-72.6656,-111.5332,24.0,-8.020279,-4.6793823,-0.006315877985708544,0.0014131944444548436
B37,2020-03-01,-72.6624,-111.558,24.0,-8.020279,-4.6793823,-0.009494654628731223,0.00411111111110153
B37,2020-03-02,-72.6578,-111.5886,24.0,-8.020279,-4.6793823,-0.011718191466153702,0.005909722222235835
B37,2020-03-03,-72.6521,-111.6224,24.0,-8.020279,-4.6793823,-0.01294774675570683,0.007322916666654165
B37,2020-03-04,-72.6458,-111.6567,24.0,-8.020279,-4.6793823,-0.013143906294296102,0.008093750000013087
B37,2020-03-05,-72.6394,-111.689,24.0,-8.020279,-4.6793823,-0.012381921894488375,0.008222222222221317
B37,2020-03-06,-72.6333,-111.7167,24.0,-8.020279,-4.6793823,-0.010622168311195442,0.007836805555541856
B37,2020-03-07,-72.627,-111.74,24.0,-8.020279,-4.6793823,-0.008938033799909068,0.008093750000013087
B37,2020-03-08,-72.6199,-111.7614,24.0,-9.223404,-4.7418823,-0.008212432671420872,0.009121527777770212
B37,2020-03-09,-72.6122,-111.7817,24.0,-9.223404,-4.7418823,-0.00779364307472612,0.009892361111110878
B37,2020-03-10,-72.6044,-111.8017,24.0,-9.223404,-4.7418823,-0.007681804101511168,0.010020833333337364
B37,2020-03-11,-72.5967,-111.822,24.0,-9.223404,-4.7418823,-0.007800375672585087,0.009892361111110878
B37,2020-03-12,-72.5896,-111.8434,24.0,-9.223404,-4.7418823,-0.008226307002351736,0.009121527777770212
B37,2020-03-13,-72.5833,-111.8667,24.0,-9.223404,-4.7418823,-0.00895982062514144,0.008093750000013087
B37,2020-03-14,-72.5773,-111.8926,24.0,-9.223404,-4.7418823,-0.009962953605381042,0.007708333333333626
B37,2020-03-15,-72.5709,-111.9207,24.0,-9.223404,-4.7418823,-0.010813075072324764,0.008222222222221317
B37,2020-03-16,-72.5646,-111.9503,24.0,-9.223404,-4.7418823,-0.011394274815316446,0.008093749999994829
B37,2020-03-17,-72.5589,-111.9805,24.0,-9.223404,-4.7418823,-0.01162892228133194,0.007322916666672421
B37,2020-03-18,-72.5543,-112.0105,24.0,-9.223404,-4.7418823,-0.011554861577325716,0.005909722222217578
B37,2020-03-19,-72.5511,-112.0395,24.0,-9.223404,-4.7418823,-0.01117168461305256,0.00411111111110153
B37,2020-03-20,-72.55,-112.0667,24.0,-9.223404,-4.7418823,-0.01047890971832767,0.0014131944444548436
B37,2020-03-21,-72.55,-112.0931,24.0,-9.223404,-4.7418823,-0.010170706491324151,0.0
B37,2020-03-22,-72.55,-112.1197,24.0,-9.223404,-4.7418823,-0.01024775729806819,0.0
B37,2020-03-23,-72.55,-112.146,24.0,-9.223404,-4.7418823,-0.01013218108794666,0.0
B37,2020-03-24,-72.55,-112.1713,24.0,-9.223404,-4.7418823,-0.009746927054182682,0.0
B37,2020-03-25,-72.55,-112.1947,24.0,-9.223404,-4.7418823,-0.009014944390032215,0.0
B37,2020-03-26,-72.55,-112.2156,24.0,-9.223404,-4.7418823,-0.008051809305627742,0.0
B37,2020-03-27,-72.55,-112.2333,24.0,-9.223404,-4.7418823,-0.006818996397591769,0.0
B37,2020-03-28,-72.5491,-112.2496,24.0,-9.223404,-4.7418823,-0.006279954551423201,0.0011562500000018695
B37,2020-03-29,-72.5467,-112.266,24.0,-9.223404,-4.7418823,-0.0063193238090321095,0.0030833333333261472
B37,2020-03-30,-72.5434,-112.2817,24.0,-9.223404,-4.7418823,-0.0060507047964226315,0.004239583333328017
B37,2020-03-31,-72.5399,-112.2955,24.0,-9.223404,-4.7418823,-0.005319487021970623,0.004496527777780991
B37,2020-04-01,-72.5366,-112.3066,24.0,-9.223404,-4.7418823,-0.004279501313596061,0.004239583333328017
B37,2020-04-02,-72.5342,-112.314,24.0,-9.223404,-4.7418823,-0.002853380744487003,0.0030833333333444043
B37,2020-04-03,-72.5333,-112.3167,24.0,-9.223404,-4.7418823,-0.0010411503545638442,0.0011562500000018695
B37,2020-04-04,-72.5333,-112.3123,24.0,-9.223404,-4.7418823,0.0016966894666954175,0.0
B37,2020-04-05,-72.5333,-112.3008,24.0,-9.223404,-4.7418823,0.004434529287949199,0.0
B37,2020-04-06,-72.5333,-112.2843,24.0,-9.223404,-4.7418823,0.006362585500099595,0.0
B37,2020-04-07,-72.5333,-112.2654,24.0,-9.223404,-4.7418823,0.007288052481935949,0.0
B37,2020-04-08,-72.5333,-112.2462,24.0,-9.223404,-4.7418823,0.00740373585466344,0.0
B37,2020-04-09,-72.5333,-112.2292,24.0,-9.223404,-4.7418823,0.00655539112131573,0.0
B37,2020-04-10,-72.5333,-112.2167,24.0,-9.223404,-4.7418823,0.004820140530381471,0.0
B37,2020-04-11,-72.5333,-112.2085,24.0,-9.223404,-4.7418823,0.0031620121879303766,0.0
B37,2020-04-12,-72.5333,-112.2024,24.0,-9.223404,-4.7418823,0.0023522285788269903,0.0
B37,2020-04-13,-72.5333,-112.1973,24.0,-9.223404,-4.7418823,0.0019666173363947197,0.0
B37,2020-04-14,-72.5333,-112.1922,24.0,-9.223404,-4.7418823,0.0019666173363947197,0.0
B37,2020-04-15,-72.5333,-112.1861,24.0,-9.223404,-4.7418823,0.0023522285788269903,0.0
B37,2020-04-16,-72.5333,-112.1779,24.0,-9.223404,-4.7418823,0.0031620121879303766,0.0
B37,2020-04-17,-72.5333,-112.1667,24.0,-9.223404,-4.7418823,0.00431884591521623,0.0
B37,2020-04-18,-72.5398,-112.1262,24.0,-9.223404,-4.7418823,0.015611624626854979,-0.008350694444447804
B37,2020-04-19,-72.5564,-112.0428,24.0,-9.223404,-4.7418823,0.03211876870418659,-0.02132638888888483
B37,2020-04-20,-72.5792,-111.9342,24.0,-9.223404,-4.7418823,0.04177075009350457,-0.029291666666671427
B37,2020-04-21,-72.6041,-111.8179,24.0,-9.223404,-4.7418823,0.044670437394342975,-0.031989583333336374
B37,2020-04-22,-72.6269,-111.7117,24.0,-8.020279,-4.6793823,0.04073924827591293,-0.029291666666671427
B37,2020-04-23,-72.6435,-111.6332,24.0,-8.020279,-4.6793823,0.030085398908335084,-0.02132638888888483
B37,2020-04-24,-72.65,-111.6,24.0,-8.020279,-4.6793823,0.01271939728285215,-0.008350694444447804
B37,2020-04-25,-72.65,-111.5957,24.0,-8.020279,-4.6793823,0.0016473918167547996,0.0
B37,2020-04-26,-72.65,-111.592,24.0,-8.020279,-4.6793823,0.001417523191158954,0.0
B37,2020-04-27,-72.65,-111.5889,24.0,-8.020279,-4.6793823,0.0011876545655685532,0.0
B37,2020-04-28,-72.65,-111.5865,24.0,-8.020279,-4.6793823,0.0009194745023724929,0.0
B37,2020-04-29,-72.65,-111.5847,24.0,-8.020279,-4.6793823,0.0006896058767820918,0.0
B37,2020-04-30,-72.65,-111.5837,24.0,-8.020279,-4.6793823,0.0003831143759912609,0.0
B37,2020-05-01,-72.65,-111.5833,24.0,-8.020279,-4.6793823,0.00015324575039541547,0.0
B37,2020-05-02,-72.65,-111.5879,24.0,-8.020279,-4.6793823,-0.0017623261295554445,0.0
B37,2020-05-03,-72.65,-111.5998,24.0,-8.020279,-4.6793823,-0.004559061074273138,0.0
B37,2020-05-04,-72.65,-111.6161,24.0,-8.020279,-4.6793823,-0.006244764328628152,0.0
B37,2020-05-05,-72.65,-111.6339,24.0,-8.020279,-4.6793823,-0.0068194358926095995,0.0
B37,2020-05-06,-72.65,-111.6502,24.0,-8.020279,-4.6793823,-0.006244764328628152,0.0
B37,2020-05-07,-72.65,-111.6621,24.0,-8.020279,-4.6793823,-0.004559061074273138,0.0
B37,2020-05-08,-72.65,-111.6667,24.0,-8.020279,-4.6793823,-0.0017623261295554445,0.0
B37,2020-05-09,-72.6518,-111.6501,24.0,-8.020279,-4.6793823,0.006359059133868662,-0.002312499999985482
B37,2020-05-10,-72.6566,-111.6072,24.0,-8.020279,-4.6793823,0.01642954673865001,-0.0061666666666705516
B37,2020-05-11,-72.6631,-111.5486,24.0,-8.020279,-4.6793823,0.02243407206170283,-0.008350694444447804
B37,2020-05-12,-72.6702,-111.4848,24.0,-8.020279,-4.6793823,0.0244151130819848,-0.009121527777770212
B37,2020-05-13,-72.6767,-111.4262,24.0,-8.020279,-4.6793823,0.02241701333627756,-0.008350694444447804
B37,2020-05-14,-72.6815,-111.3833,24.0,-8.020279,-4.6793823,0.016406682082169593,-0.0061666666666705516
B37,2020-05-15,-72.6833,-111.3667,24.0,-8.020279,-4.6793823,0.006347866736177964,-0.002312500000003739
B37,2020-05-16,-72.6833,-111.3796,24.0,-8.020279,-4.6793823,-0.004932980776906829,0.0
B37,2020-05-17,-72.6833,-111.413,24.0,-8.020279,-4.6793823,-0.012772213794470175,0.0
B37,2020-05-18,-72.6833,-111.4585,24.0,-8.020279,-4.6793823,-0.017399273282887415,0.0
B37,2020-05-19,-72.6833,-111.5082,24.0,-8.020279,-4.6793823,-0.01900536004746047,0.0
B37,2020-05-20,-72.6833,-111.5537,24.0,-8.020279,-4.6793823,-0.017399273282887415,0.0
B37,2020-05-21,-72.6833,-111.5871,24.0,-8.020279,-4.6793823,-0.012772213794470175,0.0
B37,2020-05-22,-72.6833,-111.6,24.0,-8.020279,-4.6793823,-0.004932980776901395,0.0
B37,2020-05-23,-72.6833,-111.6,24.0,-8.020279,-4.6793823,0.0,0.0
B37,2020-05-24,-72.6833,-111.6,24.0,-8.020279,-4.6793823,0.0,0.0
B37,2020-05-25,-72.6833,-111.6,24.0,-8.020279,-4.6793823,0.0,0.0
B37,2020-05-26,-72.6833,-111.6,24.0,-8.020279,-4.6793823,0.0,0.0
B37,2020-05-27,-72.6833,-111.6,24.0,-8.020279,-4.6793823,0.0,0.0
B37,2020-05-28,-72.6833,-111.6,24.0,-8.020279,-4.6793823,0.0,0.0
B37,2020-05-29,-72.6833,-111.6,24.0,-8.020279,-4.6793823,0.0,0.0
B37,2020-05-30,-72.6833,-111.5991,24.0,-8.020279,-4.6793823,0.00034416144954671046,0.0
B37,2020-05-31,-72.6833,-111.5967,24.0,-8.020279,-4.6793823,0.0009177638654741975,0.0
B37,2020-06-01,-72.6833,-111.5934,24.0,-8.020279,-4.6793823,0.001261925315020908,0.0
B37,2020-06-02,-72.6833,-111.5899,24.0,-3.316452,0.80737305,0.001338405637146022,0.0
B37,2020-06-03,-72.6833,-111.5866,24.0,-3.8125916,-2.2749023,0.001261925315020908,0.0
B37,2020-06-04,-72.6833,-111.5842,24.0,-5.107971,-1.4583435,0.0009177638654741975,0.0
B37,2020-06-05,-72.6833,-111.5833,24.0,-0.1855774,-3.591858,0.00034416144955214475,0.0
B37,2020-06-06,-72.6824,-111.5861,24.0,-5.235321,1.2492523,-0.0010707784534789272,0.0011562500000018695
B37,2020-06-07,-72.68,-111.5932,24.0,-3.173767,0.54748535,-0.002715552980603664,0.0030833333333261472
B37,2020-06-08,-72.6768,-111.603,24.0,-2.8000336,-1.2816315,-0.0037488993416024134,0.004111111111119787
B37,2020-06-09,-72.6732,-111.6136,24.0,-3.6358185,2.6987152,-0.00405574876866932,0.004625000000007478
B37,2020-06-10,-72.67,-111.6234,24.0,-3.0632782,-1.9589233,-0.003750325780986144,0.00411111111110153
B37,2020-06-11,-72.6676,-111.6305,24.0,-3.4379578,2.580124,-0.0027174374943595148,0.0030833333333444043
B37,2020-06-12,-72.6667,-111.6333,24.0,-3.6987762,0.62171936,-0.001071719429886295,0.0011562499999836124
B37,2020-06-13,-72.6667,-111.6287,24.0,-5.10878,0.6138916,0.0017606819205267079,0.0
B37,2020-06-14,-72.6667,-111.6168,24.0,-5.3207703,2.9280853,0.0045548075770031555,0.0
B37,2020-06-15,-72.6667,-111.6005,24.0,-3.7784576,-1.8296509,0.0062389381096785105,0.0
B37,2020-06-16,-72.6667,-111.5828,24.0,-3.396988,-5.117996,0.00677479782461622,0.0
B37,2020-06-17,-72.6667,-111.5665,24.0,-12.563553,-7.727127,0.0062389381096785105,0.0
B37,2020-06-18,-72.6667,-111.5546,24.0,-5.795044,0.24375916,0.004554807577008595,0.0
B37,2020-06-19,-72.6667,-111.55,24.0,-6.465027,2.5041504,0.0017606819205212684,0.0
B37,2020-06-20,-72.6667,-111.5518,24.0,-9.574982,5.371475,-0.0006889624906404126,0.0
B37,2020-06-21,-72.6667,-111.5566,24.0,-8.48111,2.804062,-0.0018372333083726208,0.0
B37,2020-06-22,-72.6667,-111.5631,24.0,-8.228378,1.760086,-0.002487920105087357,0.0
B37,2020-06-23,-72.6667,-111.5702,24.0,-7.026245,2.3770294,-0.002717574268630535,0.0
B37,2020-06-24,-72.6667,-111.5767,24.0,-6.7453613,1.888382,-0.002487920105087357,0.0
B37,2020-06-25,-72.6667,-111.5815,24.0,-3.3504333,-0.9106903,-0.0018372333083726208,0.0
B37,2020-06-26,-72.6667,-111.5833,24.0,-6.393875,1.7984619,-0.0006889624906349734,0.0
B37,2020-06-27,-72.6667,-111.5833,24.0,-6.4522095,2.5811768,0.0,0.0
B37,2020-06-28,-72.6667,-111.5833,24.0,-4.928009,1.7797394,0.0,0.0
B37,2020-06-29,-72.6667,-111.5833,24.0,-6.82724,4.3536835,0.0,0.0
B37,2020-06-30,-72.6667,-111.5833,24.0,-4.852295,2.2535553,0.0,0.0
B37,2020-07-01,-72.6667,-111.5833,24.0,-4.722946,2.3614807,0.0,0.0
B37,2020-07-02,-72.6667,-111.5833,24.0,-4.525055,1.2377014,0.0,0.0
B37,2020-07-03,-72.6667,-111.5833,24.0,-4.831665,1.5545654,0.0,0.0
B37,2020-07-04,-72.6685,-111.5842,24.0,-5.3854218,2.339798,-0.00034444657006791224,-0.002312499999985482
B37,2020-07-05,-72.6733,-111.5866,24.0,-7.1955414,4.5873566,-0.0009182776028459482,-0.0061666666666705516
B37,2020-07-06,-72.6798,-111.5899,24.0,-2.883194,0.41929626,-0.0012621725555047633,-0.008350694444447804
B37,2020-07-07,-72.6869,-111.5934,24.0,-4.0849,1.0621948,-0.0013381359150441247,-0.009121527777770212
B37,2020-07-08,-72.6934,-111.5967,24.0,-3.6711426,1.0908813,-0.0012612118232269934,-0.008350694444447804
B37,2020-07-09,-72.6982,-111.5991,24.0,-5.2539673,1.9112091,-0.0009169983449339801,-0.0061666666666705516
B37,2020-07-10,-72.7,-111.6,24.0,-7.083008,2.776352,-0.00034383969814756675,-0.002312500000003739
B37,2020-07-11,-72.7,-111.5991,24.0,-7.0515594,0.8856201,0.00034383969814756675,0.0
B37,2020-07-12,-72.7,-111.5967,24.0,-9.822235,2.8985443,0.0009169058617431321,0.0
B37,2020-07-13,-72.7,-111.5934,24.0,-5.7618103,2.7770844,0.0012607455598906989,0.0
B37,2020-07-14,-72.7,-111.5899,24.0,-5.6328278,0.64167786,0.0013371543817048885,0.0
B37,2020-07-15,-72.7,-111.5866,24.0,-4.3736725,1.6248932,0.0012607455598906989,0.0
B37,2020-07-16,-72.7,-111.5842,24.0,-4.152237,0.9385071,0.0009169058617431321,0.0
B37,2020-07-17,-72.7,-111.5833,24.0,-6.177719,2.9277954,0.0003438396981529959,0.0
B37,2020-07-18,-72.7,-111.5833,24.0,-4.8416595,1.4613342,0.0,0.0
B37,2020-07-19,-72.7,-111.5833,24.0,-6.630234,3.043518,0.0,0.0
B37,2020-07-20,-72.7,-111.5833,24.0,-4.4397583,0.01902771,0.0,0.0
B37,2020-07-21,-72.7,-111.5833,24.0,-4.227234,0.81088257,0.0,0.0
B37,2020-07-22,-72.7,-111.5833,24.0,-5.9496307,2.1080475,0.0,0.0
B37,2020-07-23,-72.7,-111.5833,24.0,-5.368561,0.9756012,0.0,0.0
B37,2020-07-24,-72.7,-111.5833,24.0,-5.0982666,-1.9306641,0.0,0.0
B37,2020-07-25,-72.7,-111.5787,24.0,-4.847275,-3.2561035,0.0017574029016666451,0.0
B37,2020-07-26,-72.7,-111.5668,24.0,-5.9085083,2.3515167,0.004546324897792278,0.0
B37,2020-07-27,-72.7,-111.5505,24.0,-3.9307709,1.129715,0.006227318977650162,0.0
B37,2020-07-28,-72.7,-111.5328,24.0,-6.960129,2.8062897,0.006762180730333205,0.0
B37,2020-07-29,-72.7,-111.5165,24.0,-4.4605103,1.3655548,0.006227318977650162,0.0
B37,2020-07-30,-72.7,-111.5046,24.0,-4.4621124,2.0,0.004546324897792278,0.0
B37,2020-07-31,-72.7,-111.5,24.0,-5.183136,2.371048,0.0017574029016666451,0.0
B37,2020-08-01,-72.6991,-111.5038,24.0,-6.399811,2.0618439,-0.0014518408304592795,0.0011562500000018695
B37,2020-08-02,-72.6967,-111.5137,24.0,-7.1562653,2.1736145,-0.0037829360809565034,0.0030833333333261472
B37,2020-08-03,-72.6934,-111.5278,24.0,-3.0852509,-1.4702148,-0.005388814153794481,0.004239583333346274
B37,2020-08-04,-72.6899,-111.5438,24.0,-6.7156525,2.7697296,-0.00611616522326807,0.004496527777780991
B37,2020-08-05,-72.6866,-111.5598,24.0,-6.4986267,3.2921753,-0.006117295506679033,0.004239583333328017
B37,2020-08-06,-72.6842,-111.5737,24.0,-7.5877075,3.764038,-0.0053151145939731885,0.0030833333333261472
B37,2020-08-07,-72.6833,-111.5833,24.0,-5.60524,2.5922546,-0.0036710554618804864,0.0011562500000018695
B37,2020-08-08,-72.6833,-111.5902,24.0,-6.060425,3.0431519,-0.0026385711132294867,0.0
B37,2020-08-09,-72.6833,-111.5969,24.0,-1.4923096,-3.0003967,-0.002562090791109807,0.0
B37,2020-08-10,-72.6833,-111.6031,24.0,-4.2456055,-4.611328,-0.002370889985797022,0.0
B37,2020-08-11,-72.6833,-111.6086,24.0,-3.243744,0.8800354,-0.0021032088583699915,0.0
B37,2020-08-12,-72.6833,-111.6129,24.0,-7.7321167,1.4038544,-0.0016443269256356096,0.0
B37,2020-08-13,-72.6833,-111.6157,24.0,-7.806717,2.811325,-0.0010707245097189913,0.0
B37,2020-08-14,-72.6833,-111.6167,24.0,-4.2115173,1.0057373,-0.00038240161060926756,0.0
B37,2020-08-15,-72.6833,-111.6167,24.0,-6.1499786,2.61911,0.0,0.0
B37,2020-08-16,-72.6833,-111.6167,24.0,-4.3658905,1.6667175,0.0,0.0
B37,2020-08-17,-72.6833,-111.6167,24.0,-6.348297,4.5359344,0.0,0.0
B37,2020-08-18,-72.6833,-111.6167,24.0,-7.4349213,5.5311584,0.0,0.0
B37,2020-08-19,-72.6833,-111.6167,24.0,-4.6997375,2.2949982,0.0,0.0
B37,2020-08-20,-72.6833,-111.6167,24.0,-5.864502,2.9447327,0.0,0.0
B37,2020-08-21,-72.6833,-111.6167,24.0,-7.2790527,4.2256927,0.0,0.0
B37,2020-08-22,-72.6839,-111.6047,24.0,-8.66777,5.561569,0.004588665201697268,-0.0007708333333224084
B37,2020-08-23,-72.6856,-111.5737,24.0,-6.269745,2.6828918,0.011852923649801457,-0.002184027777777252
B37,2020-08-24,-72.6881,-111.5314,24.0,-5.990143,2.1192474,0.016171241735721615,-0.0032118055555708912
B37,2020-08-25,-72.6911,-111.4853,24.0,-5.574005,-3.1502533,0.017621016806283453,-0.003854166666666813
B37,2020-08-26,-72.6943,-111.443,24.0,-5.446213,-1.3528137,0.016165627476528707,-0.00411111111110153
B37,2020-08-27,-72.6973,-111.412,24.0,-5.629715,1.205307,0.011845159238242045,-0.003854166666666813
B37,2020-08-28,-72.7,-111.4,24.0,-5.635315,2.3842468,0.004584529308699373,-0.0034687500000056084
B37,2020-08-29,-72.7027,-111.4065,24.0,-6.105774,4.5674133,-0.0024829109913161156,-0.0034687499999873517
B37,2020-08-30,-72.7057,-111.4231,24.0,-6.3765717,2.3619232,-0.006339906530303574,-0.003854166666666813
B37,2020-08-31,-72.7089,-111.4459,24.0,-5.739914,2.4352264,-0.00870626141920717,-0.004111111111119787
B37,2020-09-01,-72.7119,-111.4708,24.0,-6.034378,3.123108,-0.009506554631632578,-0.003854166666666813
B37,2020-09-02,-72.7144,-111.4936,24.0,-6.034378,3.123108,-0.008703576654605489,-0.0032118055555526346
B37,2020-09-03,-72.7161,-111.5102,24.0,-6.034378,3.123108,-0.006336210390960724,-0.002184027777777252
B37,2020-09-04,-72.7167,-111.5167,24.0,-6.034378,3.123108,-0.0024809627378077656,-0.0007708333333406654
B37,2020-09-05,-72.7167,-111.5167,24.0,-6.034378,3.123108,0.0,0.0
B37,2020-09-06,-72.7167,-111.5167,24.0,-6.034378,3.123108,0.0,0.0
B37,2020-09-07,-72.7167,-111.5167,24.0,-6.034378,3.123108,0.0,0.0
B37,2020-09-08,-72.7167,-111.5167,24.0,-6.034378,3.123108,0.0,0.0
B37,2020-09-09,-72.7167,-111.5167,24.0,-6.034378,3.123108,0.0,0.0
B37,2020-09-10,-72.7167,-111.5167,24.0,-6.034378,3.123108,0.0,0.0
B37,2020-09-11,-72.7167,-111.5167,24.0,-6.034378,3.123108,0.0,0.0
B37,2020-09-12,-72.7167,-111.5029,24.0,-6.034378,3.123108,0.005267274735652575,0.0
B37,2020-09-13,-72.7167,-111.4671,24.0,-6.034378,3.123108,0.013664379386687565,0.0
B37,2020-09-14,-72.7167,-111.4183,24.0,-6.034378,3.123108,0.018626304862303097,0.0
B37,2020-09-15,-72.7167,-111.3651,24.0,-6.034378,3.123108,0.020305725792512264,0.0
B37,2020-09-16,-72.7167,-111.3163,24.0,-6.034378,3.123108,0.018626304862303097,0.0
B37,2020-09-17,-72.7167,-111.2805,24.0,-6.034378,3.123108,0.013664379386687565,0.0
B37,2020-09-18,-72.7167,-111.2667,24.0,-6.034378,3.123108,0.005267274735652575,0.0
B37,2020-09-19,-72.7176,-111.275,24.0,-6.034378,3.123108,-0.0031678386383585696,-0.0011562500000018695
B37,2020-09-20,-72.72,-111.2964,24.0,-6.034378,3.123108,-0.008166580704607454,-0.0030833333333261472
B37,2020-09-21,-72.7232,-111.3257,24.0,-6.034378,3.123108,-0.011179339005596613,-0.004111111111119787
B37,2020-09-22,-72.7268,-111.3577,24.0,-6.034378,3.123108,-0.01220705043728091,-0.004624999999989221
B37,2020-09-23,-72.73,-111.387,24.0,-6.034378,3.123108,-0.0111750730094058,-0.004111111111119787
B37,2020-09-24,-72.7324,-111.4084,24.0,-6.034378,3.123108,-0.008160899002682295,-0.0030833333333261472
B37,2020-09-25,-72.7333,-111.4167,24.0,-6.034378,3.123108,-0.0031650485435319137,-0.0011562500000018695
B37,2020-10-10,-72.7333,-111.4154,24.0,-6.034378,3.123108,0.0004957304947699283,0.0
B37,2020-10-11,-72.7333,-111.4118,24.0,-6.034378,3.123108,0.0013727921393645456,0.0
B37,2020-10-12,-72.7333,-111.406,24.0,-6.034378,3.123108,0.002211720668970191,0.0
B37,2020-10-13,-72.7333,-111.3984,24.0,-6.034378,3.123108,0.0028981167386578827,0.0
B37,2020-10-14,-72.7333,-111.3891,24.0,-6.034378,3.123108,0.0035463796933511834,0.0
B37,2020-10-15,-72.7333,-111.3785,24.0,-6.034378,3.123108,0.004042110188121112,0.0
B37,2020-10-16,-72.7333,-111.3667,24.0,-6.034378,3.123108,0.004499707567912906,0.0
B37,2020-10-17,-72.7342,-111.3421,24.0,-6.034378,3.123108,0.00938027222008978,-0.0011562500000018695
B37,2020-10-18,-72.7366,-111.2982,24.0,-6.034378,3.123108,0.016737335475272692,-0.0030833333333261472
B37,2020-10-19,-72.7399,-111.2429,24.0,-6.034378,3.123108,0.02107979744883276,-0.004239583333346274
B37,2020-10-20,-72.7434,-111.1842,24.0,-6.034378,3.123108,0.022371443541807468,-0.004496527777762734
B37,2020-10-21,-72.7467,-111.1299,24.0,-6.034378,3.123108,0.020690700980647788,-0.004239583333346274
B37,2020-10-22,-72.7491,-111.0881,24.0,-6.034378,3.123108,0.01592550003451863,-0.0030833333333261472
B37,2020-10-23,-72.75,-111.0667,24.0,-6.034378,3.123108,0.008152833995335262,-0.0011562500000018695
B37,2020-10-24,-72.7491,-111.0585,24.0,-6.034378,3.123108,0.0031241411550971114,0.0011562500000018695
B37,2020-10-25,-72.7467,-111.0513,24.0,-6.034378,3.123108,0.002743518362073977,0.0030833333333261472
B37,2020-10-26,-72.7434,-111.0451,24.0,-6.034378,3.123108,0.00236291226506027,0.004239583333346274
B37,2020-10-27,-72.7399,-111.0401,24.0,-6.034378,3.123108,0.0019059491364265765,0.004496527777762734
B37,2020-10-28,-72.7366,-111.0364,24.0,-6.034378,3.123108,0.0014106638099866302,0.004239583333346274
B37,2020-10-29,-72.7342,-111.0341,24.0,-6.034378,3.123108,0.0008770173213927988,0.0030833333333261472
B37,2020-10-30,-72.7333,-111.0333,24.0,-6.034378,3.123108,0.00030506491985758373,0.0011562500000018695
B37,2020-10-31,-72.7342,-111.0344,24.0,-6.034378,3.123108,-0.00041944306675519797,-0.0011562500000018695
B37,2020-11-01,-72.7366,-111.0376,24.0,-6.034378,3.123108,-0.0012200335653926708,-0.0030833333333261472
B37,2020-11-02,-72.7399,-111.0422,24.0,-6.034378,3.123108,-0.0017534732055076835,-0.004239583333346274
B37,2020-11-03,-72.7434,-111.0479,24.0,-6.034378,3.123108,-0.0021723548243338837,-0.004496527777762734
B37,2020-11-04,-72.7467,-111.0542,24.0,-6.034378,3.123108,-0.0024005785668140536,-0.004239583333346274
B37,2020-11-05,-72.7491,-111.0606,24.0,-6.034378,3.123108,-0.0024383540722699914,-0.0030833333333261472
B37,2020-11-06,-72.75,-111.0667,24.0,-6.034378,3.123108,-0.0023239386622231004,-0.0011562500000018695
B38,2020-01-01,-76.9833,-155.0833,24.0,-9.298599,-3.9293823,0.0,0.0
B38,2020-01-02,-76.9833,-155.0833,24.0,-9.298599,-3.9293823,0.0,0.0
B38,2020-01-03,-76.9833,-155.0833,24.0,-9.298599,-3.9293823,0.0,0.0
B38,2020-01-04,-76.9833,-155.0833,24.0,-9.298599,-3.9293823,0.0,0.0
B38,2020-01-05,-76.9833,-155.0833,24.0,-9.298599,-3.9293823,0.0,0.0
B38,2020-01-06,-76.9833,-155.0833,24.0,-9.298599,-3.9293823,0.0,0.0
B38,2020-01-07,-76.9833,-155.0833,24.0,-9.298599,-3.9293823,0.0,0.0
B38,2020-01-08,-76.9833,-155.0833,24.0,-9.298599,-3.9293823,0.0,0.0
B38,2020-01-09,-76.9833,-155.0833,24.0,-9.298599,-3.9293823,0.0,0.0
B38,2020-01-10,-76.9833,-155.0833,24.0,-9.298599,-3.9293823,0.0,0.0
B38,2020-01-11,-76.9833,-155.0833,24.0,-9.298599,-3.9293823,0.0,0.0
B38,2020-01-12,-76.9833,-155.0833,24.0,-9.298599,-3.9293823,0.0,0.0
B38,2020-01-13,-76.9833,-155.0833,24.0,-9.298599,-3.9293823,0.0,0.0
B38,2020-01-14,-76.9833,-155.0833,24.0,-9.298599,-3.9293823,0.0,0.0
B38,2020-01-15,-76.9833,-155.0833,24.0,-9.298599,-3.9293823,0.0,0.0
B38,2020-01-16,-76.9833,-155.0833,24.0,-9.298599,-3.9293823,0.0,0.0
B38,2020-01-17,-76.9833,-155.0833,24.0,-9.298599,-3.9293823,0.0,0.0
B38,2020-01-18,-76.9833,-155.0833,24.0,-9.298599,-3.9293823,0.0,0.0
B38,2020-01-19,-76.9833,-155.0833,24.0,-9.298599,-3.9293823,0.0,0.0
B38,2020-01-20,-76.9833,-155.0833,24.0,-9.298599,-3.9293823,0.0,0.0
B38,2020-01-21,-76.9833,-155.0833,24.0,-9.298599,-3.9293823,0.0,0.0
B38,2020-01-22,-76.9833,-155.0833,24.0,-9.298599,-3.9293823,0.0,0.0
B38,2020-01-23,-76.9833,-155.0833,24.0,-9.298599,-3.9293823,0.0,0.0
B38,2020-01-24,-76.9833,-155.0833,24.0,-9.298599,-3.9293823,0.0,0.0
B38,2020-01-25,-76.9833,-155.0833,24.0,-9.298599,-3.9293823,0.0,0.0
B38,2020-01-26,-76.9833,-155.0833,24.0,-9.298599,-3.9293823,0.0,0.0
B38,2020-01-27,-76.9833,-155.0833,24.0,-9.298599,-3.9293823,0.0,0.0
B38,2020-01-28,-76.9833,-155.0833,24.0,-9.298599,-3.9293823,0.0,0.0
B38,2020-01-29,-76.9833,-155.0833,24.0,-9.298599,-3.9293823,0.0,0.0
B38,2020-01-30,-76.9833,-155.0833,24.0,-9.298599,-3.9293823,0.0,0.0
B38,2020-01-31,-76.9833,-155.0833,24.0,-9.298599,-3.9293823,0.0,0.0
B38,2020-02-01,-76.9833,-155.0833,24.0,-9.298599,-3.9293823,0.0,0.0
B38,2020-02-02,-76.9833,-155.0833,24.0,-9.298599,-3.9293823,0.0,0.0
B38,2020-02-03,-76.9833,-155.0833,24.0,-9.298599,-3.9293823,0.0,0.0
B38,2020-02-04,-76.9833,-155.0833,24.0,-9.298599,-3.9293823,0.0,0.0
B38,2020-02-05,-76.9833,-155.0833,24.0,-9.298599,-3.9293823,0.0,0.0
B38,2020-02-06,-76.9833,-155.0833,24.0,-9.298599,-3.9293823,0.0,0.0
B38,2020-02-07,-76.9833,-155.0833,24.0,-9.298599,-3.9293823,0.0,0.0
B38,2020-02-08,-76.9833,-155.0833,24.0,-9.298599,-3.9293823,0.0,0.0
B38,2020-02-09,-76.9833,-155.0833,24.0,-9.298599,-3.9293823,0.0,0.0
B38,2020-02-10,-76.9833,-155.0833,24.0,-9.298599,-3.9293823,0.0,0.0
B38,2020-02-11,-76.9833,-155.0833,24.0,-9.298599,-3.9293823,0.0,0.0
B38,2020-02-12,-76.9833,-155.0833,24.0,-9.298599,-3.9293823,0.0,0.0
B38,2020-02-13,-76.9833,-155.0833,24.0,-9.298599,-3.9293823,0.0,0.0
B38,2020-02-14,-76.9833,-155.0833,24.0,-9.298599,-3.9293823,0.0,0.0
B38,2020-02-15,-76.9833,-155.0828,24.0,-9.298599,-3.9293823,0.00014468223339494498,0.0
B38,2020-02-16,-76.9833,-155.0815,24.0,-9.298599,-3.9293823,0.0003761738068104085,0.0
B38,2020-02-17,-76.9833,-155.0794,24.0,-9.298599,-3.9293823,0.0006076653802423204,0.0
B38,2020-02-18,-76.9833,-155.0767,24.0,-9.298599,-3.9293823,0.0007812840603080301,0.0
B38,2020-02-19,-76.9833,-155.0736,24.0,-9.298599,-3.9293823,0.0008970298470157619,0.0
B38,2020-02-20,-76.9833,-155.0702,24.0,-9.298599,-3.9293823,0.000983839187052729,0.0
B38,2020-02-21,-76.9833,-155.0667,24.0,-9.298599,-3.9293823,0.001012775633731718,0.0
B38,2020-02-22,-76.9833,-155.062,24.0,-9.298599,-3.9293823,0.0013600129938631375,0.0
B38,2020-02-23,-76.9833,-155.0555,24.0,-9.298599,-3.9293823,0.001880869034076715,0.0
B38,2020-02-24,-76.9833,-155.0477,24.0,-9.298599,-3.9293823,0.0022570428408871233,0.0
B38,2020-02-25,-76.9833,-155.0394,24.0,-9.298599,-3.9293823,0.002401725074273845,0.0
B38,2020-02-26,-76.9833,-155.031,24.0,-9.298599,-3.9293823,0.0024306615209528336,0.0
B38,2020-02-27,-76.9833,-155.0232,24.0,-9.298599,-3.9293823,0.0022570428408871233,0.0
B38,2020-02-28,-76.9833,-155.0167,24.0,-9.298599,-3.9293823,0.001880869034076715,0.0
B38,2020-02-29,-76.9824,-155.0106,24.0,-9.298599,-3.9293823,0.0017652431842606973,0.0011562500000018695
B38,2020-03-01,-76.98,-155.0042,24.0,-9.298599,-3.9293823,0.0018523939817938354,0.0030833333333261472
B38,2020-03-02,-76.9768,-154.9979,24.0,-9.298599,-3.9293823,0.0018238907419742525,0.004111111111119787
B38,2020-03-03,-76.9732,-154.9922,24.0,-9.298599,-3.9293823,0.0016506351363488247,0.004624999999989221
B38,2020-03-04,-76.97,-154.9876,24.0,-9.298599,-3.9293823,0.0013324130784159937,0.004111111111119787
B38,2020-03-05,-76.9676,-154.9844,24.0,-9.298599,-3.9293823,0.0009270638256221721,0.0030833333333261472
B38,2020-03-06,-76.9667,-154.9833,24.0,-9.298599,-3.9293823,0.0003186998166486174,0.0011562500000018695
B38,2020-03-07,-76.9676,-154.9833,24.0,-9.298599,-3.9293823,0.0,-0.0011562500000018695
B38,2020-03-08,-76.97,-154.9833,24.0,-9.298599,-3.9293823,0.0,-0.0030833333333261472
B38,2020-03-09,-76.9732,-154.9833,24.0,-9.298599,-3.9293823,0.0,-0.004111111111119787
B38,2020-03-10,-76.9768,-154.9833,24.0,-9.298599,-3.9293823,0.0,-0.004624999999989221
B38,2020-03-11,-76.98,-154.9833,24.0,-9.298599,-3.9293823,0.0,-0.004111111111119787
B38,2020-03-12,-76.9824,-154.9833,24.0,-9.298599,-3.9293823,0.0,-0.0030833333333261472
B38,2020-03-13,-76.9833,-154.9833,24.0,-9.298599,-3.9293823,0.0,-0.0011562500000018695
B38,2020-03-14,-76.9833,-154.9833,24.0,-9.298599,-3.9293823,0.0,0.0
B38,2020-03-15,-76.9833,-154.9833,24.0,-9.298599,-3.9293823,0.0,0.0
B38,2020-03-16,-76.9833,-154.9833,24.0,-9.298599,-3.9293823,0.0,0.0
B38,2020-03-17,-76.9833,-154.9833,24.0,-9.298599,-3.9293823,0.0,0.0
B38,2020-03-18,-76.9833,-154.9833,24.0,-9.298599,-3.9293823,0.0,0.0
B38,2020-03-19,-76.9833,-154.9833,24.0,-9.298599,-3.9293823,0.0,0.0
B38,2020-03-20,-76.9833,-154.9833,24.0,-9.298599,-3.9293823,0.0,0.0
B38,2020-03-21,-76.9833,-154.9848,24.0,-9.298599,-3.9293823,-0.0004340467001683865,0.0
B38,2020-03-22,-76.9833,-154.9886,24.0,-9.298599,-3.9293823,-0.0010995849737604607,0.0
B38,2020-03-23,-76.9833,-154.9941,24.0,-9.298599,-3.9293823,-0.0015915045672950494,0.0
B38,2020-03-24,-76.9833,-155.0005,24.0,-9.298599,-3.9293823,-0.0018519325873895018,0.0
B38,2020-03-25,-76.9833,-155.0068,24.0,-9.298599,-3.9293823,-0.0018229961407187371,0.0
B38,2020-03-26,-76.9833,-155.0125,24.0,-9.298599,-3.9293823,-0.0016493774606448034,0.0
B38,2020-03-27,-76.9833,-155.0167,24.0,-9.298599,-3.9293823,-0.0012153307604764168,0.0
B38,2020-03-28,-76.9833,-155.0199,24.0,-9.298599,-3.9293823,-0.0009259662937029752,0.0
B38,2020-03-29,-76.9833,-155.0232,24.0,-9.298599,-3.9293823,-0.00095490274037374,0.0
B38,2020-03-30,-76.9833,-155.0263,24.0,-9.298599,-3.9293823,-0.0008970298470157619,0.0
B38,2020-03-31,-76.9833,-155.0291,24.0,-9.298599,-3.9293823,-0.0008102205069870194,0.0
B38,2020-04-01,-76.9833,-155.0313,24.0,-9.298599,-3.9293823,-0.0006366018269130853,0.0
B38,2020-04-02,-76.9833,-155.0328,24.0,-9.298599,-3.9293823,-0.0004340467001766107,0.0
B38,2020-04-03,-76.9833,-155.0333,24.0,-9.298599,-3.9293823,-0.00014468223338672076,0.0
B38,2020-04-04,-76.9833,-155.0333,24.0,-9.298599,-3.9293823,0.0,0.0
B38,2020-04-05,-76.9833,-155.0333,24.0,-9.298599,-3.9293823,0.0,0.0
B38,2020-04-06,-76.9833,-155.0333,24.0,-9.298599,-3.9293823,0.0,0.0
B38,2020-04-07,-76.9833,-155.0333,24.0,-9.298599,-3.9293823,0.0,0.0
B38,2020-04-08,-76.9833,-155.0333,24.0,-9.298599,-3.9293823,0.0,0.0
B38,2020-04-09,-76.9833,-155.0333,24.0,-9.298599,-3.9293823,0.0,0.0
B38,2020-04-10,-76.9833,-155.0333,24.0,-9.298599,-3.9293823,0.0,0.0
B38,2020-04-11,-76.9842,-155.0333,24.0,-9.298599,-3.9293823,0.0,-0.0011562500000018695
B38,2020-04-12,-76.9866,-155.0333,24.0,-9.298599,-3.9293823,0.0,-0.0030833333333261472
B38,2020-04-13,-76.9899,-155.0333,24.0,-9.298599,-3.9293823,0.0,-0.004239583333346274
B38,2020-04-14,-76.9934,-155.0333,24.0,-9.298599,-3.9293823,0.0,-0.004496527777762734
B38,2020-04-15,-76.9967,-155.0333,24.0,-9.298599,-3.9293823,0.0,-0.004239583333346274
B38,2020-04-16,-76.9991,-155.0333,24.0,-9.298599,-3.9293823,0.0,-0.0030833333333261472
B38,2020-04-17,-77.0,-155.0333,24.0,-9.298599,-3.9293823,0.0,-0.0011562500000018695
B38,2020-04-18,-77.0,-155.0312,24.0,-9.298599,-3.9293823,0.0006068991986940576,0.0
B38,2020-04-19,-77.0,-155.0257,24.0,-9.298599,-3.9293823,0.0015894979013568334,0.0
B38,2020-04-20,-77.0,-155.0178,24.0,-9.298599,-3.9293823,0.0022830969855821342,0.0
B38,2020-04-21,-77.0,-155.0086,24.0,-9.298599,-3.9293823,0.002658796489534425,0.0
B38,2020-04-22,-77.0,-154.999,24.0,-9.298599,-3.9293823,0.002774396336909415,0.0
B38,2020-04-23,-77.0,-154.9903,24.0,-9.298599,-3.9293823,0.0025142966803239006,0.0
B38,2020-04-24,-77.0,-154.9833,24.0,-9.298599,-3.9293823,0.002022997328988406,0.0
B38,2020-04-25,-77.0,-154.9773,24.0,-9.298599,-3.9293823,0.001733997710567358,0.0
B38,2020-04-26,-77.0,-154.9709,24.0,-9.298599,-3.9293823,0.001849597557942348,0.0
B38,2020-04-27,-77.0,-154.9646,24.0,-9.298599,-3.9293823,0.0018206975960986004,0.0
B38,2020-04-28,-77.0,-154.9589,24.0,-9.298599,-3.9293823,0.0016472978250361152,0.0
B38,2020-04-29,-77.0,-154.9543,24.0,-9.298599,-3.9293823,0.0013293982447713194,0.0
B38,2020-04-30,-77.0,-154.9511,24.0,-9.298599,-3.9293823,0.0009247987789670672,0.0
B38,2020-05-01,-77.0,-154.95,24.0,-9.298599,-3.9293823,0.0003178995802730095,0.0
B38,2020-05-02,-77.0,-154.9511,24.0,-9.298599,-3.9293823,-0.0003178995802730095,0.0
B38,2020-05-03,-77.0,-154.9543,24.0,-9.298599,-3.9293823,-0.0009247987789670672,0.0
B38,2020-05-04,-77.0,-154.9589,24.0,-9.298599,-3.9293823,-0.0013293982447713194,0.0
B38,2020-05-05,-77.0,-154.9646,24.0,-9.298599,-3.9293823,-0.0016472978250361152,0.0
B38,2020-05-06,-77.0,-154.9709,24.0,-9.298599,-3.9293823,-0.0018206975960986004,0.0
B38,2020-05-07,-77.0,-154.9773,24.0,-9.298599,-3.9293823,-0.001849597557942348,0.0
B38,2020-05-08,-77.0,-154.9833,24.0,-9.298599,-3.9293823,-0.001733997710567358,0.0
B38,2020-05-09,-76.9991,-154.9903,24.0,-9.298599,-3.9293823,-0.002023134970774221,0.0011562500000018695
B38,2020-05-10,-76.9967,-154.999,24.0,-9.298599,-3.9293823,-0.0025149239305716897,0.0030833333333261472
B38,2020-05-11,-76.9934,-155.0086,24.0,-9.298599,-3.9293823,-0.0027757806041125775,0.004239583333346274
B38,2020-05-12,-76.9899,-155.0178,24.0,-9.298599,-3.9293823,-0.002660826558996557,0.004496527777762734
B38,2020-05-13,-76.9866,-155.0257,24.0,-9.298599,-3.9293823,-0.0022854097462751744,0.004239583333346274
B38,2020-05-14,-76.9842,-155.0312,24.0,-9.298599,-3.9293823,-0.0015913964270671342,0.0030833333333261472
B38,2020-05-15,-76.9833,-155.0333,24.0,-9.298599,-3.9293823,-0.0006076653802340962,0.0011562500000018695
B38,2020-05-16,-76.9842,-155.0324,24.0,-9.298599,-3.9293823,0.0002604103244290179,-0.0011562500000018695
B38,2020-05-17,-76.9866,-155.03,24.0,-9.298599,-3.9293823,0.0006943016950687533,-0.0030833333333261472
B38,2020-05-18,-76.9899,-155.0268,24.0,-9.298599,-3.9293823,0.0009255048900843295,-0.004239583333346274
B38,2020-05-19,-76.9934,-155.0232,24.0,-9.298599,-3.9293823,0.0010409177265432437,-0.004496527777762734
B38,2020-05-20,-76.9967,-155.02,24.0,-9.298599,-3.9293823,0.0009250294917018852,-0.004239583333346274
B38,2020-05-21,-76.9991,-155.0176,24.0,-9.298599,-3.9293823,0.0006936462757029372,-0.0030833333333261472
B38,2020-05-22,-77.0,-155.0167,24.0,-9.298599,-3.9293823,0.0002600996565855144,-0.0011562500000018695
B38,2020-05-23,-77.0,-155.0167,24.0,-9.298599,-3.9293823,0.0,0.0
B38,2020-05-24,-77.0,-155.0167,24.0,-9.298599,-3.9293823,0.0,0.0
B38,2020-05-25,-77.0,-155.0167,24.0,-9.298599,-3.9293823,0.0,0.0
B38,2020-05-26,-77.0,-155.0167,24.0,-9.298599,-3.9293823,0.0,0.0
B38,2020-05-27,-77.0,-155.0167,24.0,-9.298599,-3.9293823,0.0,0.0
B38,2020-05-28,-77.0,-155.0167,24.0,-9.298599,-3.9293823,0.0,0.0
B38,2020-05-29,-77.0,-155.0167,24.0,-9.298599,-3.9293823,0.0,0.0
B38,2020-05-30,-77.0,-155.0167,24.0,-9.298599,-3.9293823,0.0,0.0
B38,2020-05-31,-77.0,-155.0167,24.0,-9.298599,-3.9293823,0.0,0.0
B38,2020-06-01,-77.0,-155.0167,24.0,-9.298599,-3.9293823,0.0,0.0
B38,2020-06-02,-77.0,-155.0167,24.0,-7.955124,-3.2004395,0.0,0.0
B38,2020-06-03,-77.0,-155.0167,24.0,-7.8350525,-5.2192383,0.0,0.0
B38,2020-06-04,-77.0,-155.0167,24.0,-6.481018,-6.443695,0.0,0.0
B38,2020-06-05,-77.0,-155.0167,24.0,-6.737335,-8.539124,0.0,0.0
B38,2020-06-06,-77.0,-155.0167,24.0,-5.289032,-3.2292633,0.0,0.0
B38,2020-06-07,-77.0,-155.0167,24.0,-1.0438843,-6.5892334,0.0,0.0
B38,2020-06-08,-77.0,-155.0167,24.0,-1.3596039,-5.553116,0.0,0.0
B38,2020-06-09,-77.0,-155.0167,24.0,0.59562683,-0.86183167,0.0,0.0
B38,2020-06-10,-77.0,-155.0167,24.0,-3.646286,-7.0653687,0.0,0.0
B38,2020-06-11,-77.0,-155.0167,24.0,-0.5414734,-3.6396027,0.0,0.0
B38,2020-06-12,-77.0,-155.0167,24.0,-4.4858856,1.9117584,0.0,0.0
B38,2020-06-13,-77.0,-155.0167,24.0,-5.308975,-3.4534912,0.0,0.0
B38,2020-06-14,-77.0,-155.0167,24.0,-3.236786,-4.0611725,0.0,0.0
B38,2020-06-15,-77.0,-155.0167,24.0,-6.7257233,-7.7651978,0.0,0.0
B38,2020-06-16,-77.0,-155.0167,24.0,-3.8315582,-8.131668,0.0,0.0
B38,2020-06-17,-77.0,-155.0167,24.0,-6.1670685,-9.029861,0.0,0.0
B38,2020-06-18,-77.0,-155.0167,24.0,-6.027466,-2.0492096,0.0,0.0
B38,2020-06-19,-77.0,-155.0167,24.0,-4.9786987,-0.07885742,0.0,0.0
B38,2020-06-20,-77.0,-155.0167,24.0,-5.364044,2.0833893,0.0,0.0
B38,2020-06-21,-77.0,-155.0167,24.0,-7.815094,-0.14320374,0.0,0.0
B38,2020-06-22,-77.0,-155.0167,24.0,-6.038925,-4.7047577,0.0,0.0
B38,2020-06-23,-77.0,-155.0167,24.0,-7.227417,-1.5546112,0.0,0.0
B38,2020-06-24,-77.0,-155.0167,24.0,-7.556885,-2.1038055,0.0,0.0
B38,2020-06-25,-77.0,-155.0167,24.0,0.8067932,-7.239792,0.0,0.0
B38,2020-06-26,-77.0,-155.0167,24.0,-5.916336,-6.2786865,0.0,0.0
B38,2020-06-27,-77.0,-155.0167,24.0,-6.5723267,-2.4041748,0.0,0.0
B38,2020-06-28,-77.0,-155.0167,24.0,-4.410431,-2.406784,0.0,0.0
B38,2020-06-29,-77.0,-155.0167,24.0,-5.48349,-0.34358215,0.0,0.0
B38,2020-06-30,-77.0,-155.0167,24.0,-3.7312012,-2.4368744,0.0,0.0
B38,2020-07-01,-77.0,-155.0167,24.0,-2.8196259,0.120269775,0.0,0.0
B38,2020-07-02,-77.0,-155.0167,24.0,-3.7008362,-4.9273376,0.0,0.0
B38,2020-07-03,-77.0,-155.0167,24.0,-5.6383057,-2.6983643,0.0,0.0
B38,2020-07-04,-77.0,-155.0167,24.0,-3.2184296,-2.3340302,0.0,0.0
B38,2020-07-05,-77.0,-155.0167,24.0,-4.3742523,1.3354034,0.0,0.0
B38,2020-07-06,-77.0,-155.0167,24.0,-3.1986237,-3.3873444,0.0,0.0
B38,2020-07-07,-77.0,-155.0167,24.0,-3.2391968,-4.1555786,0.0,0.0
B38,2020-07-08,-77.0,-155.0167,24.0,-2.647705,-5.5897827,0.0,0.0
B38,2020-07-09,-77.0,-155.0167,24.0,-0.788147,-6.0477753,0.0,0.0
B38,2020-07-10,-77.0,-155.0167,24.0,-6.1416016,-0.8017731,0.0,0.0
B38,2020-07-11,-77.0,-155.0167,24.0,-10.319138,-4.9747314,0.0,0.0
B38,2020-07-12,-77.0,-155.0167,24.0,-9.6874695,-5.640518,0.0,0.0
B38,2020-07-13,-77.0,-155.0167,24.0,-5.575287,-6.849869,0.0,0.0
B38,2020-07-14,-77.0,-155.0167,24.0,-5.8252106,-5.956955,0.0,0.0
B38,2020-07-15,-77.0,-155.0167,24.0,-4.001602,-3.3116302,0.0,0.0
B38,2020-07-16,-77.0,-155.0167,24.0,-1.9813385,-4.7450867,0.0,0.0
B38,2020-07-17,-77.0,-155.0167,24.0,-4.3066254,-1.9862671,0.0,0.0
B38,2020-07-18,-77.0,-155.0167,24.0,-3.9637299,-2.1949158,0.0,0.0
B38,2020-07-19,-77.0,-155.0167,24.0,-4.752304,-2.496521,0.0,0.0
B38,2020-07-20,-77.0,-155.0167,24.0,-3.505188,-4.4536285,0.0,0.0
B38,2020-07-21,-77.0,-155.0167,24.0,-4.088562,-3.9283752,0.0,0.0
B38,2020-07-22,-77.0,-155.0167,24.0,-5.2250214,-4.8118744,0.0,0.0
B38,2020-07-23,-77.0,-155.0167,24.0,-11.254303,-7.4472504,0.0,0.0
B38,2020-07-24,-77.0,-155.0167,24.0,-7.6793213,-8.004883,0.0,0.0
B38,2020-07-25,-77.0,-155.0167,24.0,-8.274033,-4.717041,0.0,0.0
B38,2020-07-26,-77.0,-155.0167,24.0,-7.3880005,-3.497116,0.0,0.0
B38,2020-07-27,-77.0,-155.0167,24.0,-3.9678802,-2.477707,0.0,0.0
B38,2020-07-28,-77.0,-155.0167,24.0,-4.4894257,-2.5374603,0.0,0.0
B38,2020-07-29,-77.0,-155.0167,24.0,-1.9507446,-4.581711,0.0,0.0
B38,2020-07-30,-77.0,-155.0167,24.0,-2.6085968,-1.4960938,0.0,0.0
B38,2020-07-31,-77.0,-155.0167,24.0,-5.1460266,-0.7939911,0.0,0.0
B38,2020-08-01,-77.0,-155.0167,24.0,-7.3353577,-2.193039,0.0,0.0
B38,2020-08-02,-77.0,-155.0167,24.0,-6.697281,-5.15744,0.0,0.0
B38,2020-08-03,-77.0,-155.0167,24.0,-6.013962,-3.909668,0.0,0.0
B38,2020-08-04,-77.0,-155.0167,24.0,-5.134598,-1.3826141,0.0,0.0
B38,2020-08-05,-77.0,-155.0167,24.0,-5.9927673,-4.9177856,0.0,0.0
B38,2020-08-06,-77.0,-155.0167,24.0,-6.841614,-0.89904785,0.0,0.0
B38,2020-08-07,-77.0,-155.0167,24.0,-4.952896,-1.0522766,0.0,0.0
B38,2020-08-08,-77.0,-155.0167,24.0,-3.711792,-2.50177,0.0,0.0
B38,2020-08-09,-77.0,-155.0167,24.0,-2.5733643,-11.787506,0.0,0.0
B38,2020-08-10,-77.0,-155.0167,24.0,-4.916504,-11.162109,0.0,0.0
B38,2020-08-11,-77.0,-155.0167,24.0,-6.051361,-4.790863,0.0,0.0
B38,2020-08-12,-77.0,-155.0167,24.0,-5.490906,-2.5824738,0.0,0.0
B38,2020-08-13,-77.0,-155.0167,24.0,-3.159256,-3.126175,0.0,0.0
B38,2020-08-14,-77.0,-155.0167,24.0,-4.7867126,-3.7276611,0.0,0.0
B38,2020-08-15,-77.0,-155.0167,24.0,-5.45076,-1.9189758,0.0,0.0
B38,2020-08-16,-77.0,-155.0167,24.0,-2.8610077,-3.88797,0.0,0.0
B38,2020-08-17,-77.0,-155.0167,24.0,-2.4352112,2.6101532,0.0,0.0
B38,2020-08-18,-77.0,-155.0167,24.0,-4.9280853,2.1161194,0.0,0.0
B38,2020-08-19,-77.0,-155.0167,24.0,-4.665558,0.40437317,0.0,0.0
B38,2020-08-20,-77.0,-155.0167,24.0,-5.2385254,-3.1773376,0.0,0.0
B38,2020-08-21,-77.0,-155.0167,24.0,-2.2370605,1.4590912,0.0,0.0
B38,2020-08-22,-77.0,-155.0167,24.0,-3.1980438,-1.9101105,0.0,0.0
B38,2020-08-23,-77.0,-155.0167,24.0,-6.307831,-0.6520691,0.0,0.0
B38,2020-08-24,-77.0,-155.0167,24.0,-4.6629944,-6.4637604,0.0,0.0
B38,2020-08-25,-77.0,-155.0167,24.0,-6.792755,-7.035019,0.0,0.0
B38,2020-08-26,-77.0,-155.0167,24.0,-5.611252,-5.1076965,0.0,0.0
B38,2020-08-27,-77.0,-155.0167,24.0,-4.743973,-2.2956696,0.0,0.0
B38,2020-08-28,-77.0,-155.0167,24.0,-6.445862,-0.3442688,0.0,0.0
B38,2020-08-29,-77.0,-155.0167,24.0,-4.429016,0.6045227,0.0,0.0
B38,2020-08-30,-77.0,-155.0167,24.0,-6.51915,-0.51405334,0.0,0.0
B38,2020-08-31,-77.0,-155.0167,24.0,-5.2653046,-2.4173126,0.0,0.0
B38,2020-09-01,-77.0,-155.0167,24.0,-2.23555,-5.734314,0.0,0.0
B38,2020-09-02,-77.0,-155.0167,24.0,-2.23555,-5.734314,0.0,0.0
B38,2020-09-03,-77.0,-155.0167,24.0,-2.23555,-5.734314,0.0,0.0
B38,2020-09-04,-77.0,-155.0167,24.0,-2.23555,-5.734314,0.0,0.0
B38,2020-09-05,-77.0,-155.0167,24.0,-2.23555,-5.734314,0.0,0.0
B38,2020-09-06,-77.0,-155.0167,24.0,-2.23555,-5.734314,0.0,0.0
B38,2020-09-07,-77.0,-155.0167,24.0,-2.23555,-5.734314,0.0,0.0
B38,2020-09-08,-77.0,-155.0167,24.0,-2.23555,-5.734314,0.0,0.0
B38,2020-09-09,-77.0,-155.0167,24.0,-2.23555,-5.734314,0.0,0.0
B38,2020-09-10,-77.0,-155.0167,24.0,-2.23555,-5.734314,0.0,0.0
B38,2020-09-11,-77.0,-155.0167,24.0,-2.23555,-5.734314,0.0,0.0
B38,2020-09-12,-77.0,-155.0167,24.0,-2.23555,-5.734314,0.0,0.0
B38,2020-09-13,-77.0,-155.0167,24.0,-2.23555,-5.734314,0.0,0.0
B38,2020-09-14,-77.0,-155.0167,24.0,-2.23555,-5.734314,0.0,0.0
B38,2020-09-15,-77.0,-155.0167,24.0,-2.23555,-5.734314,0.0,0.0
B38,2020-09-16,-77.0,-155.0167,24.0,-2.23555,-5.734314,0.0,0.0
B38,2020-09-17,-77.0,-155.0167,24.0,-2.23555,-5.734314,0.0,0.0
B38,2020-09-18,-77.0,-155.0167,24.0,-2.23555,-5.734314,0.0,0.0
B38,2020-09-19,-77.0,-155.0167,24.0,-2.23555,-5.734314,0.0,0.0
B38,2020-09-20,-77.0,-155.0167,24.0,-2.23555,-5.734314,0.0,0.0
B38,2020-09-21,-77.0,-155.0167,24.0,-2.23555,-5.734314,0.0,0.0
B38,2020-09-22,-77.0,-155.0167,24.0,-2.23555,-5.734314,0.0,0.0
B38,2020-09-23,-77.0,-155.0167,24.0,-2.23555,-5.734314,0.0,0.0
B38,2020-09-24,-77.0,-155.0167,24.0,-2.23555,-5.734314,0.0,0.0
B38,2020-09-25,-77.0,-155.0167,24.0,-2.23555,-5.734314,0.0,0.0
B38,2020-10-10,-77.0,-155.0167,24.0,-2.23555,-5.734314,0.0,0.0
B38,2020-10-11,-77.0,-155.0167,24.0,-2.23555,-5.734314,0.0,0.0
B38,2020-10-12,-77.0,-155.0167,24.0,-2.23555,-5.734314,0.0,0.0
B38,2020-10-13,-77.0,-155.0167,24.0,-2.23555,-5.734314,0.0,0.0
B38,2020-10-14,-77.0,-155.0167,24.0,-2.23555,-5.734314,0.0,0.0
B38,2020-10-15,-77.0,-155.0167,24.0,-2.23555,-5.734314,0.0,0.0
B38,2020-10-16,-77.0,-155.0167,24.0,-2.23555,-5.734314,0.0,0.0
B38,2020-10-17,-77.0,-155.0167,24.0,-2.23555,-5.734314,0.0,0.0
B38,2020-10-18,-77.0,-155.0167,24.0,-2.23555,-5.734314,0.0,0.0
B38,2020-10-19,-77.0,-155.0167,24.0,-2.23555,-5.734314,0.0,0.0
B38,2020-10-20,-77.0,-155.0167,24.0,-2.23555,-5.734314,0.0,0.0
B38,2020-10-21,-77.0,-155.0167,24.0,-2.23555,-5.734314,0.0,0.0
B38,2020-10-22,-77.0,-155.0167,24.0,-2.23555,-5.734314,0.0,0.0
B38,2020-10-23,-77.0,-155.0167,24.0,-2.23555,-5.734314,0.0,0.0
B38,2020-10-24,-77.0,-155.0167,24.0,-2.23555,-5.734314,0.0,0.0
B38,2020-10-25,-77.0,-155.0167,24.0,-2.23555,-5.734314,0.0,0.0
B38,2020-10-26,-77.0,-155.0167,24.0,-2.23555,-5.734314,0.0,0.0
B38,2020-10-27,-77.0,-155.0167,24.0,-2.23555,-5.734314,0.0,0.0
B38,2020-10-28,-77.0,-155.0167,24.0,-2.23555,-5.734314,0.0,0.0
B38,2020-10-29,-77.0,-155.0167,24.0,-2.23555,-5.734314,0.0,0.0
B38,2020-10-30,-77.0,-155.0167,24.0,-2.23555,-5.734314,0.0,0.0
B38,2020-10-31,-77.0,-155.0167,24.0,-2.23555,-5.734314,0.0,0.0
B38,2020-11-01,-77.0,-155.0167,24.0,-2.23555,-5.734314,0.0,0.0
B38,2020-11-02,-77.0,-155.0167,24.0,-2.23555,-5.734314,0.0,0.0
B38,2020-11-03,-77.0,-155.0167,24.0,-2.23555,-5.734314,0.0,0.0
B38,2020-11-04,-77.0,-155.0167,24.0,-2.23555,-5.734314,0.0,0.0
B38,2020-11-05,-77.0,-155.0167,24.0,-2.23555,-5.734314,0.0,0.0
B38,2020-11-06,-77.0,-155.0167,24.0,-2.23555,-5.734314,0.0,0.0
B39,2020-01-01,-66.7531,80.6391,24.0,0.21116638,-1.5846558,0.0906138268568649,0.007322916666654165
B39,2020-01-02,-66.7508,80.7195,24.0,0.21116638,-1.5846558,0.04077242572588839,0.0029548611111179174
B39,2020-01-03,-66.75,80.75,24.0,0.21116638,-1.5846558,0.015467654233670042,0.0010277777777753824
B39,2020-01-04,-66.7513,80.7343,24.0,0.21116638,-1.5846558,-0.007961617925692598,-0.0016701388888895607
B39,2020-01-05,-66.755,80.6938,24.0,0.21116638,-1.5846558,-0.02053484435142605,-0.004753472222215708
B39,2020-01-06,-66.7608,80.6385,24.0,0.21116638,-1.5846558,-0.028032327434222244,-0.007451388888898908
B39,2020-01-07,-66.7685,80.5782,24.0,0.51878357,-1.3512573,-0.030557329284205636,-0.009892361111110878
B39,2020-01-08,-66.7778,80.5229,24.0,0.51878357,-1.3512573,-0.02801295695748561,-0.011947916666661642
B39,2020-01-09,-66.7884,80.4824,24.0,0.51878357,-1.3512573,-0.0205069718754262,-0.013618055555551201
B39,2020-01-10,-66.8,80.4667,24.0,0.51878357,-1.3512573,-0.007945863030601262,-0.01490277777777956
B39,2020-01-11,-66.8189,80.5036,24.0,0.51878357,-1.3512573,0.018660934410277517,-0.02428125000000274
B39,2020-01-12,-66.8496,80.5989,24.0,0.51878357,-1.3512573,0.04813445831903504,-0.03944097222221702
B39,2020-01-13,-66.8888,80.7291,24.0,-0.20680237,-3.2594604,0.0656566311248284,-0.05036111111112154
B39,2020-01-14,-66.9333,80.8709,24.0,-0.20680237,-3.2594604,0.07137606807785543,-0.057170138888888014
B39,2020-01-15,-66.9799,81.0011,24.0,-1.5271149,-3.5114136,0.06541193311394633,-0.05986805555555296
B39,2020-01-16,-67.0254,81.0964,24.0,-1.5271149,-3.5114136,0.0477888191987401,-0.05845486111111638
B39,2020-01-17,-67.0667,81.1333,24.0,-2.8493805,-3.7643433,0.01847228488271278,-0.05305902777776822
B39,2020-01-18,-67.1049,81.0786,24.0,-1.5271149,-3.5114136,-0.02733987900373949,-0.04907638888889318
B39,2020-01-19,-67.1434,80.9344,24.0,-3.9626617,-3.9371948,-0.07195862605521128,-0.049461805555554385
B39,2020-01-20,-67.1819,80.7306,24.0,-2.6599274,-3.8932495,-0.1015380508667119,-0.049461805555554385
B39,2020-01-21,-67.2202,80.497,24.0,-1.0984039,-3.8356323,-0.11620018722893806,-0.04920486111111967
B39,2020-01-22,-67.2584,80.2636,24.0,0.41429138,-3.7662964,-0.11591635109619335,-0.04907638888887493
B39,2020-01-23,-67.2961,80.0602,24.0,0.8986664,-3.4743042,-0.10085848161563381,-0.048434027777779005
B39,2020-01-24,-67.3333,79.9167,24.0,0.8986664,-3.4743042,-0.07104586697716639,-0.047791666666664824
B39,2020-01-25,-67.3678,79.8259,24.0,1.3478851,-3.2418823,-0.044889633974366405,-0.044322916666677474
B39,2020-01-26,-67.399,79.7552,24.0,0.12425232,-4.60614,-0.034906954324342314,-0.0400833333333312
B39,2020-01-27,-67.4291,79.6957,24.0,0.12425232,-4.60614,-0.0293400618908252,-0.03867013888889462
B39,2020-01-28,-67.4604,79.6391,24.0,0.12425232,-4.60614,-0.027873357026561303,-0.040211805555557686
B39,2020-01-29,-67.4951,79.5767,24.0,0.9221039,-4.4518433,-0.030684789115582867,-0.04457986111109394
B39,2020-01-30,-67.5353,79.4999,24.0,0.9221039,-4.4518433,-0.03770193010394379,-0.0516458333333499
B39,2020-01-31,-67.5833,79.4,24.0,0.9221039,-4.4518433,-0.04894258477917458,-0.06166666666665075
B39,2020-02-01,-67.6607,79.2182,24.0,-1.1462555,-5.447937,-0.08877493058762702,-0.09943750000001471
B39,2020-02-02,-67.7758,78.9332,24.0,-0.9997711,-5.2789917,-0.13848800227832997,-0.14787152777777546
B39,2020-02-03,-67.9104,78.5928,24.0,-0.74586487,-6.255554,-0.16445663546084502,-0.17292361111110063
B39,2020-02-04,-68.0465,78.2447,24.0,-0.66871643,-6.0983276,-0.1671919169949872,-0.17485069444444318
B39,2020-02-05,-68.166,77.9369,24.0,-0.5837555,-6.336609,-0.14707061861230852,-0.15352430555555832
B39,2020-02-06,-68.251,77.7172,24.0,-0.02027893,-6.068054,-0.10458654782868189,-0.10920138888889912
B39,2020-02-07,-68.2833,77.6333,24.0,-0.02027893,-6.068054,-0.0398835242546799,-0.04149652777776779
B39,2020-02-08,-68.2833,77.6361,24.0,-0.02027893,-6.068054,0.0013310353744081483,0.0
B39,2020-02-09,-68.2833,77.6432,24.0,-0.02027893,-6.068054,0.0033751254136828715,0.0
B39,2020-02-10,-68.2833,77.653,24.0,-0.02027893,-6.068054,0.004658623810445408,0.0
B39,2020-02-11,-68.2833,77.6636,24.0,-0.02027893,-6.068054,0.005038919631698123,0.0
B39,2020-02-12,-68.2833,77.6734,24.0,-0.02027893,-6.068054,0.004658623810438652,0.0
B39,2020-02-13,-68.2833,77.6805,24.0,-0.02027893,-6.068054,0.0033751254136828715,0.0
B39,2020-02-14,-68.2833,77.6833,24.0,-0.02027893,-6.068054,0.0013310353744149038,0.0
B39,2020-02-15,-68.2888,77.6715,24.0,-0.02027893,-6.068054,-0.00560801139410146,-0.007065972222219447
B39,2020-02-16,-68.3031,77.6391,24.0,-0.02027893,-6.068054,-0.01538861622236868,-0.018371527777785168
B39,2020-02-17,-68.3227,77.591,24.0,-0.29371643,-5.664734,-0.02282580284570722,-0.025180555555551643
B39,2020-02-18,-68.3439,77.5316,24.0,-0.29371643,-5.664734,-0.0281619641961397,-0.02723611111112066
B39,2020-02-19,-68.3635,77.4658,24.0,-0.29371643,-5.664734,-0.03116937121617374,-0.025180555555551643
B39,2020-02-20,-68.3778,77.3981,24.0,-0.57496643,-5.8014526,-0.03204921955588586,-0.018371527777766912
B39,2020-02-21,-68.3833,77.3333,24.0,-0.70680237,-5.385437,-0.030668928620282997,-0.007065972222237704
B39,2020-02-22,-68.3833,77.2656,24.0,-0.70680237,-5.385437,-0.032041457833219406,0.0
B39,2020-02-23,-68.3833,77.1883,24.0,-0.70680237,-5.385437,-0.036585002814011294,0.0
B39,2020-02-24,-68.3833,77.1045,24.0,-0.8825836,-4.9713745,-0.03966136139474381,0.0
B39,2020-02-25,-68.3833,77.0173,24.0,-0.8825836,-4.9713745,-0.041270533575437154,0.0
B39,2020-02-26,-68.3833,76.9298,24.0,-0.8825836,-4.9713745,-0.04141251935609132,0.0
B39,2020-02-27,-68.3833,76.8453,24.0,-1.2907867,-4.568054,-0.03999266154959679,0.0
B39,2020-02-28,-68.3833,76.7667,24.0,-1.2907867,-4.568054,-0.037200274530152413,0.0
B39,2020-02-29,-68.3916,76.6935,24.0,-1.2907867,-4.568054,-0.03463186514409097,-0.010663194444433286
B39,2020-03-01,-68.413,76.6225,24.0,-1.6999664,-4.164734,-0.0335593397279395,-0.027493055555555382
B39,2020-03-02,-68.4423,76.5533,24.0,-1.6999664,-4.164734,-0.0326662608493704,-0.03764236111111923
B39,2020-03-03,-68.4743,76.4853,24.0,-1.6999664,-4.164734,-0.032054410318260965,-0.04111111111110659
B39,2020-03-04,-68.5036,76.4179,24.0,-1.6999664,-4.164734,-0.031730380909799655,-0.03764236111111923
B39,2020-03-05,-68.525,76.3508,24.0,-1.9109039,-3.7614136,-0.03155918764520743,-0.027493055555555382
B39,2020-03-06,-68.5333,76.2833,24.0,-1.9109039,-3.7614136,-0.03173562940447977,-0.010663194444433286
B39,2020-03-07,-68.5289,76.2156,24.0,-1.9109039,-3.7614136,-0.03183587672195182,0.00565277777778286
B39,2020-03-08,-68.5174,76.1483,24.0,-1.9109039,-3.7614136,-0.0316639260389989,0.014774305555553072
B39,2020-03-09,-68.5009,76.0813,24.0,-2.2849274,-3.612976,-0.0315458441124776,0.02119791666665834
B39,2020-03-10,-68.482,76.0146,24.0,-2.2849274,-3.612976,-0.03143089229957801,0.02428125000000274
B39,2020-03-11,-68.4628,75.9483,24.0,-2.2849274,-3.612976,-0.03126895316416748,0.02466666666666395
B39,2020-03-12,-68.4458,75.8823,24.0,-2.2849274,-3.612976,-0.031150864951989012,0.021840277777772518
B39,2020-03-13,-68.4333,75.8167,24.0,-2.6530914,-3.4537964,-0.03097917188921694,0.01605902777778143
B39,2020-03-14,-68.425,75.7476,24.0,-2.6530914,-3.4537964,-0.03264398342939381,0.010663194444451542
B39,2020-03-15,-68.4187,75.6738,24.0,-2.6530914,-3.4537964,-0.03487403575147087,0.008093749999994829
B39,2020-03-16,-68.4134,75.5991,24.0,-2.9304352,-3.2184448,-0.0353075837317027,0.00680902777778473
B39,2020-03-17,-68.4081,75.5272,24.0,-2.9304352,-3.2184448,-0.033992085316153935,0.006809027777766473
B39,2020-03-18,-68.4019,75.462,24.0,-2.9304352,-3.2184448,-0.03083296145660826,0.007965277777786599
B39,2020-03-19,-68.394,75.4072,24.0,-2.9304352,-3.2184448,-0.025923845769546632,0.010149305555545595
B39,2020-03-20,-68.3833,75.3667,24.0,-3.1677399,-3.079773,-0.019168080387679396,0.013746527777777691
B39,2020-03-21,-68.3567,75.3374,24.0,-3.0476227,-3.5690308,-0.013883523082106351,0.03417361111111362
B39,2020-03-22,-68.3079,75.3129,24.0,-3.0476227,-3.5690308,-0.011634003500187307,0.06269444444444439
B39,2020-03-23,-68.2466,75.2919,24.0,-3.0476227,-3.5690308,-0.009998817850330802,0.07875347222222581
B39,2020-03-24,-68.1822,75.2731,24.0,-3.0476227,-3.5690308,-0.008976531275421171,0.08273611111111911
B39,2020-03-25,-68.1244,75.2552,24.0,-2.6648102,-4.1012573,-0.008568336538051191,0.07425694444444482
B39,2020-03-26,-68.0827,75.2368,24.0,-2.6648102,-4.1012573,-0.008823638845693585,0.053572916666655916
B39,2020-03-27,-68.0667,75.2167,24.0,-2.6648102,-4.1012573,-0.009645555896753335,0.02055555555556242
B39,2020-03-28,-68.0676,75.1926,24.0,-2.6648102,-4.1012573,-0.011564618361839078,-0.0011562500000018695
B39,2020-03-29,-68.07,75.1651,24.0,-2.6648102,-4.1012573,-0.01319476848595323,-0.0030833333333261472
B39,2020-03-30,-68.0732,75.1367,24.0,-2.6648102,-4.1012573,-0.013624706933906107,-0.004111111111119787
B39,2020-03-31,-68.0768,75.11,24.0,-2.8181305,-3.925476,-0.012807144110063654,-0.004625000000007478
B39,2020-04-01,-68.08,75.0877,24.0,-2.8181305,-3.925476,-0.010695119121379259,-0.00411111111110153
B39,2020-04-02,-68.0824,75.0724,24.0,-2.8181305,-3.925476,-0.007337142999532415,-0.0030833333333444043
B39,2020-04-03,-68.0833,75.0667,24.0,-2.8181305,-3.925476,-0.0027333387168011827,-0.0011562499999836124
B39,2020-04-04,-68.0711,75.0833,24.0,-2.8181305,-3.925476,0.0079644622556811,0.01567361111110197
B39,2020-04-05,-68.0385,75.1262,24.0,-2.6648102,-4.1012573,0.020611944008130535,0.04188194444444725
B39,2020-04-06,-67.9916,75.1848,24.0,-2.6648102,-4.1012573,0.028212386646690832,0.06025347222221415
B39,2020-04-07,-67.9366,75.2486,24.0,-2.6648102,-4.1012573,0.030788808166396984,0.07065972222223098
B39,2020-04-08,-67.8794,75.3072,24.0,-2.6648102,-4.1012573,0.02834901631646535,0.07348611111110416
B39,2020-04-09,-67.8263,75.3501,24.0,-2.3249664,-4.5319214,0.02080111193898692,0.06821875000000076
B39,2020-04-10,-67.7833,75.3667,24.0,-2.3249664,-4.5319214,0.008063734429049152,0.05524305555556373
B39,2020-04-11,-67.7459,75.3648,24.0,-2.3249664,-4.5319214,-0.0009244324208667325,0.04804861111109955
B39,2020-04-12,-67.7071,75.3601,24.0,-2.3249664,-4.5319214,-0.002290537774856937,0.049847222222233846
B39,2020-04-13,-67.6689,75.3536,24.0,-2.3249664,-4.5319214,-0.003172915706953448,0.04907638888889318
B39,2020-04-14,-67.6336,75.3464,24.0,-2.3249664,-4.5319214,-0.003519885190884509,0.0453506944444346
B39,2020-04-15,-67.6034,75.3399,24.0,-1.7263336,-4.7077026,-0.003181744119417839,0.0387986111111211
B39,2020-04-16,-67.5804,75.3352,24.0,-1.7263336,-4.7077026,-0.0023028866120096115,0.029548611111106144
B39,2020-04-17,-67.5667,75.3333,24.0,-1.7263336,-4.7077026,-0.0009314936811532672,0.017600694444444502
B39,2020-04-18,-67.5598,75.3343,24.0,-1.7263336,-4.7077026,0.0004904028365587521,0.008864583333335495
B39,2020-04-19,-67.555,75.3371,24.0,-1.7263336,-4.7077026,0.0013734064782633018,0.0061666666666522945
B39,2020-04-20,-67.5516,75.3414,24.0,-1.7263336,-4.7077026,0.002109462930483523,0.004368055555572761
B39,2020-04-21,-67.5485,75.3469,24.0,-1.7263336,-4.7077026,0.002698503592186222,0.003982638888875043
B39,2020-04-22,-67.5451,75.3531,24.0,-1.7263336,-4.7077026,0.0030423863408161316,0.004368055555554504
B39,2020-04-23,-67.5403,75.3598,24.0,-1.7263336,-4.7077026,0.0032884065039575344,0.0061666666666705516
B39,2020-04-24,-67.5333,75.3667,24.0,-1.7263336,-4.7077026,0.003387568731805427,0.008993055555561982
B39,2020-04-25,-67.5142,75.3746,24.0,-1.7263336,-4.7077026,0.003881647067136323,0.024538194444437465
B39,2020-04-26,-67.4785,75.3845,24.0,-1.7146149,-4.798523,0.004871663923083371,0.04586458333334055
B39,2020-04-27,-67.4333,75.396,24.0,-1.7146149,-4.798523,0.0056697681893074945,0.05806944444443691
B39,2020-04-28,-67.3857,75.4086,24.0,-1.7146149,-4.798523,0.006224510212571666,0.06115277777778131
B39,2020-04-29,-67.3428,75.4221,24.0,-0.66773987,-5.104187,0.006681103838873231,0.05511458333333725
B39,2020-04-30,-67.3119,75.436,24.0,-0.66773987,-5.104187,0.006887948973200807,0.03969791666667
B39,2020-05-01,-67.3,75.45,24.0,-0.66773987,-5.104187,0.006940948955692258,0.015288194444440763
B39,2020-05-02,-67.3092,75.4667,24.0,-0.66773987,-5.104187,0.008276382277301193,-0.011819444444453412
B39,2020-05-03,-67.3341,75.4873,24.0,-0.66773987,-5.104187,0.010198577898442683,-0.031989583333336374
B39,2020-05-04,-67.3705,75.5095,24.0,-0.66773987,-5.104187,0.010973978351303268,-0.046763888888889445
B39,2020-05-05,-67.4144,75.531,24.0,-1.7146149,-4.798523,0.010608414625731505,-0.05639930555554735
B39,2020-05-06,-67.4617,75.5492,24.0,-1.7146149,-4.798523,0.008962320918693116,-0.06076736111110185
B39,2020-05-07,-67.5083,75.5619,24.0,-1.7146149,-4.798523,0.006241668533178445,-0.05986805555557121
B39,2020-05-08,-67.55,75.5667,24.0,-1.7146149,-4.798523,0.0023549084735564785,-0.053572916666655916
B39,2020-05-09,-67.5936,75.547,24.0,-1.7146149,-4.798523,-0.009647134413902393,-0.05601388888888614
B39,2020-05-10,-67.6449,75.4932,24.0,-2.2224274,-4.744812,-0.02628875773155409,-0.06590625000001528
B39,2020-05-11,-67.6987,75.413,24.0,-2.2224274,-4.744812,-0.03909932292271091,-0.06911805555554965
B39,2020-05-12,-67.7497,75.3141,24.0,-2.3249664,-4.5319214,-0.04811134093267709,-0.06552083333333582
B39,2020-05-13,-67.7926,75.2043,24.0,-2.3249664,-4.5319214,-0.05331603383178105,-0.05511458333331899
B39,2020-05-14,-67.8223,75.0915,24.0,-2.4118805,-4.284851,-0.054703201528812966,-0.03815625000000693
B39,2020-05-15,-67.8333,74.9833,24.0,-2.4118805,-4.284851,-0.05244768322666626,-0.014131944444438894
B39,2020-05-16,-67.8333,74.8716,24.0,-2.4470367,-3.9528198,-0.054144234902206635,0.0
B39,2020-05-17,-67.8333,74.7455,24.0,-2.4470367,-3.9528198,-0.061124333224422435,0.0
B39,2020-05-18,-67.8333,74.6088,24.0,-2.4987946,-3.4225464,-0.06626246115606059,0.0
B39,2020-05-19,-67.8333,74.4654,24.0,-2.4987946,-3.4225464,-0.06951014579209029,0.0
B39,2020-05-20,-67.8333,74.3192,24.0,-2.442154,-2.845398,-0.07086738713252536,0.0
B39,2020-05-21,-67.8333,74.1739,24.0,-2.442154,-2.845398,-0.07043113098737912,0.0
B39,2020-05-22,-67.8333,74.0333,24.0,-2.1062164,-2.1920776,-0.06815290445166212,0.0
B39,2020-05-23,-67.8026,73.8792,24.0,-2.1062164,-2.1920776,-0.07479497419846565,0.03944097222221702
B39,2020-05-24,-67.7229,73.702,24.0,-1.9577789,-1.6217651,-0.08630005855576041,0.10239236111111438
B39,2020-05-25,-67.6125,73.5188,24.0,0.6398773,-0.22625732,-0.0896416716236256,0.14183333333333142
B39,2020-05-26,-67.4899,73.3466,24.0,1.3566742,0.88409424,-0.0846967648773232,0.15750694444443336
B39,2020-05-27,-67.3736,73.2025,24.0,3.6066742,0.9319458,-0.0712227492364908,0.1494131944444568
B39,2020-05-28,-67.2819,73.1035,24.0,3.7756195,2.170227,-0.04911948907296853,0.11780902777778164
B39,2020-05-29,-67.2333,73.0667,24.0,3.7756195,2.170227,-0.018295542110144957,0.06243749999999142
B39,2020-05-30,-67.2148,73.087,24.0,3.7756195,2.170227,0.010100142061236526,0.023767361111115052
B39,2020-05-31,-67.2003,73.1394,24.0,3.6066742,0.9319458,0.026087009051342237,0.018628472222219885
B39,2020-06-01,-67.1888,73.211,24.0,3.6066742,0.9319458,0.035662627278193325,0.014774305555553072
B39,2020-06-02,-67.1791,73.289,24.0,5.8876495,-0.2854004,0.03886598568511631,0.012461805555549332
B39,2020-06-03,-67.1701,73.3606,24.0,-12.5381775,-9.563965,0.03569029938183955,0.011562500000000439
B39,2020-06-04,-67.1608,73.413,24.0,-2.4536743,-2.2591248,0.026129786948405575,0.0119479166666799
B39,2020-06-05,-67.15,73.4333,24.0,-5.976593,5.5770874,0.010127329480066517,0.01387499999998592
B39,2020-06-06,-67.1392,73.4188,24.0,-4.0331726,3.4113617,-0.00723704247004893,0.013875000000004176
B39,2020-06-07,-67.13,73.3789,24.0,5.645569,5.0250244,-0.01992192856980527,0.011819444444453412
B39,2020-06-08,-67.1211,73.3188,24.0,-11.046127,0.20567322,-0.030018767416613332,0.01143402777777395
B39,2020-06-09,-67.1115,73.2439,24.0,-4.978592,-6.3081207,-0.03742593004255216,0.012333333333322849
B39,2020-06-10,-67.1,73.1594,24.0,0.7072296,0.88287354,-0.04224291771226495,0.01477430555557133
B39,2020-06-11,-67.0854,73.0708,24.0,-2.9125671,3.4561005,-0.0443192916382113,0.018756944444428117
B39,2020-06-12,-67.0667,72.9833,24.0,-3.014206,2.225235,-0.043802843556567744,0.02402430555556803
B39,2020-06-13,-67.0133,72.8923,24.0,-0.37928772,5.555298,-0.04565528570056995,0.06860416666666197
B39,2020-06-14,-66.9096,72.7895,24.0,3.066925,8.202499,-0.05179539007554047,0.13322569444444887
B39,2020-06-15,-66.7769,72.675,24.0,7.8865814,4.2182007,-0.058003634683284344,0.17048263888888865
B39,2020-06-16,-66.6367,72.5488,24.0,3.7153168,8.409348,-0.06429503650814049,0.18011805555554655
B39,2020-06-17,-66.5101,72.4109,24.0,-1.6153107,5.551193,-0.07061501793185826,0.16264583333334678
B39,2020-06-18,-66.4186,72.2613,24.0,-3.0303955,8.629501,-0.07688768184514479,0.11755208333332866
B39,2020-06-19,-66.3833,72.1,24.0,5.519348,9.3029785,-0.08301795114002616,0.0453506944444346
B39,2020-06-20,-66.3917,71.9214,24.0,-4.346466,-4.2271576,-0.09189109945115764,-0.010791666666659773
B39,2020-06-21,-66.4141,71.7199,24.0,-14.38736,-1.5387115,-0.10358058470289563,-0.028777777777783738
B39,2020-06-22,-66.4468,71.4954,24.0,-2.644394,10.742508,-0.11525280318463613,-0.04201041666665548
B39,2020-06-23,-66.4856,71.2479,24.0,-8.328003,4.80867,-0.12686302518477374,-0.049847222222233846
B39,2020-06-24,-66.5267,70.9774,24.0,-11.945557,-9.107712,-0.1384236966677991,-0.052802083333333506
B39,2020-06-25,-66.5662,70.6836,24.0,-13.992035,-1.1265106,-0.1501083501292662,-0.050746527777764484
B39,2020-06-26,-66.6,70.3667,24.0,-9.590164,2.9898682,-0.1616902139604185,-0.04342361111111032
B39,2020-06-27,-66.6312,69.9665,24.0,-6.7266235,4.58313,-0.20393495514872576,-0.04008333333334946
B39,2020-06-28,-66.6641,69.4555,24.0,-7.3752747,9.820755,-0.26005061920322664,-0.04226736111110845
B39,2020-06-29,-66.6973,68.8827,24.0,-8.617279,7.970871,-0.2911093898977038,-0.04265277777776966
B39,2020-06-30,-66.7291,68.2968,24.0,-9.27124,7.602188,-0.2973833567960027,-0.04085416666667187
B39,2020-07-01,-66.7579,67.7468,24.0,-9.294235,6.754059,-0.27883539529516554,-0.03700000000000506
B39,2020-07-02,-66.7821,67.2816,24.0,-6.4029846,5.4232483,-0.235612081464547,-0.031090277777769217
B39,2020-07-03,-66.8,66.95,24.0,5.393921,-0.77941895,-0.1678247249011535,-0.02299652777777439
B39,2020-07-04,-66.8142,66.7278,24.0,2.0960236,0.2870636,-0.11239170548559524,-0.01824305555555868
B39,2020-07-05,-66.8278,66.5486,24.0,-7.0324554,5.1293488,-0.09059149992616633,-0.017472222222218017
B39,2020-07-06,-66.8403,66.3976,24.0,6.1226654,-0.7516022,-0.07629656126960178,-0.01605902777778143
B39,2020-07-07,-66.8509,66.2602,24.0,-6.0702515,3.5446167,-0.06939479136929114,-0.013618055555551201
B39,2020-07-08,-66.8593,66.1218,24.0,-15.958252,9.910217,-0.06987587850677032,-0.01079166666667803
B39,2020-07-09,-66.8648,65.9677,24.0,-10.336975,8.9639435,-0.0777850740722823,-0.007065972222219447
B39,2020-07-10,-66.8667,65.7833,24.0,-10.155273,13.665024,-0.09307238416107495,-0.002440972222211969
B39,2020-07-11,-66.8538,65.5645,24.0,-16.719528,9.122925,-0.11049332500314969,0.016572916666650863
B39,2020-07-12,-66.8204,65.3209,24.0,0.93167114,4.575302,-0.12318497829685614,0.04290972222222263
B39,2020-07-13,-66.7748,65.0582,24.0,2.1698303,3.6384125,-0.13309044904761894,0.058583333333342855
B39,2020-07-14,-66.7252,64.7824,24.0,6.057602,1.1133575,-0.14000906451605707,0.06372222222221977
B39,2020-07-15,-66.6796,64.499,24.0,-17.54457,5.261612,-0.14413332401745488,0.058583333333342855
B39,2020-07-16,-66.6462,64.2141,24.0,-3.0682526,2.3642883,-0.14509211396690302,0.04290972222222263
B39,2020-07-17,-66.6333,63.9333,24.0,-2.0546722,-5.3349,-0.14307865544896103,0.016572916666650863
B39,2020-07-18,-66.6349,63.6377,24.0,-10.168808,6.0697327,-0.1506101028431298,-0.002055555555550765
B39,2020-07-19,-66.6393,63.3157,24.0,-1.4905853,6.352112,-0.16403190903910134,-0.00565277777778286
B39,2020-07-20,-66.646,62.9842,24.0,-8.701477,3.3539886,-0.16882563923966357,-0.00860763888888252
B39,2020-07-21,-66.6543,62.66,24.0,-13.972351,9.009125,-0.16505251548313277,-0.010663194444451542
B39,2020-07-22,-66.6637,62.36,24.0,-1.9545135,5.0924225,-0.1526740670083528,-0.01207638888888813
B39,2020-07-23,-66.6735,62.1011,24.0,-2.8832092,4.1093903,-0.13170548069560256,-0.012590277777775822
B39,2020-07-24,-66.6833,61.9,24.0,-3.4117432,3.6865234,-0.10226135999791532,-0.012590277777775822
B39,2020-07-25,-66.6958,61.7401,24.0,1.8324127,-0.0021972656,-0.08126958920786113,-0.01605902777778143
B39,2020-07-26,-66.7128,61.5938,24.0,-5.9104614,2.096634,-0.07430613302067318,-0.021840277777772518
B39,2020-07-27,-66.732,61.4615,24.0,3.5350494,0.9148712,-0.06714317745900486,-0.02466666666666395
B39,2020-07-28,-66.7509,61.3438,24.0,-6.305832,1.1080475,-0.05968774890848866,-0.02428125000000274
B39,2020-07-29,-66.7674,61.2412,24.0,-13.678284,3.7766876,-0.051995393160030316,-0.02119791666665834
B39,2020-07-30,-66.7789,61.1542,24.0,-3.9464874,1.5742188,-0.04406904527160879,-0.014774305555553072
B39,2020-07-31,-66.7833,61.0833,24.0,-9.04837,4.589798,-0.03590731078286822,-0.00565277777778286
B39,2020-08-01,-66.7833,61.0263,24.0,-8.22403,7.4759064,-0.028867654649132806,0.0
B39,2020-08-02,-66.7833,60.9787,24.0,2.6835785,1.3337708,-0.024107023882430592,0.0
B39,2020-08-03,-66.7833,60.9377,24.0,-8.1418915,4.914551,-0.02076445334411427,0.0
B39,2020-08-04,-66.7833,60.9005,24.0,-22.860184,4.572464,-0.018839943034169446,0.0
B39,2020-08-05,-66.7833,60.8643,24.0,3.214264,0.5441284,-0.018333492952606913,0.0
B39,2020-08-06,-66.7833,60.8262,24.0,-4.621887,3.5413818,-0.019295748107577528,0.0
B39,2020-08-07,-66.7833,60.7833,24.0,-7.7693024,-0.23391724,-0.021726708499084885,0.0
B39,2020-08-08,-66.7775,60.7331,24.0,-7.2625732,-3.2234497,-0.025429793857193447,0.007451388888880651
B39,2020-08-09,-66.7621,60.677,24.0,-16.94934,6.2271423,-0.02843635577942301,0.019784722222221756
B39,2020-08-10,-66.7402,60.6187,24.0,-23.846191,8.963867,-0.029577810868457267,0.028135416666669556
B39,2020-08-11,-66.7149,60.5616,24.0,0.33535767,5.447418,-0.028998762002903553,0.032503472222224064
B39,2020-08-12,-66.6894,60.5093,24.0,1.8313599,5.689987,-0.02658850331435025,0.032760416666658784
B39,2020-08-13,-66.6667,60.4654,24.0,-11.8741,4.6208954,-0.022338593620901608,0.029163194444444943
B39,2020-08-14,-66.65,60.4333,24.0,-2.0640564,3.624878,-0.016345178847062856,0.021454861111111313
B39,2020-08-15,-66.637,60.4105,24.0,-6.405838,1.6650085,-0.011615761203973606,0.016701388888895607
B39,2020-08-16,-66.6238,60.3915,24.0,-3.7965546,5.462616,-0.009684963269080077,0.016958333333330324
B39,2020-08-17,-66.6113,60.3752,24.0,1.5413513,2.568161,-0.008312872434880365,0.01605902777778143
B39,2020-08-18,-66.6002,60.3606,24.0,4.292618,2.2782288,-0.007449220831673471,0.01426041666666538
B39,2020-08-19,-66.5913,60.3466,24.0,-4.641144,5.18367,-0.007145652464387015,0.01143402777777395
B39,2020-08-20,-66.5854,60.3323,24.0,1.8933105,2.0560608,-0.007300509641754758,0.0075798611111071385
B39,2020-08-21,-66.5833,60.3167,24.0,2.9104004,-2.2430573,-0.007964866407584939,0.0026979166666832003
B39,2020-08-22,-66.5861,60.3008,24.0,-5.1628876,0.7988739,-0.008117120867617466,-0.0035972222222320958
B39,2020-08-23,-66.5932,60.286,24.0,-12.580292,4.063751,-0.007553396829516552,-0.009121527777770212
B39,2020-08-24,-66.603,60.2715,24.0,-14.7430725,0.7032318,-0.007397363275002921,-0.012590277777775822
B39,2020-08-25,-66.6136,60.2564,24.0,0.29904175,1.6983795,-0.007700167068558409,-0.01361805555556946
B39,2020-08-26,-66.6234,60.24,24.0,-3.2264862,2.4206238,-0.008359787524788248,-0.012590277777775822
B39,2020-08-27,-66.6305,60.2215,24.0,-4.6951447,2.7824554,-0.009427544589916338,-0.009121527777770212
B39,2020-08-28,-66.6333,60.2,24.0,-5.3218384,4.1860046,-0.01095509648202318,-0.0035972222222320958
B39,2020-08-29,-66.6333,60.1707,24.0,-12.289368,4.5049133,-0.014929503577832884,0.0
B39,2020-08-30,-66.6333,60.1319,24.0,-26.460556,9.5504,-0.01977012760476839,0.0
B39,2020-08-31,-66.6333,60.0876,24.0,-2.8815155,-6.7298126,-0.02257259414668433,0.0
B39,2020-09-01,-66.6333,60.0416,24.0,-7.808792,3.6465454,-0.023438811077820993,0.0
B39,2020-09-02,-66.6333,59.9979,24.0,-7.808792,3.6465454,-0.02226687052393085,0.0
B39,2020-09-03,-66.6333,59.9605,24.0,-7.808792,3.6465454,-0.019056772485010275,0.0
B39,2020-09-04,-66.6333,59.9333,24.0,-7.808792,3.6465454,-0.013859470898190278,0.0
B39,2020-09-05,-66.6328,59.915,24.0,-7.808792,3.6465454,-0.00932475883402007,0.0006423611111141783
B39,2020-09-06,-66.6313,59.9006,24.0,-7.808792,3.6465454,-0.007337959750666295,0.0019270833333425348
B39,2020-09-07,-66.6291,59.8886,24.0,-7.808792,3.6465454,-0.006115509854466478,0.00282638888889143
B39,2020-09-08,-66.6263,59.8774,24.0,-7.808792,3.6465454,-0.00570845467340953,0.0035972222222138387
B39,2020-09-09,-66.6232,59.8655,24.0,-7.723831,3.913147,-0.006065992372277315,0.003982638888893299
B39,2020-09-10,-66.6199,59.8513,24.0,-7.723831,3.913147,-0.007239375530292225,0.004239583333328017
B39,2020-09-11,-66.6167,59.8333,24.0,-7.723831,3.913147,-0.009177858691339894,0.004111111111119787
B39,2020-09-12,-66.6134,59.8107,24.0,-7.723831,3.913147,-0.01152484638507593,0.004239583333328017
B39,2020-09-13,-66.6099,59.7838,24.0,-7.723831,3.913147,-0.013719564525816977,0.004496527777780991
B39,2020-09-14,-66.6059,59.7525,24.0,-7.723831,3.913147,-0.015966233443376554,0.0051388888888769125
B39,2020-09-15,-66.6014,59.7169,24.0,-7.723831,3.913147,-0.01816297441700059,0.0057812500000093475
B39,2020-09-16,-66.5962,59.6768,24.0,-7.723831,3.913147,-0.020463146999358008,0.006680555555558243
B39,2020-09-17,-66.5902,59.6323,24.0,-7.723831,3.913147,-0.022713974007768888,0.007708333333333626
B39,2020-09-18,-66.5833,59.5833,24.0,-7.679886,4.1621704,-0.025017849613569145,0.008864583333335495
B39,2020-09-19,-66.5736,59.5197,24.0,-7.679886,4.1621704,-0.03248484086723873,0.012461805555549332
B39,2020-09-20,-66.56,59.4358,24.0,-7.679886,4.1621704,-0.04287690498317545,0.017472222222218017
B39,2020-09-21,-66.5434,59.3385,24.0,-7.6164093,4.373108,-0.04975817043897492,0.02132638888888483
B39,2020-09-22,-66.5249,59.2344,24.0,-7.6164093,4.373108,-0.05327522840760279,0.023767361111115052
B39,2020-09-23,-66.5052,59.1305,24.0,-7.6164093,4.373108,-0.053214968031146226,0.025309027777778128
B39,2020-09-24,-66.4855,59.0334,24.0,-7.550003,4.510803,-0.049771511746661924,0.025309027777778128
B39,2020-09-25,-66.4667,58.95,24.0,-7.550003,4.510803,-0.04278140176244292,0.02415277777777626
B39,2020-10-10,-66.1555,58.0193,24.0,-6.8039093,5.85553,-0.04191206202418508,0.035715277777776694
B39,2020-10-11,-66.1223,57.9253,24.0,-7.0246124,5.496155,-0.04888349780596705,0.04265277777778791
B39,2020-10-12,-66.0869,57.8254,24.0,-6.6076202,6.279358,-0.05202421728866683,0.04547916666666109
B39,2020-10-13,-66.0523,57.7271,24.0,-6.6076202,6.279358,-0.05126070431118094,0.0444513888888857
B39,2020-10-14,-66.0214,57.6379,24.0,-6.6076202,6.279358,-0.04657178454429214,0.03969791666667
B39,2020-10-15,-65.9974,57.5653,24.0,-6.520706,6.9434204,-0.03794053218546172,0.030833333333334503
B39,2020-10-16,-65.9833,57.5167,24.0,-6.520706,6.9434204,-0.02541224337368527,0.018114583333332195
B39,2020-10-17,-65.9764,57.4872,24.0,-6.520706,6.9434204,-0.01542929603496196,0.008864583333335495
B39,2020-10-18,-65.9716,57.4652,24.0,-6.520706,6.9434204,-0.011508756336292919,0.0061666666666705516
B39,2020-10-19,-65.9679,57.4477,24.0,-6.520706,6.9434204,-0.009156018573381402,0.004753472222215708
B39,2020-10-20,-65.9647,57.4319,24.0,-6.520706,6.9434204,-0.008267612173519963,0.004111111111119787
B39,2020-10-21,-65.9612,57.415,24.0,-6.520706,6.9434204,-0.008844416711196474,0.004496527777762734
B39,2020-10-22,-65.9566,57.3942,24.0,-6.520706,6.9434204,-0.010887395243929532,0.005909722222235835
B39,2020-10-23,-65.95,57.3667,24.0,-6.4640656,7.6221313,-0.014398109263080322,0.008479166666656034
B39,2020-10-24,-65.9381,57.3291,24.0,-6.4640656,7.6221313,-0.019695303533623004,0.015288194444440763
B39,2020-10-25,-65.9193,57.2811,24.0,-6.4640656,7.6221313,-0.025161415271962202,0.02415277777777626
B39,2020-10-26,-65.8959,57.2239,24.0,-6.4640656,7.6221313,-0.03001141769429528,0.03006250000001209
B39,2020-10-27,-65.8701,57.1592,24.0,-7.456253,7.0967407,-0.03398064332325817,0.03314583333333824
B39,2020-10-28,-65.8441,57.0882,24.0,-7.5509796,7.7197876,-0.03732719465198586,0.03340277777777296
B39,2020-10-29,-65.82,57.0124,24.0,-7.5509796,7.7197876,-0.03988809424094233,0.03096180555556099
B39,2020-10-30,-65.8,56.9333,24.0,-7.5509796,7.7197876,-0.04165700497028066,0.025694444444439333
B39,2020-10-31,-65.7832,56.8365,24.0,-7.5919952,8.4151,-0.05101174184568718,0.021583333333337805
B39,2020-11-01,-65.7671,56.7144,24.0,-7.5919952,8.4151,-0.06438455336139322,0.02068402777777065
B39,2020-11-02,-65.7519,56.5788,24.0,-7.9152374,8.965881,-0.07154537952370034,0.01952777777776878
B39,2020-11-03,-65.7375,56.4412,24.0,-7.9152374,8.965881,-0.07264112818966653,0.018500000000011653
B39,2020-11-04,-65.724,56.3134,24.0,-8.159378,9.746155,-0.06750282634162197,0.01734374999999153
B39,2020-11-05,-65.7115,56.2068,24.0,-8.159378,9.746155,-0.05633240925652839,0.01605902777778143
B39,2020-11-06,-65.7,56.1333,24.0,-8.159378,9.746155,-0.038858100632869284,0.014774305555553072
B40,2020-01-01,-65.5892,132.2117,24.0,-4.239029,-1.8746948,-0.009716292893478466,0.011690972222208669
B40,2020-01-02,-65.5849,132.2032,24.0,-4.239029,-1.8746948,-0.004513778490014293,0.005524305555556374
B40,2020-01-03,-65.5833,132.2,24.0,-4.239029,-1.8746948,-0.0016994093801633789,0.002055555555569022
B40,2020-01-04,-65.5833,132.2009,24.0,-4.239029,-1.8746948,0.0004779588881685918,0.0
B40,2020-01-05,-65.5833,132.2033,24.0,-4.239029,-1.8746948,0.0012745570351263074,0.0
B40,2020-01-06,-65.5833,132.2066,24.0,-4.239029,-1.8746948,0.0017525159232798058,0.0
B40,2020-01-07,-65.5833,132.2101,24.0,-4.239029,-1.8746948,0.001858729009542847,0.0
B40,2020-01-08,-65.5833,132.2134,24.0,-4.239029,-1.8746948,0.0017525159232798058,0.0
B40,2020-01-09,-65.5833,132.2158,24.0,-4.239029,-1.8746948,0.0012745570351112136,0.0
B40,2020-01-10,-65.5833,132.2167,24.0,-4.239029,-1.8746948,0.0004779588881685918,0.0
B40,2020-01-11,-65.5833,132.2167,24.0,-4.239029,-1.8746948,0.0,0.0
B40,2020-01-12,-65.5833,132.2167,24.0,-4.239029,-1.8746948,0.0,0.0
B40,2020-01-13,-65.5833,132.2167,24.0,-4.239029,-1.8746948,0.0,0.0
B40,2020-01-14,-65.5833,132.2167,24.0,-4.239029,-1.8746948,0.0,0.0
B40,2020-01-15,-65.5833,132.2167,24.0,-4.239029,-1.8746948,0.0,0.0
B40,2020-01-16,-65.5833,132.2167,24.0,-4.239029,-1.8746948,0.0,0.0
B40,2020-01-17,-65.5833,132.2167,24.0,-4.239029,-1.8746948,0.0,0.0
B40,2020-01-18,-65.5833,132.2167,24.0,-4.239029,-1.8746948,0.0,0.0
B40,2020-01-19,-65.5833,132.2167,24.0,-4.239029,-1.8746948,0.0,0.0
B40,2020-01-20,-65.5833,132.2167,24.0,-4.239029,-1.8746948,0.0,0.0
B40,2020-01-21,-65.5833,132.2167,24.0,-4.239029,-1.8746948,0.0,0.0
B40,2020-01-22,-65.5833,132.2167,24.0,-4.239029,-1.8746948,0.0,0.0
B40,2020-01-23,-65.5833,132.2167,24.0,-4.239029,-1.8746948,0.0,0.0
B40,2020-01-24,-65.5833,132.2167,24.0,-4.239029,-1.8746948,0.0,0.0
B40,2020-01-25,-65.5833,132.2185,24.0,-4.239029,-1.8746948,0.0009559177763371836,0.0
B40,2020-01-26,-65.5833,132.2233,24.0,-4.239029,-1.8746948,0.002549114070222427,0.0
B40,2020-01-27,-65.5833,132.2298,24.0,-4.239029,-1.8746948,0.0034519253034431844,0.0
B40,2020-01-28,-65.5833,132.2369,24.0,-4.239029,-1.8746948,0.0037705645622021205,0.0
B40,2020-01-29,-65.5833,132.2434,24.0,-4.239029,-1.8746948,0.0034519253034431844,0.0
B40,2020-01-30,-65.5833,132.2482,24.0,-4.239029,-1.8746948,0.002549114070222427,0.0
B40,2020-01-31,-65.5833,132.25,24.0,-4.239029,-1.8746948,0.0009559177763371836,0.0
B40,2020-02-01,-65.5838,132.2491,24.0,-4.239029,-1.8746948,-0.0004779497003993419,-0.0006423611111141783
B40,2020-02-02,-65.5853,132.2467,24.0,-4.239029,-1.8746948,-0.0012744590316568533,-0.0019270833333425348
B40,2020-02-03,-65.5875,132.2434,24.0,-4.239029,-1.8746948,-0.0017522329358391636,-0.00282638888889143
B40,2020-02-04,-65.5903,132.2399,24.0,-4.239029,-1.8746948,-0.001858228773670504,-0.0035972222222138387
B40,2020-02-05,-65.5934,132.2366,24.0,-4.239029,-1.8746948,-0.0017518353899599714,-0.003982638888893299
B40,2020-02-06,-65.5967,132.2342,24.0,-4.239029,-1.8746948,-0.001273900382333231,-0.004239583333328017
B40,2020-02-07,-65.6,132.2333,24.0,-4.239029,-1.8746948,-0.0004776519969703148,-0.004239583333328017
B40,2020-02-08,-65.6036,132.2352,24.0,-4.239029,-1.8746948,0.0010082367637876087,-0.004625000000007478
B40,2020-02-09,-65.6079,132.2399,24.0,-4.239029,-1.8746948,0.0024936466576153363,-0.005524305555556374
B40,2020-02-10,-65.6127,132.2464,24.0,-4.239029,-1.8746948,0.003448023117541965,-0.0061666666666705516
B40,2020-02-11,-65.6179,132.2536,24.0,-4.239029,-1.8746948,0.0038185840694760003,-0.006680555555558243
B40,2020-02-12,-65.6231,132.2601,24.0,-4.239029,-1.8746948,0.003446642535037742,-0.006680555555539986
B40,2020-02-13,-65.6283,132.2648,24.0,-4.79274,-1.0143433,0.002491688514724616,-0.006680555555558243
B40,2020-02-14,-65.6333,132.2667,24.0,-4.79274,-1.0143433,0.0010070842991589059,-0.006423611111123526
B40,2020-02-15,-65.6387,132.2644,24.0,-4.79274,-1.0143433,-0.0012188483586530112,-0.00693749999999296
B40,2020-02-16,-65.6448,132.2582,24.0,-4.79274,-1.0143433,-0.0032848186910498694,-0.007836805555560112
B40,2020-02-17,-65.6511,132.2496,24.0,-4.79274,-1.0143433,-0.004555254638995929,-0.008093749999994829
B40,2020-02-18,-65.6571,132.2399,24.0,-4.79274,-1.0143433,-0.005136714540007331,-0.007708333333333626
B40,2020-02-19,-65.662,132.2303,24.0,-4.79274,-1.0143433,-0.005082797714385187,-0.006295138888897039
B40,2020-02-20,-65.6654,132.2221,24.0,-4.79274,-1.0143433,-0.004340986786748375,-0.004368055555554504
B40,2020-02-21,-65.6667,132.2167,24.0,-4.79274,-1.0143433,-0.0028585551929314603,-0.0016701388888895607
B40,2020-02-22,-65.6658,132.2134,24.0,-4.79274,-1.0143433,-0.0017469555190674764,0.0011562500000018695
B40,2020-02-23,-65.6634,132.2107,24.0,-4.79274,-1.0143433,-0.0014294596315846532,0.0030833333333444043
B40,2020-02-24,-65.6601,132.2084,24.0,-4.79274,-1.0143433,-0.0012178428972199043,0.004239583333328017
B40,2020-02-25,-65.6566,132.2063,24.0,-4.79274,-1.0143433,-0.0011120936705719352,0.004496527777780991
B40,2020-02-26,-65.6533,132.2043,24.0,-4.79274,-1.0143433,-0.0010592716591916287,0.004239583333328017
B40,2020-02-27,-65.6509,132.2022,24.0,-4.79274,-1.0143433,-0.001112338200969912,0.0030833333333444043
B40,2020-02-28,-65.65,132.2,24.0,-4.79274,-1.0143433,-0.0011653471343331342,0.0011562499999836124
B40,2020-02-29,-65.65,132.1973,24.0,-4.79274,-1.0143433,-0.001430198755749216,0.0
B40,2020-03-01,-65.65,132.1943,24.0,-4.79274,-1.0143433,-0.0015891097286319861,0.0
B40,2020-03-02,-65.65,132.1911,24.0,-4.79274,-1.0143433,-0.0016950503771954075,0.0
B40,2020-03-03,-65.65,132.1881,24.0,-4.79274,-1.0143433,-0.0015891097286319861,0.0
B40,2020-03-04,-65.65,132.1856,24.0,-4.79274,-1.0143433,-0.0013242581071857943,0.0
B40,2020-03-05,-65.65,132.1839,24.0,-4.79274,-1.0143433,-0.0009004955128869422,0.0
B40,2020-03-06,-65.65,132.1833,24.0,-4.79274,-1.0143433,-0.00031782194572037515,0.0
B40,2020-03-07,-65.65,132.1833,24.0,-4.79274,-1.0143433,0.0,0.0
B40,2020-03-08,-65.65,132.1833,24.0,-4.79274,-1.0143433,0.0,0.0
B40,2020-03-09,-65.65,132.1833,24.0,-4.79274,-1.0143433,0.0,0.0
B40,2020-03-10,-65.65,132.1833,24.0,-4.79274,-1.0143433,0.0,0.0
B40,2020-03-11,-65.65,132.1833,24.0,-4.79274,-1.0143433,0.0,0.0
B40,2020-03-12,-65.65,132.1833,24.0,-4.79274,-1.0143433,0.0,0.0
B40,2020-03-13,-65.65,132.1833,24.0,-4.79274,-1.0143433,0.0,0.0
B40,2020-03-14,-65.6491,132.1833,24.0,-4.79274,-1.0143433,0.0,0.0011562500000018695
B40,2020-03-15,-65.6467,132.1833,24.0,-4.79274,-1.0143433,0.0,0.0030833333333444043
B40,2020-03-16,-65.6434,132.1833,24.0,-4.79274,-1.0143433,0.0,0.004239583333328017
B40,2020-03-17,-65.6399,132.1833,24.0,-4.79274,-1.0143433,0.0,0.004496527777780991
B40,2020-03-18,-65.6366,132.1833,24.0,-4.79274,-1.0143433,0.0,0.004239583333328017
B40,2020-03-19,-65.6342,132.1833,24.0,-4.79274,-1.0143433,0.0,0.0030833333333261472
B40,2020-03-20,-65.6333,132.1833,24.0,-4.79274,-1.0143433,0.0,0.0011562500000018695
B40,2020-03-21,-65.6342,132.1824,24.0,-4.79274,-1.0143433,-0.0004770233866306751,-0.0011562500000018695
B40,2020-03-22,-65.6366,132.18,24.0,-4.79274,-1.0143433,-0.001271944712631566,-0.0030833333333261472
B40,2020-03-23,-65.6399,132.1768,24.0,-4.79274,-1.0143433,-0.0016957105838600554,-0.004239583333328017
B40,2020-03-24,-65.6434,132.1732,24.0,-4.79274,-1.0143433,-0.001907417030985901,-0.004496527777780991
B40,2020-03-25,-65.6467,132.17,24.0,-4.79274,-1.0143433,-0.001695266094088348,-0.004239583333328017
B40,2020-03-26,-65.6491,132.1676,24.0,-4.79274,-1.0143433,-0.0012713319072216553,-0.0030833333333444043
B40,2020-03-27,-65.65,132.1667,24.0,-4.79274,-1.0143433,-0.0004767329185880903,-0.0011562500000018695
B40,2020-03-28,-65.65,132.1676,24.0,-4.79274,-1.0143433,0.0004767329185880903,0.0
B40,2020-03-29,-65.65,132.17,24.0,-4.79274,-1.0143433,0.001271287782896556,0.0
B40,2020-03-30,-65.65,132.1732,24.0,-4.79274,-1.0143433,0.0016950503772104628,0.0
B40,2020-03-31,-65.65,132.1768,24.0,-4.79274,-1.0143433,0.0019069316743373064,0.0
B40,2020-04-01,-65.65,132.18,24.0,-4.79274,-1.0143433,0.0016950503772104628,0.0
B40,2020-04-02,-65.65,132.1824,24.0,-4.79274,-1.0143433,0.001271287782896556,0.0
B40,2020-04-03,-65.65,132.1833,24.0,-4.79274,-1.0143433,0.0004767329185880903,0.0
B40,2020-04-04,-65.65,132.1824,24.0,-4.79274,-1.0143433,-0.0004767329185880903,0.0
B40,2020-04-05,-65.65,132.18,24.0,-4.79274,-1.0143433,-0.001271287782896556,0.0
B40,2020-04-06,-65.65,132.1768,24.0,-4.79274,-1.0143433,-0.0016950503772104628,0.0
B40,2020-04-07,-65.65,132.1732,24.0,-4.79274,-1.0143433,-0.0019069316743373064,0.0
B40,2020-04-08,-65.65,132.17,24.0,-4.79274,-1.0143433,-0.0016950503772104628,0.0
B40,2020-04-09,-65.65,132.1676,24.0,-4.79274,-1.0143433,-0.001271287782896556,0.0
B40,2020-04-10,-65.65,132.1667,24.0,-4.79274,-1.0143433,-0.0004767329185880903,0.0
B40,2020-04-11,-65.65,132.1667,24.0,-4.79274,-1.0143433,0.0,0.0
B40,2020-04-12,-65.65,132.1667,24.0,-4.79274,-1.0143433,0.0,0.0
B40,2020-04-13,-65.65,132.1667,24.0,-4.79274,-1.0143433,0.0,0.0
B40,2020-04-14,-65.65,132.1667,24.0,-4.79274,-1.0143433,0.0,0.0
B40,2020-04-15,-65.65,132.1667,24.0,-4.79274,-1.0143433,0.0,0.0
B40,2020-04-16,-65.65,132.1667,24.0,-4.79274,-1.0143433,0.0,0.0
B40,2020-04-17,-65.65,132.1667,24.0,-4.79274,-1.0143433,0.0,0.0
B40,2020-04-18,-65.65,132.1667,24.0,-4.79274,-1.0143433,0.0,0.0
B40,2020-04-19,-65.65,132.1667,24.0,-4.79274,-1.0143433,0.0,0.0
B40,2020-04-20,-65.65,132.1667,24.0,-4.79274,-1.0143433,0.0,0.0
B40,2020-04-21,-65.65,132.1667,24.0,-4.79274,-1.0143433,0.0,0.0
B40,2020-04-22,-65.65,132.1667,24.0,-4.79274,-1.0143433,0.0,0.0
B40,2020-04-23,-65.65,132.1667,24.0,-4.79274,-1.0143433,0.0,0.0
B40,2020-04-24,-65.65,132.1667,24.0,-4.79274,-1.0143433,0.0,0.0
B40,2020-04-25,-65.65,132.1667,24.0,-4.79274,-1.0143433,0.0,0.0
B40,2020-04-26,-65.65,132.1667,24.0,-4.79274,-1.0143433,0.0,0.0
B40,2020-04-27,-65.65,132.1667,24.0,-4.79274,-1.0143433,0.0,0.0
B40,2020-04-28,-65.65,132.1667,24.0,-4.79274,-1.0143433,0.0,0.0
B40,2020-04-29,-65.65,132.1667,24.0,-4.79274,-1.0143433,0.0,0.0
B40,2020-04-30,-65.65,132.1667,24.0,-4.79274,-1.0143433,0.0,0.0
B40,2020-05-01,-65.65,132.1667,24.0,-4.79274,-1.0143433,0.0,0.0
B40,2020-05-02,-65.65,132.1667,24.0,-4.79274,-1.0143433,0.0,0.0
B40,2020-05-03,-65.65,132.1667,24.0,-4.79274,-1.0143433,0.0,0.0
B40,2020-05-04,-65.65,132.1667,24.0,-4.79274,-1.0143433,0.0,0.0
B40,2020-05-05,-65.65,132.1667,24.0,-4.79274,-1.0143433,0.0,0.0
B40,2020-05-06,-65.65,132.1667,24.0,-4.79274,-1.0143433,0.0,0.0
B40,2020-05-07,-65.65,132.1667,24.0,-4.79274,-1.0143433,0.0,0.0
B40,2020-05-08,-65.65,132.1667,24.0,-4.79274,-1.0143433,0.0,0.0
B40,2020-05-09,-65.65,132.1667,24.0,-4.79274,-1.0143433,0.0,0.0
B40,2020-05-10,-65.65,132.1667,24.0,-4.79274,-1.0143433,0.0,0.0
B40,2020-05-11,-65.65,132.1667,24.0,-4.79274,-1.0143433,0.0,0.0
B40,2020-05-12,-65.65,132.1667,24.0,-4.79274,-1.0143433,0.0,0.0
B40,2020-05-13,-65.65,132.1667,24.0,-4.79274,-1.0143433,0.0,0.0
B40,2020-05-14,-65.65,132.1667,24.0,-4.79274,-1.0143433,0.0,0.0
B40,2020-05-15,-65.65,132.1667,24.0,-4.79274,-1.0143433,0.0,0.0
B40,2020-05-16,-65.65,132.1667,24.0,-4.79274,-1.0143433,0.0,0.0
B40,2020-05-17,-65.65,132.1667,24.0,-4.79274,-1.0143433,0.0,0.0
B40,2020-05-18,-65.65,132.1667,24.0,-4.79274,-1.0143433,0.0,0.0
B40,2020-05-19,-65.65,132.1667,24.0,-4.79274,-1.0143433,0.0,0.0
B40,2020-05-20,-65.65,132.1667,24.0,-4.79274,-1.0143433,0.0,0.0
B40,2020-05-21,-65.65,132.1667,24.0,-4.79274,-1.0143433,0.0,0.0
B40,2020-05-22,-65.65,132.1667,24.0,-4.79274,-1.0143433,0.0,0.0
B40,2020-05-23,-65.65,132.1667,24.0,-4.79274,-1.0143433,0.0,0.0
B40,2020-05-24,-65.65,132.1667,24.0,-4.79274,-1.0143433,0.0,0.0
B40,2020-05-25,-65.65,132.1667,24.0,-4.79274,-1.0143433,0.0,0.0
B40,2020-05-26,-65.65,132.1667,24.0,-4.79274,-1.0143433,0.0,0.0
B40,2020-05-27,-65.65,132.1667,24.0,-4.79274,-1.0143433,0.0,0.0
B40,2020-05-28,-65.65,132.1667,24.0,-4.79274,-1.0143433,0.0,0.0
B40,2020-05-29,-65.65,132.1667,24.0,-4.79274,-1.0143433,0.0,0.0
B40,2020-05-30,-65.65,132.1667,24.0,-4.79274,-1.0143433,0.0,0.0
B40,2020-05-31,-65.65,132.1667,24.0,-4.79274,-1.0143433,0.0,0.0
B40,2020-06-01,-65.65,132.1667,24.0,-4.79274,-1.0143433,0.0,0.0
B40,2020-06-02,-65.65,132.1667,24.0,-0.67289734,2.0446777,0.0,0.0
B40,2020-06-03,-65.65,132.1667,24.0,-8.0225525,1.1606445,0.0,0.0
B40,2020-06-04,-65.65,132.1667,24.0,-2.3198853,3.5690002,0.0,0.0
B40,2020-06-05,-65.65,132.1667,24.0,2.717743,2.6171265,0.0,0.0
B40,2020-06-06,-65.65,132.1667,24.0,-2.009735,3.484604,0.0,0.0
B40,2020-06-07,-65.65,132.1667,24.0,-4.727478,1.8414307,0.0,0.0
B40,2020-06-08,-65.65,132.1667,24.0,-4.3088226,0.22129822,0.0,0.0
B40,2020-06-09,-65.65,132.1667,24.0,-8.03035,1.4467621,0.0,0.0
B40,2020-06-10,-65.65,132.1667,24.0,-1.2371063,3.140686,0.0,0.0
B40,2020-06-11,-65.65,132.1667,24.0,0.26809692,-0.41792297,0.0,0.0
B40,2020-06-12,-65.65,132.1667,24.0,-4.9233856,-2.5999603,0.0,0.0
B40,2020-06-13,-65.65,132.1667,24.0,-8.609756,0.3609619,0.0,0.0
B40,2020-06-14,-65.65,132.1667,24.0,-5.781708,-1.5445709,0.0,0.0
B40,2020-06-15,-65.65,132.1667,24.0,-8.956192,2.8226929,0.0,0.0
B40,2020-06-16,-65.65,132.1667,24.0,5.323715,1.8986053,0.0,0.0
B40,2020-06-17,-65.65,132.1667,24.0,-5.0615997,-0.6431427,0.0,0.0
B40,2020-06-18,-65.65,132.1667,24.0,-22.738403,3.6109467,0.0,0.0
B40,2020-06-19,-65.65,132.1667,24.0,5.5945435,1.6652832,0.0,0.0
B40,2020-06-20,-65.65,132.1667,24.0,1.0168152,-0.01914978,0.0,0.0
B40,2020-06-21,-65.65,132.1667,24.0,2.0940857,0.962265,0.0,0.0
B40,2020-06-22,-65.65,132.1667,24.0,-12.285019,1.8391876,0.0,0.0
B40,2020-06-23,-65.65,132.1667,24.0,-2.2889404,-2.0253143,0.0,0.0
B40,2020-06-24,-65.65,132.1667,24.0,-10.898682,1.7741241,0.0,0.0
B40,2020-06-25,-65.65,132.1667,24.0,-21.037933,2.5414581,0.0,0.0
B40,2020-06-26,-65.65,132.1667,24.0,-22.357742,0.526001,0.0,0.0
B40,2020-06-27,-65.65,132.1667,24.0,-17.701233,1.6436768,0.0,0.0
B40,2020-06-28,-65.65,132.1667,24.0,-6.3225403,-1.8618622,0.0,0.0
B40,2020-06-29,-65.65,132.1667,24.0,-15.972748,0.42204285,0.0,0.0
B40,2020-06-30,-65.65,132.1667,24.0,-20.218506,1.1539459,0.0,0.0
B40,2020-07-01,-65.65,132.1667,24.0,-19.149704,1.9503479,0.0,0.0
B40,2020-07-02,-65.65,132.1667,24.0,-22.117828,2.0794983,0.0,0.0
B40,2020-07-03,-65.65,132.1667,24.0,-12.109985,-1.8311768,0.0,0.0
B40,2020-07-04,-65.65,132.1667,24.0,-10.995773,1.4677277,0.0,0.0
B40,2020-07-05,-65.65,132.1667,24.0,-10.730698,-0.85014343,0.0,0.0
B40,2020-07-06,-65.65,132.1667,24.0,-5.902725,-0.29652405,0.0,0.0
B40,2020-07-07,-65.65,132.1667,24.0,-14.548767,-0.5979614,0.0,0.0
B40,2020-07-08,-65.65,132.1667,24.0,8.904053,-0.8583374,0.0,0.0
B40,2020-07-09,-65.65,132.1667,24.0,10.760681,2.3809357,0.0,0.0
B40,2020-07-10,-65.65,132.1667,24.0,-1.8466797,4.7792816,0.0,0.0
B40,2020-07-11,-65.65,132.1667,24.0,-1.7048798,3.0653076,0.0,0.0
B40,2020-07-12,-65.65,132.1667,24.0,-13.582001,0.6417084,0.0,0.0
B40,2020-07-13,-65.65,132.1667,24.0,-14.558685,2.6003265,0.0,0.0
B40,2020-07-14,-65.65,132.1667,24.0,-15.807632,2.4102325,0.0,0.0
B40,2020-07-15,-65.65,132.1667,24.0,6.245468,0.7684479,0.0,0.0
B40,2020-07-16,-65.65,132.1667,24.0,-14.191299,3.5879211,0.0,0.0
B40,2020-07-17,-65.65,132.1667,24.0,-13.875961,1.1963501,0.0,0.0
B40,2020-07-18,-65.65,132.1667,24.0,-12.325058,2.1566467,0.0,0.0
B40,2020-07-19,-65.65,132.1667,24.0,-2.132187,1.987854,0.0,0.0
B40,2020-07-20,-65.65,132.1667,24.0,3.9918823,-3.9331207,0.0,0.0
B40,2020-07-21,-65.65,132.1667,24.0,-15.091492,-0.24087524,0.0,0.0
B40,2020-07-22,-65.65,132.1667,24.0,6.735916,1.2144928,0.0,0.0
B40,2020-07-23,-65.65,132.1667,24.0,1.2554626,-0.9677582,0.0,0.0
B40,2020-07-24,-65.65,132.1667,24.0,-9.41272,0.8417969,0.0,0.0
B40,2020-07-25,-65.65,132.1667,24.0,-1.654892,0.9675293,0.0,0.0
B40,2020-07-26,-65.65,132.1667,24.0,4.0563354,1.6269073,0.0,0.0
B40,2020-07-27,-65.65,132.1667,24.0,-4.490341,1.091629,0.0,0.0
B40,2020-07-28,-65.65,132.1667,24.0,-28.228683,5.2955475,0.0,0.0
B40,2020-07-29,-65.65,132.1667,24.0,-16.136292,1.2727814,0.0,0.0
B40,2020-07-30,-65.65,132.1667,24.0,-2.558792,1.9208984,0.0,0.0
B40,2020-07-31,-65.65,132.1667,24.0,9.834442,-0.23735046,0.0,0.0
B40,2020-08-01,-65.65,132.1667,24.0,0.8628845,-2.9147186,0.0,0.0
B40,2020-08-02,-65.65,132.1667,24.0,-11.749039,4.4812317,0.0,0.0
B40,2020-08-03,-65.65,132.1667,24.0,12.919632,0.32666016,0.0,0.0
B40,2020-08-04,-65.65,132.1667,24.0,-7.337723,-2.7957,0.0,0.0
B40,2020-08-05,-65.65,132.1667,24.0,-15.036713,1.6818237,0.0,0.0
B40,2020-08-06,-65.65,132.1667,24.0,-2.31427,-3.2144775,0.0,0.0
B40,2020-08-07,-65.65,132.1667,24.0,-10.346451,-0.0630188,0.0,0.0
B40,2020-08-08,-65.65,132.1667,24.0,-1.2821045,0.16326904,0.0,0.0
B40,2020-08-09,-65.65,132.1667,24.0,3.1444092,1.5415955,0.0,0.0
B40,2020-08-10,-65.65,132.1667,24.0,1.5258789,-0.5253906,0.0,0.0
B40,2020-08-11,-65.65,132.1667,24.0,1.4935608,3.2149963,0.0,0.0
B40,2020-08-12,-65.65,132.1667,24.0,5.962219,0.241745,0.0,0.0
B40,2020-08-13,-65.65,132.1667,24.0,-17.353592,0.20097351,0.0,0.0
B40,2020-08-14,-65.65,132.1667,24.0,-2.379486,-0.49523926,0.0,0.0
B40,2020-08-15,-65.6491,132.1667,24.0,-12.282791,0.23239136,0.0,0.0011562500000018695
B40,2020-08-16,-65.6467,132.1667,24.0,-10.610031,0.4176941,0.0,0.0030833333333444043
B40,2020-08-17,-65.6434,132.1667,24.0,-0.31021118,5.532028,0.0,0.004239583333328017
B40,2020-08-18,-65.6399,132.1667,24.0,-1.5413666,2.3016663,0.0,0.004496527777780991
B40,2020-08-19,-65.6366,132.1667,24.0,-4.7427063,1.3457794,0.0,0.004239583333328017
B40,2020-08-20,-65.6342,132.1667,24.0,8.4157715,-0.51620483,0.0,0.0030833333333261472
B40,2020-08-21,-65.6333,132.1667,24.0,-6.7644043,-2.520401,0.0,0.0011562500000018695
B40,2020-08-22,-65.6333,132.1667,24.0,-6.4246063,-0.71772766,0.0,0.0
B40,2020-08-23,-65.6333,132.1667,24.0,-11.459198,-0.09933472,0.0,0.0
B40,2020-08-24,-65.6333,132.1667,24.0,-10.442291,1.7129974,0.0,0.0
B40,2020-08-25,-65.6333,132.1667,24.0,1.1974792,1.2266998,0.0,0.0
B40,2020-08-26,-65.6333,132.1667,24.0,-7.952072,3.1930847,0.0,0.0
B40,2020-08-27,-65.6333,132.1667,24.0,-15.195145,2.8644867,0.0,0.0
B40,2020-08-28,-65.6333,132.1667,24.0,-6.847229,5.4516296,0.0,0.0
B40,2020-08-29,-65.6333,132.1667,24.0,-7.308899,2.5644836,0.0,0.0
B40,2020-08-30,-65.6333,132.1667,24.0,-2.255478,3.021103,0.0,0.0
B40,2020-08-31,-65.6333,132.1667,24.0,-3.7272186,0.811203,0.0,0.0
B40,2020-09-01,-65.6333,132.1667,24.0,-5.152542,3.7891235,0.0,0.0
B40,2020-09-02,-65.6333,132.1667,24.0,-5.152542,3.7891235,0.0,0.0
B40,2020-09-03,-65.6333,132.1667,24.0,-5.152542,3.7891235,0.0,0.0
B40,2020-09-04,-65.6333,132.1667,24.0,-5.152542,3.7891235,0.0,0.0
B40,2020-09-05,-65.6333,132.1667,24.0,-5.152542,3.7891235,0.0,0.0
B40,2020-09-06,-65.6333,132.1667,24.0,-5.152542,3.7891235,0.0,0.0
B40,2020-09-07,-65.6333,132.1667,24.0,-5.152542,3.7891235,0.0,0.0
B40,2020-09-08,-65.6333,132.1667,24.0,-5.152542,3.7891235,0.0,0.0
B40,2020-09-09,-65.6333,132.1667,24.0,-5.152542,3.7891235,0.0,0.0
B40,2020-09-10,-65.6333,132.1667,24.0,-5.152542,3.7891235,0.0,0.0
B40,2020-09-11,-65.6333,132.1667,24.0,-5.152542,3.7891235,0.0,0.0
B40,2020-09-12,-65.6342,132.1658,24.0,-5.152542,3.7891235,-0.0004770233866306751,-0.0011562500000018695
B40,2020-09-13,-65.6366,132.1634,24.0,-5.152542,3.7891235,-0.001271944712631566,-0.0030833333333261472
B40,2020-09-14,-65.6399,132.1601,24.0,-5.152542,3.7891235,-0.0017487015395920332,-0.004239583333328017
B40,2020-09-15,-65.6434,132.1566,24.0,-5.152542,3.7891235,-0.0018544332245825931,-0.004496527777780991
B40,2020-09-16,-65.6467,132.1533,24.0,-5.152542,3.7891235,-0.0017482431595149633,-0.004239583333328017
B40,2020-09-17,-65.6491,132.1509,24.0,-5.152542,3.7891235,-0.0012713319072216553,-0.0030833333333444043
B40,2020-09-18,-65.65,132.15,24.0,-5.152542,3.7891235,-0.0004767329185880903,-0.0011562500000018695
B40,2020-09-19,-65.65,132.15,24.0,-5.152542,3.7891235,0.0,0.0
B40,2020-09-20,-65.65,132.15,24.0,-5.152542,3.7891235,0.0,0.0
B40,2020-09-21,-65.65,132.15,24.0,-5.152542,3.7891235,0.0,0.0
B40,2020-09-22,-65.65,132.15,24.0,-5.152542,3.7891235,0.0,0.0
B40,2020-09-23,-65.65,132.15,24.0,-5.152542,3.7891235,0.0,0.0
B40,2020-09-24,-65.65,132.15,24.0,-5.152542,3.7891235,0.0,0.0
B40,2020-09-25,-65.65,132.15,24.0,-5.152542,3.7891235,0.0,0.0
B40,2020-10-10,-65.65,132.15,24.0,-5.152542,3.7891235,0.0,0.0
B40,2020-10-11,-65.65,132.15,24.0,-5.152542,3.7891235,0.0,0.0
B40,2020-10-12,-65.65,132.15,24.0,-5.152542,3.7891235,0.0,0.0
B40,2020-10-13,-65.65,132.15,24.0,-5.152542,3.7891235,0.0,0.0
B40,2020-10-14,-65.65,132.15,24.0,-5.152542,3.7891235,0.0,0.0
B40,2020-10-15,-65.65,132.15,24.0,-5.152542,3.7891235,0.0,0.0
B40,2020-10-16,-65.65,132.15,24.0,-5.152542,3.7891235,0.0,0.0
B40,2020-10-17,-65.65,132.15,24.0,-5.152542,3.7891235,0.0,0.0
B40,2020-10-18,-65.65,132.15,24.0,-5.152542,3.7891235,0.0,0.0
B40,2020-10-19,-65.65,132.15,24.0,-5.152542,3.7891235,0.0,0.0
B40,2020-10-20,-65.65,132.15,24.0,-5.152542,3.7891235,0.0,0.0
B40,2020-10-21,-65.65,132.15,24.0,-5.152542,3.7891235,0.0,0.0
B40,2020-10-22,-65.65,132.15,24.0,-5.152542,3.7891235,0.0,0.0
B40,2020-10-23,-65.65,132.15,24.0,-5.152542,3.7891235,0.0,0.0
B40,2020-10-24,-65.65,132.15,24.0,-5.152542,3.7891235,0.0,0.0
B40,2020-10-25,-65.65,132.15,24.0,-5.152542,3.7891235,0.0,0.0
B40,2020-10-26,-65.65,132.15,24.0,-5.152542,3.7891235,0.0,0.0
B40,2020-10-27,-65.65,132.15,24.0,-5.152542,3.7891235,0.0,0.0
B40,2020-10-28,-65.65,132.15,24.0,-5.152542,3.7891235,0.0,0.0
B40,2020-10-29,-65.65,132.15,24.0,-5.152542,3.7891235,0.0,0.0
B40,2020-10-30,-65.65,132.15,24.0,-5.152542,3.7891235,0.0,0.0
B40,2020-10-31,-65.65,132.15,24.0,-5.152542,3.7891235,0.0,0.0
B40,2020-11-01,-65.65,132.15,24.0,-5.152542,3.7891235,0.0,0.0
B40,2020-11-02,-65.65,132.15,24.0,-5.152542,3.7891235,0.0,0.0
B40,2020-11-03,-65.65,132.15,24.0,-5.152542,3.7891235,0.0,0.0
B40,2020-11-04,-65.65,132.15,24.0,-5.152542,3.7891235,0.0,0.0
B40,2020-11-05,-65.65,132.15,24.0,-5.152542,3.7891235,0.0,0.0
B40,2020-11-06,-65.65,132.15,24.0,-5.152542,3.7891235,0.0,0.0
B42,2020-01-01,-73.05,-125.7333,24.0,-8.407974,-4.7750854,0.0,0.0
B42,2020-01-02,-73.05,-125.7333,24.0,-8.407974,-4.7750854,0.0,0.0
B42,2020-01-03,-73.05,-125.7333,24.0,-8.407974,-4.7750854,0.0,0.0
B42,2020-01-04,-73.05,-125.7333,24.0,-8.407974,-4.7750854,0.0,0.0
B42,2020-01-05,-73.05,-125.7333,24.0,-8.407974,-4.7750854,0.0,0.0
B42,2020-01-06,-73.05,-125.7333,24.0,-8.407974,-4.7750854,0.0,0.0
B42,2020-01-07,-73.05,-125.7333,24.0,-8.407974,-4.7750854,0.0,0.0
B42,2020-01-08,-73.05,-125.7333,24.0,-8.407974,-4.7750854,0.0,0.0
B42,2020-01-09,-73.05,-125.7333,24.0,-8.407974,-4.7750854,0.0,0.0
B42,2020-01-10,-73.05,-125.7333,24.0,-8.407974,-4.7750854,0.0,0.0
B42,2020-01-11,-73.05,-125.7333,24.0,-8.407974,-4.7750854,0.0,0.0
B42,2020-01-12,-73.05,-125.7333,24.0,-8.407974,-4.7750854,0.0,0.0
B42,2020-01-13,-73.05,-125.7333,24.0,-8.407974,-4.7750854,0.0,0.0
B42,2020-01-14,-73.05,-125.7333,24.0,-8.407974,-4.7750854,0.0,0.0
B42,2020-01-15,-73.05,-125.7333,24.0,-8.407974,-4.7750854,0.0,0.0
B42,2020-01-16,-73.05,-125.7333,24.0,-8.407974,-4.7750854,0.0,0.0
B42,2020-01-17,-73.05,-125.7333,24.0,-8.407974,-4.7750854,0.0,0.0
B42,2020-01-18,-73.05,-125.7333,24.0,-8.407974,-4.7750854,0.0,0.0
B42,2020-01-19,-73.05,-125.7333,24.0,-8.407974,-4.7750854,0.0,0.0
B42,2020-01-20,-73.05,-125.7333,24.0,-8.407974,-4.7750854,0.0,0.0
B42,2020-01-21,-73.05,-125.7333,24.0,-8.407974,-4.7750854,0.0,0.0
B42,2020-01-22,-73.05,-125.7333,24.0,-8.407974,-4.7750854,0.0,0.0
B42,2020-01-23,-73.05,-125.7333,24.0,-8.407974,-4.7750854,0.0,0.0
B42,2020-01-24,-73.05,-125.7333,24.0,-8.407974,-4.7750854,0.0,0.0
B42,2020-01-25,-73.05,-125.7333,24.0,-8.407974,-4.7750854,0.0,0.0
B42,2020-01-26,-73.05,-125.7333,24.0,-8.407974,-4.7750854,0.0,0.0
B42,2020-01-27,-73.05,-125.7333,24.0,-8.407974,-4.7750854,0.0,0.0
B42,2020-01-28,-73.05,-125.7333,24.0,-8.407974,-4.7750854,0.0,0.0
B42,2020-01-29,-73.05,-125.7333,24.0,-8.407974,-4.7750854,0.0,0.0
B42,2020-01-30,-73.05,-125.7333,24.0,-8.407974,-4.7750854,0.0,0.0
B42,2020-01-31,-73.05,-125.7333,24.0,-8.407974,-4.7750854,0.0,0.0
B42,2020-02-01,-73.05,-125.7333,24.0,-8.407974,-4.7750854,0.0,0.0
B42,2020-02-02,-73.05,-125.7333,24.0,-8.407974,-4.7750854,0.0,0.0
B42,2020-02-03,-73.05,-125.7333,24.0,-8.407974,-4.7750854,0.0,0.0
B42,2020-02-04,-73.05,-125.7333,24.0,-8.407974,-4.7750854,0.0,0.0
B42,2020-02-05,-73.05,-125.7333,24.0,-8.407974,-4.7750854,0.0,0.0
B42,2020-02-06,-73.05,-125.7333,24.0,-8.407974,-4.7750854,0.0,0.0
B42,2020-02-07,-73.05,-125.7333,24.0,-8.407974,-4.7750854,0.0,0.0
B42,2020-02-08,-73.05,-125.7333,24.0,-8.407974,-4.7750854,0.0,0.0
B42,2020-02-09,-73.05,-125.7333,24.0,-8.407974,-4.7750854,0.0,0.0
B42,2020-02-10,-73.05,-125.7333,24.0,-8.407974,-4.7750854,0.0,0.0
B42,2020-02-11,-73.05,-125.7333,24.0,-8.407974,-4.7750854,0.0,0.0
B42,2020-02-12,-73.05,-125.7333,24.0,-8.407974,-4.7750854,0.0,0.0
B42,2020-02-13,-73.05,-125.7333,24.0,-8.407974,-4.7750854,0.0,0.0
B42,2020-02-14,-73.05,-125.7333,24.0,-8.407974,-4.7750854,0.0,0.0
B42,2020-02-15,-73.05,-125.7333,24.0,-8.407974,-4.7750854,0.0,0.0
B42,2020-02-16,-73.05,-125.7333,24.0,-8.407974,-4.7750854,0.0,0.0
B42,2020-02-17,-73.05,-125.7333,24.0,-8.407974,-4.7750854,0.0,0.0
B42,2020-02-18,-73.05,-125.7333,24.0,-8.407974,-4.7750854,0.0,0.0
B42,2020-02-19,-73.05,-125.7333,24.0,-8.407974,-4.7750854,0.0,0.0
B42,2020-02-20,-73.05,-125.7333,24.0,-8.407974,-4.7750854,0.0,0.0
B42,2020-02-21,-73.05,-125.7333,24.0,-8.407974,-4.7750854,0.0,0.0
B42,2020-02-22,-73.05,-125.7323,24.0,-8.407974,-4.7750854,0.0003745441398029739,0.0
B42,2020-02-23,-73.05,-125.7294,24.0,-8.407974,-4.7750854,0.001086178005422237,0.0
B42,2020-02-24,-73.05,-125.725,24.0,-8.407974,-4.7750854,0.001647994215126698,0.0
B42,2020-02-25,-73.05,-125.7195,24.0,-8.407974,-4.7750854,0.0020599927689057113,0.0
B42,2020-02-26,-73.05,-125.7133,24.0,-8.407974,-4.7750854,0.0023221736667645996,0.0
B42,2020-02-27,-73.05,-125.7067,24.0,-8.407974,-4.7750854,0.002471991322690047,0.0
B42,2020-02-28,-73.05,-125.7,24.0,-8.407974,-4.7750854,0.0025094457366660865,0.0
B42,2020-02-29,-73.0465,-125.6906,24.0,-8.407974,-4.7750854,0.003521420565946938,0.004496527777780991
B42,2020-03-01,-73.0383,-125.6777,24.0,-8.407974,-4.7750854,0.00483485653732995,0.010534722222206798
B42,2020-03-02,-73.0284,-125.6644,24.0,-8.407974,-4.7750854,0.0049875984541882905,0.012718750000002306
B42,2020-03-03,-73.0202,-125.6541,24.0,-8.407974,-4.7750854,0.0038643875459729474,0.010534722222225056
B42,2020-03-04,-73.0167,-125.65,24.0,-8.407974,-4.7750854,0.0015385590887157512,0.004496527777780991
B42,2020-03-05,-73.0334,-125.6584,24.0,-8.407974,-4.7750854,-0.003149161432673917,-0.021454861111111313
B42,2020-03-06,-73.05,-125.6667,24.0,-8.407974,-4.7750854,-0.003108716360351909,-0.02132638888888483
B42,2020-03-07,-73.0491,-125.6648,24.0,-8.407974,-4.7750854,0.0007116705426139614,0.0011562500000018695
B42,2020-03-08,-73.0467,-125.6601,24.0,-8.407974,-4.7750854,0.0017606901216699923,0.0030833333333261472
B42,2020-03-09,-73.0434,-125.6536,24.0,-8.407974,-4.7750854,0.0024354570367713015,0.004239583333328017
B42,2020-03-10,-73.0399,-125.6464,24.0,-8.407974,-4.7750854,0.0026982775056265756,0.004496527777780991
B42,2020-03-11,-73.0366,-125.6399,24.0,-8.407974,-4.7750854,0.002436405013702182,0.004239583333328017
B42,2020-03-12,-73.0342,-125.6352,24.0,-8.407974,-4.7750854,0.0017619501618964081,0.0030833333333444043
B42,2020-03-13,-73.0333,-125.6333,24.0,-8.407974,-4.7750854,0.0007123143989243512,0.0011562500000018695
B42,2020-03-14,-73.0333,-125.6333,24.0,-8.407974,-4.7750854,0.0,0.0
B42,2020-03-15,-73.0333,-125.6333,24.0,-8.407974,-4.7750854,0.0,0.0
B42,2020-03-16,-73.0333,-125.6333,24.0,-8.407974,-4.7750854,0.0,0.0
B42,2020-03-17,-73.0333,-125.6333,24.0,-8.407974,-4.7750854,0.0,0.0
B42,2020-03-18,-73.0333,-125.6333,24.0,-8.407974,-4.7750854,0.0,0.0
B42,2020-03-19,-73.0333,-125.6333,24.0,-8.407974,-4.7750854,0.0,0.0
B42,2020-03-20,-73.0333,-125.6333,24.0,-8.407974,-4.7750854,0.0,0.0
B42,2020-03-21,-73.0333,-125.6333,24.0,-8.407974,-4.7750854,0.0,0.0
B42,2020-03-22,-73.0333,-125.6333,24.0,-8.407974,-4.7750854,0.0,0.0
B42,2020-03-23,-73.0333,-125.6333,24.0,-8.407974,-4.7750854,0.0,0.0
B42,2020-03-24,-73.0333,-125.6333,24.0,-8.407974,-4.7750854,0.0,0.0
B42,2020-03-25,-73.0333,-125.6333,24.0,-8.407974,-4.7750854,0.0,0.0
B42,2020-03-26,-73.0333,-125.6333,24.0,-8.407974,-4.7750854,0.0,0.0
B42,2020-03-27,-73.0333,-125.6333,24.0,-8.407974,-4.7750854,0.0,0.0
B42,2020-03-28,-73.033,-125.634,24.0,-8.407974,-4.7750854,-0.0002624361244540464,0.0003854166666612042
B42,2020-03-29,-73.032,-125.6359,24.0,-8.407974,-4.7750854,-0.0007123673720382231,0.0012847222222283567
B42,2020-03-30,-73.0305,-125.6386,24.0,-8.407974,-4.7750854,-0.00101239838677204,0.001927083333324278
B42,2020-03-31,-73.0284,-125.6417,24.0,-8.407974,-4.7750854,-0.0011625229479699012,0.002697916666664943
B42,2020-04-01,-73.026,-125.6447,24.0,-8.407974,-4.7750854,-0.0011251766187685302,0.0030833333333444043
B42,2020-04-02,-73.0231,-125.6474,24.0,-8.407974,-4.7750854,-0.0010128268765470401,0.0037256944444403256
B42,2020-04-03,-73.02,-125.6493,24.0,-8.407974,-4.7750854,-0.000712856337253206,0.003982638888893299
B42,2020-04-04,-73.0167,-125.65,24.0,-8.407974,-4.7750854,-0.0002626808200284123,0.004239583333328017
B42,2020-04-05,-73.0106,-125.6438,24.0,-8.407974,-4.7750854,0.0023274125771967336,0.007836805555560112
B42,2020-04-06,-73.0007,-125.6284,24.0,-8.407974,-4.7750854,0.0057842618090028115,0.012718750000002306
B42,2020-04-07,-72.9891,-125.6083,24.0,-8.407974,-4.7750854,0.007554587948559712,0.01490277777777956
B42,2020-04-08,-72.9781,-125.5883,24.0,-8.407974,-4.7750854,0.007521719952338747,0.014131944444438894
B42,2020-04-09,-72.9699,-125.5729,24.0,-8.407974,-4.7750854,0.005794431793016832,0.010534722222225056
B42,2020-04-10,-72.9667,-125.5667,24.0,-8.407974,-4.7750854,0.002333248543919926,0.00411111111110153
B42,2020-04-11,-72.9676,-125.6184,24.0,-8.407974,-4.7750854,-0.01945528465128506,-0.0011562500000018695
B42,2020-04-12,-72.97,-125.7517,24.0,-8.407974,-4.7750854,-0.050155412784435784,-0.0030833333333261472
B42,2020-04-13,-72.9732,-125.934,24.0,-8.407974,-4.7750854,-0.06857962914788615,-0.004111111111119787
B42,2020-04-14,-72.9768,-126.1327,24.0,-8.407974,-4.7750854,-0.07473382596743004,-0.004624999999989221
B42,2020-04-15,-72.98,-126.315,24.0,-8.407974,-4.7750854,-0.06855305102935537,-0.004111111111119787
B42,2020-04-16,-72.9824,-126.4483,24.0,-8.407974,-4.7750854,-0.05011997393951596,-0.0030833333333261472
B42,2020-04-17,-72.9833,-126.5,24.0,-8.407974,-4.7750854,-0.01943788196954216,-0.0011562500000018695
B42,2020-04-18,-72.9833,-126.5,24.0,-8.407974,-4.7750854,0.0,0.0
B42,2020-04-19,-72.9833,-126.5,24.0,-8.407974,-4.7750854,0.0,0.0
B42,2020-04-20,-72.9833,-126.5,24.0,-8.407974,-4.7750854,0.0,0.0
B42,2020-04-21,-72.9833,-126.5,24.0,-8.407974,-4.7750854,0.0,0.0
B42,2020-04-22,-72.9833,-126.5,24.0,-8.407974,-4.7750854,0.0,0.0
B42,2020-04-23,-72.9833,-126.5,24.0,-8.407974,-4.7750854,0.0,0.0
B42,2020-04-24,-72.9833,-126.5,24.0,-8.407974,-4.7750854,0.0,0.0
B42,2020-04-25,-72.9833,-126.4991,24.0,-8.407974,-4.7750854,0.0003383770555631978,0.0
B42,2020-04-26,-72.9833,-126.4967,24.0,-8.407974,-4.7750854,0.0009023388148316323,0.0
B42,2020-04-27,-72.9833,-126.4934,24.0,-8.407974,-4.7750854,0.001240715870400173,0.0
B42,2020-04-28,-72.9833,-126.4899,24.0,-8.407974,-4.7750854,0.001315910771628128,0.0
B42,2020-04-29,-72.9833,-126.4866,24.0,-8.407974,-4.7750854,0.001240715870400173,0.0
B42,2020-04-30,-72.9833,-126.4842,24.0,-8.407974,-4.7750854,0.0009023388148316323,0.0
B42,2020-05-01,-72.9833,-126.4833,24.0,-8.407974,-4.7750854,0.0003383770555631978,0.0
B42,2020-05-02,-72.9833,-126.4833,24.0,-8.407974,-4.7750854,0.0,0.0
B42,2020-05-03,-72.9833,-126.4833,24.0,-8.407974,-4.7750854,0.0,0.0
B42,2020-05-04,-72.9833,-126.4833,24.0,-8.407974,-4.7750854,0.0,0.0
B42,2020-05-05,-72.9833,-126.4833,24.0,-8.407974,-4.7750854,0.0,0.0
B42,2020-05-06,-72.9833,-126.4833,24.0,-8.407974,-4.7750854,0.0,0.0
B42,2020-05-07,-72.9833,-126.4833,24.0,-8.407974,-4.7750854,0.0,0.0
B42,2020-05-08,-72.9833,-126.4833,24.0,-8.407974,-4.7750854,0.0,0.0
B42,2020-05-09,-72.9833,-126.4796,24.0,-8.407974,-4.7750854,0.0013911056728667687,0.0
B42,2020-05-10,-72.9833,-126.4701,24.0,-8.407974,-4.7750854,0.0035717578087178944,0.0
B42,2020-05-11,-72.9833,-126.4571,24.0,-8.407974,-4.7750854,0.0048876685803513654,0.0
B42,2020-05-12,-72.9833,-126.4429,24.0,-8.407974,-4.7750854,0.005338837987767181,0.0
B42,2020-05-13,-72.9833,-126.4299,24.0,-8.407974,-4.7750854,0.0048876685803460225,0.0
B42,2020-05-14,-72.9833,-126.4204,24.0,-8.407974,-4.7750854,0.0035717578087178944,0.0
B42,2020-05-15,-72.9833,-126.4167,24.0,-8.407974,-4.7750854,0.0013911056728667687,0.0
B42,2020-05-16,-72.9833,-126.4167,24.0,-8.407974,-4.7750854,0.0,0.0
B42,2020-05-17,-72.9833,-126.4167,24.0,-8.407974,-4.7750854,0.0,0.0
B42,2020-05-18,-72.9833,-126.4167,24.0,-8.407974,-4.7750854,0.0,0.0
B42,2020-05-19,-72.9833,-126.4167,24.0,-8.407974,-4.7750854,0.0,0.0
B42,2020-05-20,-72.9833,-126.4167,24.0,-8.407974,-4.7750854,0.0,0.0
B42,2020-05-21,-72.9833,-126.4167,24.0,-8.407974,-4.7750854,0.0,0.0
B42,2020-05-22,-72.9833,-126.4167,24.0,-8.407974,-4.7750854,0.0,0.0
B42,2020-05-23,-72.9833,-126.4167,24.0,-8.407974,-4.7750854,0.0,0.0
B42,2020-05-24,-72.9833,-126.4167,24.0,-8.407974,-4.7750854,0.0,0.0
B42,2020-05-25,-72.9833,-126.4167,24.0,-8.407974,-4.7750854,0.0,0.0
B42,2020-05-26,-72.9833,-126.4167,24.0,-8.407974,-4.7750854,0.0,0.0
B42,2020-05-27,-72.9833,-126.4167,24.0,-8.407974,-4.7750854,0.0,0.0
B42,2020-05-28,-72.9833,-126.4167,24.0,-8.407974,-4.7750854,0.0,0.0
B42,2020-05-29,-72.9833,-126.4167,24.0,-8.407974,-4.7750854,0.0,0.0
B42,2020-05-30,-72.9833,-126.4167,24.0,-8.407974,-4.7750854,0.0,0.0
B42,2020-05-31,-72.9833,-126.4167,24.0,-8.407974,-4.7750854,0.0,0.0
B42,2020-06-01,-72.9833,-126.4167,24.0,-8.407974,-4.7750854,0.0,0.0
B42,2020-06-02,-72.9833,-126.4167,24.0,-5.838913,1.0378418,0.0,0.0
B42,2020-06-03,-72.9833,-126.4167,24.0,-5.030365,-1.5717773,0.0,0.0
B42,2020-06-04,-72.9833,-126.4167,24.0,-6.2192993,-0.9847107,0.0,0.0
B42,2020-06-05,-72.9833,-126.4167,24.0,2.407196,-1.3672485,0.0,0.0
B42,2020-06-06,-72.9833,-126.4167,24.0,-7.0780945,1.5461273,0.0,0.0
B42,2020-06-07,-72.9833,-126.4167,24.0,-4.4179077,0.74572754,0.0,0.0
B42,2020-06-08,-72.9833,-126.4167,24.0,-3.814682,-0.09315491,0.0,0.0
B42,2020-06-09,-72.9833,-126.4167,24.0,-3.973709,3.87352,0.0,0.0
B42,2020-06-10,-72.9833,-126.4167,24.0,-4.472458,-1.1425171,0.0,0.0
B42,2020-06-11,-72.9833,-126.4167,24.0,-4.094208,3.6055145,0.0,0.0
B42,2020-06-12,-72.9833,-126.4167,24.0,-5.1050262,2.3785553,0.0,0.0
B42,2020-06-13,-72.9833,-126.4213,24.0,-6.416397,1.4488525,-0.0017294827284299666,0.0
B42,2020-06-14,-72.9833,-126.4332,24.0,-6.189911,4.217148,-0.004474096623549527,0.0
B42,2020-06-15,-72.9833,-126.4495,24.0,-5.2159576,-1.4429321,-0.006128384450746196,0.0
B42,2020-06-16,-72.9833,-126.4672,24.0,-2.943863,-5.133621,-0.006654748759400653,0.0
B42,2020-06-17,-72.9833,-126.4835,24.0,-10.90535,-7.4810333,-0.006128384450746196,0.0
B42,2020-06-18,-72.9833,-126.4954,24.0,-9.110474,-0.75331116,-0.004474096623549527,0.0
B42,2020-06-19,-72.9833,-126.5,24.0,-9.002136,4.6418457,-0.0017294827284299666,0.0
B42,2020-06-20,-72.9833,-126.5,24.0,-12.401154,7.8871,0.0,0.0
B42,2020-06-21,-72.9833,-126.5,24.0,-11.529938,5.3743744,0.0,0.0
B42,2020-06-22,-72.9833,-126.5,24.0,-11.794785,2.1282501,0.0,0.0
B42,2020-06-23,-72.9833,-126.5,24.0,-9.963745,3.2032013,0.0,0.0
B42,2020-06-24,-72.9833,-126.5,24.0,-9.487549,3.3561554,0.0,0.0
B42,2020-06-25,-72.9833,-126.5,24.0,-4.32016,-1.1919403,0.0,0.0
B42,2020-06-26,-72.9833,-126.5,24.0,-8.472,1.3951416,0.0,0.0
B42,2020-06-27,-72.9833,-126.5,24.0,-8.382874,2.6065674,0.0,0.0
B42,2020-06-28,-72.9833,-126.5,24.0,-6.0569153,4.046341,0.0,0.0
B42,2020-06-29,-72.9833,-126.5,24.0,-8.726654,7.224777,0.0,0.0
B42,2020-06-30,-72.9833,-126.5,24.0,-5.621826,3.9781647,0.0,0.0
B42,2020-07-01,-72.9833,-126.5,24.0,-5.810837,4.7501526,0.0,0.0
B42,2020-07-02,-72.9833,-126.5,24.0,-5.955719,2.919342,0.0,0.0
B42,2020-07-03,-72.9833,-126.5,24.0,-6.2857666,3.7391357,0.0,0.0
B42,2020-07-04,-72.9839,-126.5,24.0,-6.4733124,4.2108917,0.0,-0.0007708333333406654
B42,2020-07-05,-72.9856,-126.5,24.0,-9.122299,7.6986847,0.0,-0.002184027777777252
B42,2020-07-06,-72.9881,-126.5,24.0,-3.9759674,1.9046478,0.0,-0.0032118055555526346
B42,2020-07-07,-72.9911,-126.5,24.0,-5.4647827,1.9244995,0.0,-0.003854166666666813
B42,2020-07-08,-72.9943,-126.5,24.0,-5.1516113,1.4736938,0.0,-0.00411111111110153
B42,2020-07-09,-72.9973,-126.5,24.0,-6.4248657,1.8643341,0.0,-0.003854166666666813
B42,2020-07-10,-73.0,-126.5,24.0,-10.0078125,5.2724457,0.0,-0.0034687500000056084
B42,2020-07-11,-73.0027,-126.5009,24.0,-10.73613,-0.350708,-0.0003380026770359482,-0.0034687500000056084
B42,2020-07-12,-73.0057,-126.5033,24.0,-12.996063,3.0069427,-0.0009011860799662393,-0.003854166666666813
B42,2020-07-13,-73.0089,-126.5066,24.0,-8.344818,2.6960297,-0.0012389044144309567,-0.00411111111110153
B42,2020-07-14,-73.0119,-126.5101,24.0,-7.2431793,0.58503723,-0.0013137643678192328,-0.003854166666666813
B42,2020-07-15,-73.0144,-126.5134,24.0,-6.048477,1.6834869,-0.00123851520214878,-0.0032118055555526346
B42,2020-07-16,-73.0161,-126.5158,24.0,-5.4745026,1.6074524,-0.0009006508348035683,-0.002184027777777252
B42,2020-07-17,-73.0167,-126.5167,24.0,-7.816391,4.3467407,-0.00033773248288986393,-0.0007708333333406654
B42,2020-07-18,-73.0167,-126.5126,24.0,-5.9490814,3.5990295,0.0015385590887157512,0.0
B42,2020-07-19,-73.0167,-126.5015,24.0,-8.10582,5.1851196,0.0041653672889732105,0.0
B42,2020-07-20,-73.0167,-126.4857,24.0,-6.024719,1.2807465,0.005929081366278648,0.0
B42,2020-07-21,-73.0167,-126.4673,24.0,-5.6832886,2.5852966,0.0069047529835148495,0.0
B42,2020-07-22,-73.0167,-126.4482,24.0,-7.554123,2.5699615,0.007167433803537929,0.0
B42,2020-07-23,-73.0167,-126.4306,24.0,-9.457428,0.6259918,0.006604546332058377,0.0
B42,2020-07-24,-73.0167,-126.4167,24.0,-6.8414307,-2.3222656,0.0052160905690655296,0.0
B42,2020-07-25,-73.0093,-126.4046,24.0,-5.0728607,-3.3166504,0.004542545731037102,0.009506944444449673
B42,2020-07-26,-72.9903,-126.3918,24.0,-7.39093,2.3202667,0.004810552533308326,0.024409722222210974
B42,2020-07-27,-72.9642,-126.3792,24.0,-5.4268646,1.9676056,0.004742438495666362,0.03353124999999944
B42,2020-07-28,-72.9358,-126.3679,24.0,-9.345871,4.67836,0.004260018893077994,0.03648611111111736
B42,2020-07-29,-72.9097,-126.3586,24.0,-5.829651,3.0608673,0.0035112359259707395,0.03353124999999944
B42,2020-07-30,-72.8907,-126.3523,24.0,-5.7404327,3.743164,0.0023811445164686287,0.024409722222229233
B42,2020-07-31,-72.8833,-126.35,24.0,-6.3247375,4.2987823,0.0008696714651223791,0.009506944444431417
B42,2020-08-01,-72.8833,-126.3535,24.0,-8.6586,3.6341095,-0.00132341309909717,0.0
B42,2020-08-02,-72.8833,-126.3632,24.0,-9.809586,2.212677,-0.003667744874641649,0.0
B42,2020-08-03,-72.8833,-126.3774,24.0,-4.587204,0.8823242,-0.0053692760020430845,0.0
B42,2020-08-04,-72.8833,-126.3946,24.0,-8.852371,5.527542,-0.006503630086988122,0.0
B42,2020-08-05,-72.8833,-126.4135,24.0,-8.11972,4.380066,-0.007146430735120419,0.0
B42,2020-08-06,-72.8833,-126.4325,24.0,-10.225403,5.1781006,-0.007184242537952995,0.0
B42,2020-08-07,-72.8833,-126.45,24.0,-6.4499664,4.797333,-0.006617065495480477,0.0
B42,2020-08-08,-72.8848,-126.4681,24.0,-7.247925,5.7384644,-0.006843354499929523,-0.001927083333324278
B42,2020-08-09,-72.8886,-126.4888,24.0,-0.6368408,-1.1312561,-0.00782469212509835,-0.004881944444442195
B42,2020-08-10,-72.8941,-126.5108,24.0,-3.8823242,-3.8447266,-0.00831350483232271,-0.007065972222219447
B42,2020-08-11,-72.9005,-126.5327,24.0,-5.113861,1.2110901,-0.008272712393115356,-0.008222222222221317
B42,2020-08-12,-72.9068,-126.5529,24.0,-11.250671,2.9653778,-0.007627810958858708,-0.008093750000013087
B42,2020-08-13,-72.9125,-126.5703,24.0,-11.1201935,4.7908173,-0.006568364952000642,-0.007322916666654165
B42,2020-08-14,-72.9167,-126.5833,24.0,-5.5083923,1.9119873,-0.004906228856162325,-0.005395833333348143
B42,2020-08-15,-72.9199,-126.5937,24.0,-7.651932,4.7948914,-0.003924269778038026,-0.00411111111110153
B42,2020-08-16,-72.9232,-126.6038,24.0,-5.514328,2.9665222,-0.0038103552972666046,-0.004239583333328017
B42,2020-08-17,-72.9263,-126.6132,24.0,-7.7135315,7.7947235,-0.0035456466729538944,-0.003982638888893299
B42,2020-08-18,-72.9291,-126.6213,24.0,-9.931992,9.705963,-0.003054805145721742,-0.0035972222222320958
B42,2020-08-19,-72.9313,-126.6276,24.0,-6.9272766,6.2744904,-0.0023756624705124274,-0.0028263888888731734
B42,2020-08-20,-72.9328,-126.6318,24.0,-6.768799,4.2211,-0.00158363993933465,-0.0019270833333425348
B42,2020-08-21,-72.9333,-126.6333,24.0,-9.640381,7.4161224,-0.0005655696162260808,-0.0006423611111141783
B42,2020-08-22,-72.9324,-126.6259,24.0,-10.899216,7.467819,0.0027902861982847943,0.0011562500000018695
B42,2020-08-23,-72.93,-126.6069,24.0,-7.2795105,4.0813293,0.007165225782162802,0.0030833333333261472
B42,2020-08-24,-72.9268,-126.5808,24.0,-7.4618225,2.0684662,0.009844547744711486,0.004111111111119787
B42,2020-08-25,-72.9232,-126.5525,24.0,-6.9773254,-1.7195892,0.010676540090352548,0.004625000000007478
B42,2020-08-26,-72.92,-126.5264,24.0,-7.0380096,0.23605347,0.009848351866410011,0.00411111111110153
B42,2020-08-27,-72.9176,-126.5074,24.0,-8.203934,0.7502289,0.007170275663795039,0.0030833333333444043
B42,2020-08-28,-72.9167,-126.5,24.0,-7.4194946,3.3529968,0.002792776425818943,0.0011562499999836124
B42,2020-08-29,-72.9176,-126.5083,24.0,-7.666321,6.9951477,-0.0031322783162929402,-0.0011562499999836124
B42,2020-08-30,-72.92,-126.5297,24.0,-9.274033,4.5171967,-0.008074893867478021,-0.0030833333333444043
B42,2020-08-31,-72.9232,-126.559,24.0,-6.62175,4.078781,-0.011053802991068137,-0.00411111111110153
B42,2020-09-01,-72.9268,-126.591,24.0,-7.023636,4.004944,-0.012069943595047435,-0.004625000000007478
B42,2020-09-02,-72.93,-126.6203,24.0,-7.023636,4.004944,-0.011049532390387109,-0.004111111111119787
B42,2020-09-03,-72.9324,-126.6417,24.0,-7.023636,4.004944,-0.00806920603287316,-0.0030833333333261472
B42,2020-09-04,-72.9333,-126.65,24.0,-7.023636,4.004944,-0.0031294852097714545,-0.0011562500000018695
B42,2020-09-05,-72.9333,-126.65,24.0,-7.023636,4.004944,0.0,0.0
B42,2020-09-06,-72.9333,-126.65,24.0,-7.023636,4.004944,0.0,0.0
B42,2020-09-07,-72.9333,-126.65,24.0,-7.023636,4.004944,0.0,0.0
B42,2020-09-08,-72.9333,-126.65,24.0,-7.023636,4.004944,0.0,0.0
B42,2020-09-09,-72.9333,-126.65,24.0,-7.023636,4.004944,0.0,0.0
B42,2020-09-10,-72.9333,-126.65,24.0,-7.023636,4.004944,0.0,0.0
B42,2020-09-11,-72.9333,-126.65,24.0,-7.023636,4.004944,0.0,0.0
B42,2020-09-12,-72.9333,-126.65,24.0,-7.023636,4.004944,0.0,0.0
B42,2020-09-13,-72.9333,-126.65,24.0,-7.023636,4.004944,0.0,0.0
B42,2020-09-14,-72.9333,-126.65,24.0,-7.023636,4.004944,0.0,0.0
B42,2020-09-15,-72.9333,-126.65,24.0,-7.023636,4.004944,0.0,0.0
B42,2020-09-16,-72.9333,-126.65,24.0,-7.023636,4.004944,0.0,0.0
B42,2020-09-17,-72.9333,-126.65,24.0,-7.023636,4.004944,0.0,0.0
B42,2020-09-18,-72.9333,-126.65,24.0,-7.023636,4.004944,0.0,0.0
B42,2020-09-19,-72.9333,-126.65,24.0,-7.023636,4.004944,0.0,0.0
B42,2020-09-20,-72.9333,-126.65,24.0,-7.023636,4.004944,0.0,0.0
B42,2020-09-21,-72.9333,-126.65,24.0,-7.023636,4.004944,0.0,0.0
B42,2020-09-22,-72.9333,-126.65,24.0,-7.023636,4.004944,0.0,0.0
B42,2020-09-23,-72.9333,-126.65,24.0,-7.023636,4.004944,0.0,0.0
B42,2020-09-24,-72.9333,-126.65,24.0,-7.023636,4.004944,0.0,0.0
B42,2020-09-25,-72.9333,-126.65,24.0,-7.023636,4.004944,0.0,0.0
B42,2020-10-10,-72.9333,-126.65,24.0,-7.023636,4.004944,0.0,0.0
B42,2020-10-11,-72.9333,-126.65,24.0,-7.023636,4.004944,0.0,0.0
B42,2020-10-12,-72.9333,-126.65,24.0,-7.023636,4.004944,0.0,0.0
B42,2020-10-13,-72.9333,-126.65,24.0,-7.023636,4.004944,0.0,0.0
B42,2020-10-14,-72.9333,-126.65,24.0,-7.023636,4.004944,0.0,0.0
B42,2020-10-15,-72.9333,-126.65,24.0,-7.023636,4.004944,0.0,0.0
B42,2020-10-16,-72.9333,-126.65,24.0,-7.023636,4.004944,0.0,0.0
B42,2020-10-17,-72.9333,-126.65,24.0,-7.023636,4.004944,0.0,0.0
B42,2020-10-18,-72.9333,-126.65,24.0,-7.023636,4.004944,0.0,0.0
B42,2020-10-19,-72.9333,-126.65,24.0,-7.023636,4.004944,0.0,0.0
B42,2020-10-20,-72.9333,-126.65,24.0,-7.023636,4.004944,0.0,0.0
B42,2020-10-21,-72.9333,-126.65,24.0,-7.023636,4.004944,0.0,0.0
B42,2020-10-22,-72.9333,-126.65,24.0,-7.023636,4.004944,0.0,0.0
B42,2020-10-23,-72.9333,-126.65,24.0,-7.023636,4.004944,0.0,0.0
B42,2020-10-24,-72.9268,-126.6417,24.0,-7.023636,4.004944,0.003130641619967857,0.008350694444447804
B42,2020-10-25,-72.9102,-126.6203,24.0,-7.023636,4.004944,0.008079388824042426,0.02132638888888483
B42,2020-10-26,-72.8874,-126.591,24.0,-7.023636,4.004944,0.011076283878608048,0.029291666666671427
B42,2020-10-27,-72.8626,-126.559,24.0,-6.034378,3.123108,0.012113970999054978,0.03186111111110988
B42,2020-10-28,-72.8398,-126.5297,24.0,-6.034378,3.123108,0.011106167968944433,0.029291666666671427
B42,2020-10-29,-72.8232,-126.5083,24.0,-6.034378,3.123108,0.008119282651845083,0.02132638888888483
B42,2020-10-30,-72.8167,-126.5,24.0,-6.034378,3.123108,0.003150223296287179,0.008350694444447804
B42,2020-10-31,-72.822,-126.5055,24.0,-6.034378,3.123108,-0.0020868729109690645,-0.00680902777778473
B42,2020-11-01,-72.8356,-126.5198,24.0,-6.034378,3.123108,-0.005421703187308231,-0.017472222222218017
B42,2020-11-02,-72.8543,-126.5394,24.0,-6.034378,3.123108,-0.007423292917648335,-0.024024305555549776
B42,2020-11-03,-72.875,-126.5606,24.0,-6.034378,3.123108,-0.008019872846208455,-0.026593750000006484
B42,2020-11-04,-72.8945,-126.5802,24.0,-7.023636,4.004944,-0.007406409015435755,-0.025052083333325155
B42,2020-11-05,-72.9094,-126.5945,24.0,-7.023636,4.004944,-0.005399089121884446,-0.019142361111125834
B42,2020-11-06,-72.9167,-126.6,24.0,-7.023636,4.004944,-0.0020757122083769875,-0.009378472222223187
B43,2020-01-01,-71.7864,-172.996,24.0,-15.211685,-5.494812,-0.07778087250045068,0.02595138888889231
B43,2020-01-02,-71.7752,-173.0835,24.0,-15.211685,-5.494812,-0.035156785533562024,0.014388888888891869
B43,2020-01-03,-71.7667,-173.1167,24.0,-15.211685,-5.494812,-0.013345499014974017,0.010920138888886259
B43,2020-01-04,-71.7597,-173.1112,24.0,-15.211685,-5.494812,0.0022116706507537918,0.008993055555561982
B43,2020-01-05,-71.7529,-173.0969,24.0,-15.211685,-5.494812,0.005752414468959617,0.008736111111109009
B43,2020-01-06,-71.7467,-173.0773,24.0,-15.211685,-5.494812,0.00788701595880787,0.007965277777768343
B43,2020-01-07,-71.7413,-173.0561,24.0,-15.211685,-5.494812,0.008533291735597515,0.006937500000011217
B43,2020-01-08,-71.7371,-173.0365,24.0,-15.211685,-5.494812,0.007891022593025826,0.005395833333329886
B43,2020-01-09,-71.7343,-173.0222,24.0,-15.211685,-5.494812,0.005758078239138668,0.0035972222222138387
B43,2020-01-10,-71.7333,-173.0167,24.0,-15.211685,-5.494812,0.002214762586824533,0.0012847222222283567
B43,2020-01-11,-71.737,-173.0444,24.0,-15.211685,-5.494812,-0.011152167442630404,-0.004753472222215708
B43,2020-01-12,-71.7465,-173.1158,24.0,-15.211685,-5.494812,-0.028731576504527213,-0.012204861111114617
B43,2020-01-13,-71.7596,-173.2135,24.0,-15.211685,-5.494812,-0.03928752125733799,-0.016829861111122096
B43,2020-01-14,-71.7737,-173.3199,24.0,-15.211685,-5.494812,-0.04275405032960131,-0.018114583333332195
B43,2020-01-15,-71.7868,-173.4176,24.0,-15.211685,-5.494812,-0.0392309241735826,-0.016829861111103836
B43,2020-01-16,-71.7963,-173.489,24.0,-15.211685,-5.494812,-0.028655849001298507,-0.012204861111114617
B43,2020-01-17,-71.8,-173.5167,24.0,-15.211685,-5.494812,-0.011115002013297738,-0.004753472222215708
B43,2020-01-18,-71.793,-173.5121,24.0,-15.211685,-5.494812,0.00184649848308013,0.008993055555543725
B43,2020-01-19,-71.7742,-173.5002,24.0,-15.211685,-5.494812,0.004781576276145243,0.024152777777794517
B43,2020-01-20,-71.7475,-173.4839,24.0,-15.211685,-5.494812,0.00655882232759432,0.03430208333332185
B43,2020-01-21,-71.7164,-173.4661,24.0,-15.211685,-5.494812,0.007174182059422819,0.039954861111122966
B43,2020-01-22,-71.6846,-173.4498,24.0,-15.211685,-5.494812,0.00658065092992034,0.04085416666665361
B43,2020-01-23,-71.6557,-173.4379,24.0,-15.211685,-5.494812,0.004811599006123467,0.03712847222223154
B43,2020-01-24,-71.6333,-173.4333,24.0,-15.211685,-5.494812,0.001862138709824245,0.028777777777765478
B43,2020-01-25,-71.6175,-173.4352,24.0,-14.655045,-6.2789917,-0.0007697830583137582,0.020298611111109446
B43,2020-01-26,-71.6047,-173.4407,24.0,-14.655045,-6.2789917,-0.0022298173272173563,0.01644444444446089
B43,2020-01-27,-71.5935,-173.4498,24.0,-14.655045,-6.2789917,-0.0036915025922239935,0.014388888888873613
B43,2020-01-28,-71.5823,-173.4621,24.0,-14.655045,-6.2789917,-0.004992544210746995,0.014388888888891869
B43,2020-01-29,-71.5695,-173.4775,24.0,-14.655045,-6.2789917,-0.006255021107738553,0.016444444444442635
B43,2020-01-30,-71.5537,-173.4957,24.0,-14.655045,-6.2789917,-0.007398414519697872,0.020298611111109446
B43,2020-01-31,-71.5333,-173.5167,24.0,-14.655045,-6.2789917,-0.008545743909865022,0.026208333333345282
B43,2020-02-01,-71.4958,-173.5796,24.0,-14.655045,-6.2789917,-0.02564669822511673,0.04817708333332603
B43,2020-02-02,-71.4356,-173.7108,24.0,-14.655045,-6.2789917,-0.05366309357377403,0.07734027777778923
B43,2020-02-03,-71.3614,-173.8905,24.0,-15.248795,-6.9918823,-0.07378380039255882,0.09532638888887669
B43,2020-02-04,-71.282,-174.0989,24.0,-15.248795,-6.9918823,-0.08591934257625013,0.10200694444445317
B43,2020-02-05,-71.2061,-174.3165,24.0,-15.248795,-6.9918823,-0.09006298992337183,0.09751041666665393
B43,2020-02-06,-71.1426,-174.5234,24.0,-15.248795,-6.9918823,-0.08591317373498122,0.08157986111111724
B43,2020-02-07,-71.1,-174.7,24.0,-15.63356,-6.371765,-0.0734910136802118,0.054729166666676037
B43,2020-02-08,-71.073,-174.856,24.0,-15.63356,-6.371765,-0.06500779422696264,0.034687500000001315
B43,2020-02-09,-71.0498,-175.0125,24.0,-15.63356,-6.371765,-0.0652931575489604,0.029805555555540864
B43,2020-02-10,-71.0298,-175.1666,24.0,-15.63356,-6.371765,-0.06435721387351225,0.025694444444457593
B43,2020-02-11,-71.0121,-175.3152,24.0,-15.63356,-6.371765,-0.06211600384766655,0.022739583333321416
B43,2020-02-12,-70.9962,-175.4556,24.0,-15.63356,-6.371765,-0.05873566689698557,0.020427083333335934
B43,2020-02-13,-70.9813,-175.5849,24.0,-15.63356,-6.371765,-0.0541328775909762,0.019142361111107575
B43,2020-02-14,-70.9667,-175.7,24.0,-15.63356,-6.371765,-0.04822351214918299,0.018756944444446373
B43,2020-02-15,-70.9534,-175.8026,24.0,-15.63356,-6.371765,-0.04301530360314445,0.01708680555555681
B43,2020-02-16,-70.9422,-175.8971,24.0,-15.63356,-6.371765,-0.03964179068833403,0.014388888888891869
B43,2020-02-17,-70.9322,-175.9849,24.0,-15.63356,-6.371765,-0.03684981615846656,0.012847222222228796
B43,2020-02-18,-70.9222,-176.0676,24.0,-15.63356,-6.371765,-0.03472686264278694,0.012847222222210538
B43,2020-02-19,-70.9114,-176.1467,24.0,-15.63356,-6.371765,-0.033233275866697526,0.013875000000004176
B43,2020-02-20,-70.8988,-176.2237,24.0,-15.63356,-6.371765,-0.03237153397370355,0.016187500000007914
B43,2020-02-21,-70.8833,-176.3,24.0,-15.63356,-6.371765,-0.032102304220300575,0.019913194444429985
B43,2020-02-22,-70.8634,-176.3722,24.0,-14.04274,-5.3063354,-0.03040771663483018,0.0255659722222311
B43,2020-02-23,-70.8387,-176.4379,24.0,-14.04274,-5.3063354,-0.027704553701577546,0.0317326388888834
B43,2020-02-24,-70.8098,-176.5005,24.0,-14.04274,-5.3063354,-0.026435652230717793,0.03712847222223154
B43,2020-02-25,-70.7774,-176.563,24.0,-14.04274,-5.3063354,-0.026436301279681405,0.04162499999999428
B43,2020-02-26,-70.7423,-176.6289,24.0,-14.04274,-5.3063354,-0.027923404720380515,0.045093749999999884
B43,2020-02-27,-70.7052,-176.7012,24.0,-14.04274,-5.3063354,-0.030692010700778805,0.047663194444438346
B43,2020-02-28,-70.6667,-176.7833,24.0,-14.04274,-5.3063354,-0.03491908600365495,0.049461805555554385
B43,2020-02-29,-70.6237,-176.8781,24.0,-10.154068,-4.8688354,-0.040406936464619354,0.05524305555556373
B43,2020-03-01,-70.5741,-176.985,24.0,-10.154068,-4.8688354,-0.045676501049621364,0.06372222222221977
B43,2020-03-02,-70.5199,-177.1021,24.0,-10.154068,-4.8688354,-0.05016897122577287,0.06963194444443735
B43,2020-03-03,-70.4633,-177.2275,24.0,-10.154068,-4.8688354,-0.05387493884154303,0.07271527777778175
B43,2020-03-04,-70.4064,-177.3591,24.0,-10.154068,-4.8688354,-0.056696819202518345,0.07310069444444296
B43,2020-03-05,-70.3512,-177.495,24.0,-5.702896,-4.822937,-0.0587078149997354,0.07091666666666571
B43,2020-03-06,-70.3,-177.6333,24.0,-5.702896,-4.822937,-0.059894102322103765,0.06577777777778879
B43,2020-03-07,-70.2498,-177.7958,24.0,-5.702896,-4.822937,-0.07054666736089688,0.06449305555556044
B43,2020-03-08,-70.1976,-177.9923,24.0,-5.702896,-4.822937,-0.08552363154338585,0.06706249999999889
B43,2020-03-09,-70.1457,-178.2021,24.0,-5.702896,-4.822937,-0.09154193045203812,0.06667708333331944
B43,2020-03-10,-70.0961,-178.405,24.0,-2.7429352,-4.789734,-0.08874346819403611,0.06372222222221977
B43,2020-03-11,-70.0511,-178.5803,24.0,-2.7429352,-4.789734,-0.07683819850058117,0.05781250000000219
B43,2020-03-12,-70.0128,-178.7077,24.0,-2.7429352,-4.789734,-0.05594531063999664,0.04920486111111967
B43,2020-03-13,-69.9833,-178.7667,24.0,-2.7429352,-4.789734,-0.02594541138251435,0.03789930555555395
B43,2020-03-14,-69.9595,-178.7816,24.0,-2.7429352,-4.789734,-0.0065597863764826035,0.030576388888881527
B43,2020-03-15,-69.937,-178.7916,24.0,-2.7429352,-4.789734,-0.004407280467863018,0.028906250000010222
B43,2020-03-16,-69.9166,-178.7986,24.0,-2.7429352,-4.789734,-0.0030881037765441402,0.026208333333327023
B43,2020-03-17,-69.8988,-178.8044,24.0,-2.7429352,-4.789734,-0.0025608885857098486,0.022868055555566157
B43,2020-03-18,-69.8841,-178.8109,24.0,-2.7429352,-4.789734,-0.0028719732292209667,0.0188854166666546
B43,2020-03-19,-69.8732,-178.8199,24.0,-1.575943,-4.6657104,-0.003978643723856544,0.014003472222230666
B43,2020-03-20,-69.8667,-178.8333,24.0,-1.575943,-4.6657104,-0.005925592142749432,0.008350694444447804
B43,2020-03-21,-69.8627,-178.857,24.0,-1.575943,-4.6657104,-0.010482334091896459,0.0051388888888769125
B43,2020-03-22,-69.8591,-178.8943,24.0,-1.575943,-4.6657104,-0.016500339971400112,0.004625000000007478
B43,2020-03-23,-69.856,-178.9432,24.0,-1.575943,-4.6657104,-0.021635004151086153,0.003982638888893299
B43,2020-03-24,-69.8535,-179.0019,24.0,-1.575943,-4.6657104,-0.0259739428694136,0.0032118055555526346
B43,2020-03-25,-69.8516,-179.0683,24.0,-1.575943,-4.6657104,-0.029383742734426715,0.002440972222211969
B43,2020-03-26,-69.8504,-179.1406,24.0,-1.575943,-4.6657104,-0.0319964739157498,0.0015416666666813307
B43,2020-03-27,-69.85,-179.2167,24.0,-1.575943,-4.6657104,-0.03367881041013423,0.0005138888888876912
B45,2020-01-01,-74.7,-109.3667,24.0,-9.644302,-3.1246948,0.0,0.0
B45,2020-01-02,-74.7,-109.3667,24.0,-9.644302,-3.1246948,0.0,0.0
B45,2020-01-03,-74.7,-109.3667,24.0,-9.644302,-3.1246948,0.0,0.0
B45,2020-01-04,-74.7,-109.3667,24.0,-9.644302,-3.1246948,0.0,0.0
B45,2020-01-05,-74.7,-109.3667,24.0,-9.644302,-3.1246948,0.0,0.0
B45,2020-01-06,-74.7,-109.3667,24.0,-9.644302,-3.1246948,0.0,0.0
B45,2020-01-07,-74.7,-109.3667,24.0,-9.644302,-3.1246948,0.0,0.0
B45,2020-01-08,-74.7,-109.3667,24.0,-9.644302,-3.1246948,0.0,0.0
B45,2020-01-09,-74.7,-109.3667,24.0,-9.644302,-3.1246948,0.0,0.0
B45,2020-01-10,-74.7,-109.3667,24.0,-9.644302,-3.1246948,0.0,0.0
B45,2020-01-11,-74.7,-109.3667,24.0,-9.644302,-3.1246948,0.0,0.0
B45,2020-01-12,-74.7,-109.3667,24.0,-9.644302,-3.1246948,0.0,0.0
B45,2020-01-13,-74.7,-109.3667,24.0,-9.644302,-3.1246948,0.0,0.0
B45,2020-01-14,-74.7,-109.3667,24.0,-9.644302,-3.1246948,0.0,0.0
B45,2020-01-15,-74.7,-109.3667,24.0,-9.644302,-3.1246948,0.0,0.0
B45,2020-01-16,-74.7,-109.3667,24.0,-9.644302,-3.1246948,0.0,0.0
B45,2020-01-17,-74.7,-109.3667,24.0,-9.644302,-3.1246948,0.0,0.0
B45,2020-01-18,-74.7,-109.3667,24.0,-9.644302,-3.1246948,0.0,0.0
B45,2020-01-19,-74.7,-109.3667,24.0,-9.644302,-3.1246948,0.0,0.0
B45,2020-01-20,-74.7,-109.3667,24.0,-9.644302,-3.1246948,0.0,0.0
B45,2020-01-21,-74.7,-109.3667,24.0,-9.644302,-3.1246948,0.0,0.0
B45,2020-01-22,-74.7,-109.3667,24.0,-9.644302,-3.1246948,0.0,0.0
B45,2020-01-23,-74.7,-109.3667,24.0,-9.644302,-3.1246948,0.0,0.0
B45,2020-01-24,-74.7,-109.3667,24.0,-9.644302,-3.1246948,0.0,0.0
B45,2020-01-25,-74.7,-109.3667,24.0,-9.644302,-3.1246948,0.0,0.0
B45,2020-01-26,-74.7,-109.3667,24.0,-9.644302,-3.1246948,0.0,0.0
B45,2020-01-27,-74.7,-109.3667,24.0,-9.644302,-3.1246948,0.0,0.0
B45,2020-01-28,-74.7,-109.3667,24.0,-9.644302,-3.1246948,0.0,0.0
B45,2020-01-29,-74.7,-109.3667,24.0,-9.644302,-3.1246948,0.0,0.0
B45,2020-01-30,-74.7,-109.3667,24.0,-9.644302,-3.1246948,0.0,0.0
B45,2020-01-31,-74.7,-109.3667,24.0,-9.644302,-3.1246948,0.0,0.0
B45,2020-02-01,-74.7,-109.3667,24.0,-9.644302,-3.1246948,0.0,0.0
B45,2020-02-02,-74.7,-109.3667,24.0,-9.644302,-3.1246948,0.0,0.0
B45,2020-02-03,-74.7,-109.3667,24.0,-9.644302,-3.1246948,0.0,0.0
B45,2020-02-04,-74.7,-109.3667,24.0,-9.644302,-3.1246948,0.0,0.0
B45,2020-02-05,-74.7,-109.3667,24.0,-9.644302,-3.1246948,0.0,0.0
B45,2020-02-06,-74.7,-109.3667,24.0,-9.644302,-3.1246948,0.0,0.0
B45,2020-02-07,-74.7,-109.3667,24.0,-9.644302,-3.1246948,0.0,0.0
B45,2020-02-08,-74.7,-109.3667,24.0,-9.644302,-3.1246948,0.0,0.0
B45,2020-02-09,-74.7,-109.3667,24.0,-9.644302,-3.1246948,0.0,0.0
B45,2020-02-10,-74.7,-109.3667,24.0,-9.644302,-3.1246948,0.0,0.0
B45,2020-02-11,-74.7,-109.3667,24.0,-9.644302,-3.1246948,0.0,0.0
B45,2020-02-12,-74.7,-109.3667,24.0,-9.644302,-3.1246948,0.0,0.0
B45,2020-02-13,-74.7,-109.3667,24.0,-9.644302,-3.1246948,0.0,0.0
B45,2020-02-14,-74.7,-109.3667,24.0,-9.644302,-3.1246948,0.0,0.0
B45,2020-02-15,-74.7,-109.3658,24.0,-9.644302,-3.1246948,0.00030510321402295554,0.0
B45,2020-02-16,-74.7,-109.3634,24.0,-9.644302,-3.1246948,0.0008136085707246698,0.0
B45,2020-02-17,-74.7,-109.3601,24.0,-9.644302,-3.1246948,0.0011187117847476253,0.0
B45,2020-02-18,-74.7,-109.3566,24.0,-9.644302,-3.1246948,0.00118651249897709,0.0
B45,2020-02-19,-74.7,-109.3533,24.0,-9.644302,-3.1246948,0.0011187117847476253,0.0
B45,2020-02-20,-74.7,-109.3509,24.0,-9.644302,-3.1246948,0.0008136085707294875,0.0
B45,2020-02-21,-74.7,-109.35,24.0,-9.644302,-3.1246948,0.00030510321402295554,0.0
B45,2020-02-22,-74.7,-109.35,24.0,-9.644302,-3.1246948,0.0,0.0
B45,2020-02-23,-74.7,-109.35,24.0,-9.644302,-3.1246948,0.0,0.0
B45,2020-02-24,-74.7,-109.35,24.0,-9.644302,-3.1246948,0.0,0.0
B45,2020-02-25,-74.7,-109.35,24.0,-9.644302,-3.1246948,0.0,0.0
B45,2020-02-26,-74.7,-109.35,24.0,-9.644302,-3.1246948,0.0,0.0
B45,2020-02-27,-74.7,-109.35,24.0,-9.644302,-3.1246948,0.0,0.0
B45,2020-02-28,-74.7,-109.35,24.0,-9.644302,-3.1246948,0.0,0.0
B45,2020-02-29,-74.7,-109.35,24.0,-9.644302,-3.1246948,0.0,0.0
B45,2020-03-01,-74.7,-109.35,24.0,-9.644302,-3.1246948,0.0,0.0
B45,2020-03-02,-74.7,-109.35,24.0,-9.644302,-3.1246948,0.0,0.0
B45,2020-03-03,-74.7,-109.35,24.0,-9.644302,-3.1246948,0.0,0.0
B45,2020-03-04,-74.7,-109.35,24.0,-9.644302,-3.1246948,0.0,0.0
B45,2020-03-05,-74.7,-109.35,24.0,-9.644302,-3.1246948,0.0,0.0
B45,2020-03-06,-74.7,-109.35,24.0,-9.644302,-3.1246948,0.0,0.0
B45,2020-03-07,-74.7,-109.35,24.0,-9.644302,-3.1246948,0.0,0.0
B45,2020-03-08,-74.7,-109.35,24.0,-9.644302,-3.1246948,0.0,0.0
B45,2020-03-09,-74.7,-109.35,24.0,-9.644302,-3.1246948,0.0,0.0
B45,2020-03-10,-74.7,-109.35,24.0,-9.644302,-3.1246948,0.0,0.0
B45,2020-03-11,-74.7,-109.35,24.0,-9.644302,-3.1246948,0.0,0.0
B45,2020-03-12,-74.7,-109.35,24.0,-9.644302,-3.1246948,0.0,0.0
B45,2020-03-13,-74.7,-109.35,24.0,-9.644302,-3.1246948,0.0,0.0
B45,2020-03-14,-74.7,-109.35,24.0,-9.644302,-3.1246948,0.0,0.0
B45,2020-03-15,-74.7,-109.35,24.0,-9.644302,-3.1246948,0.0,0.0
B45,2020-03-16,-74.7,-109.35,24.0,-9.644302,-3.1246948,0.0,0.0
B45,2020-03-17,-74.7,-109.35,24.0,-9.644302,-3.1246948,0.0,0.0
B45,2020-03-18,-74.7,-109.35,24.0,-9.644302,-3.1246948,0.0,0.0
B45,2020-03-19,-74.7,-109.35,24.0,-9.644302,-3.1246948,0.0,0.0
B45,2020-03-20,-74.7,-109.35,24.0,-9.644302,-3.1246948,0.0,0.0
B45,2020-03-21,-74.7,-109.35,24.0,-9.644302,-3.1246948,0.0,0.0
B45,2020-03-22,-74.7,-109.35,24.0,-9.644302,-3.1246948,0.0,0.0
B45,2020-03-23,-74.7,-109.35,24.0,-9.644302,-3.1246948,0.0,0.0
B45,2020-03-24,-74.7,-109.35,24.0,-9.644302,-3.1246948,0.0,0.0
B45,2020-03-25,-74.7,-109.35,24.0,-9.644302,-3.1246948,0.0,0.0
B45,2020-03-26,-74.7,-109.35,24.0,-9.644302,-3.1246948,0.0,0.0
B45,2020-03-27,-74.7,-109.35,24.0,-9.644302,-3.1246948,0.0,0.0
B45,2020-03-28,-74.7,-109.35,24.0,-9.644302,-3.1246948,0.0,0.0
B45,2020-03-29,-74.7,-109.35,24.0,-9.644302,-3.1246948,0.0,0.0
B45,2020-03-30,-74.7,-109.35,24.0,-9.644302,-3.1246948,0.0,0.0
B45,2020-03-31,-74.7,-109.35,24.0,-9.644302,-3.1246948,0.0,0.0
B45,2020-04-01,-74.7,-109.35,24.0,-9.644302,-3.1246948,0.0,0.0
B45,2020-04-02,-74.7,-109.35,24.0,-9.644302,-3.1246948,0.0,0.0
B45,2020-04-03,-74.7,-109.35,24.0,-9.644302,-3.1246948,0.0,0.0
B45,2020-04-04,-74.7,-109.35,24.0,-9.644302,-3.1246948,0.0,0.0
B45,2020-04-05,-74.7,-109.35,24.0,-9.644302,-3.1246948,0.0,0.0
B45,2020-04-06,-74.7,-109.35,24.0,-9.644302,-3.1246948,0.0,0.0
B45,2020-04-07,-74.7,-109.35,24.0,-9.644302,-3.1246948,0.0,0.0
B45,2020-04-08,-74.7,-109.35,24.0,-9.644302,-3.1246948,0.0,0.0
B45,2020-04-09,-74.7,-109.35,24.0,-9.644302,-3.1246948,0.0,0.0
B45,2020-04-10,-74.7,-109.35,24.0,-9.644302,-3.1246948,0.0,0.0
B45,2020-04-11,-74.7,-109.35,24.0,-9.644302,-3.1246948,0.0,0.0
B45,2020-04-12,-74.7,-109.35,24.0,-9.644302,-3.1246948,0.0,0.0
B45,2020-04-13,-74.7,-109.35,24.0,-9.644302,-3.1246948,0.0,0.0
B45,2020-04-14,-74.7,-109.35,24.0,-9.644302,-3.1246948,0.0,0.0
B45,2020-04-15,-74.7,-109.35,24.0,-9.644302,-3.1246948,0.0,0.0
B45,2020-04-16,-74.7,-109.35,24.0,-9.644302,-3.1246948,0.0,0.0
B45,2020-04-17,-74.7,-109.35,24.0,-9.644302,-3.1246948,0.0,0.0
B45,2020-04-18,-74.7,-109.35,24.0,-9.644302,-3.1246948,0.0,0.0
B45,2020-04-19,-74.7,-109.35,24.0,-9.644302,-3.1246948,0.0,0.0
B45,2020-04-20,-74.7,-109.35,24.0,-9.644302,-3.1246948,0.0,0.0
B45,2020-04-21,-74.7,-109.35,24.0,-9.644302,-3.1246948,0.0,0.0
B45,2020-04-22,-74.7,-109.35,24.0,-9.644302,-3.1246948,0.0,0.0
B45,2020-04-23,-74.7,-109.35,24.0,-9.644302,-3.1246948,0.0,0.0
B45,2020-04-24,-74.7,-109.35,24.0,-9.644302,-3.1246948,0.0,0.0
B45,2020-04-25,-74.7,-109.35,24.0,-9.644302,-3.1246948,0.0,0.0
B45,2020-04-26,-74.7,-109.35,24.0,-9.644302,-3.1246948,0.0,0.0
B45,2020-04-27,-74.7,-109.35,24.0,-9.644302,-3.1246948,0.0,0.0
B45,2020-04-28,-74.7,-109.35,24.0,-9.644302,-3.1246948,0.0,0.0
B45,2020-04-29,-74.7,-109.35,24.0,-9.644302,-3.1246948,0.0,0.0
B45,2020-04-30,-74.7,-109.35,24.0,-9.644302,-3.1246948,0.0,0.0
B45,2020-05-01,-74.7,-109.35,24.0,-9.644302,-3.1246948,0.0,0.0
B45,2020-05-02,-74.7,-109.35,24.0,-9.644302,-3.1246948,0.0,0.0
B45,2020-05-03,-74.7,-109.35,24.0,-9.644302,-3.1246948,0.0,0.0
B45,2020-05-04,-74.7,-109.35,24.0,-9.644302,-3.1246948,0.0,0.0
B45,2020-05-05,-74.7,-109.35,24.0,-9.644302,-3.1246948,0.0,0.0
B45,2020-05-06,-74.7,-109.35,24.0,-9.644302,-3.1246948,0.0,0.0
B45,2020-05-07,-74.7,-109.35,24.0,-9.644302,-3.1246948,0.0,0.0
B45,2020-05-08,-74.7,-109.35,24.0,-9.644302,-3.1246948,0.0,0.0
B45,2020-05-09,-74.6991,-109.35,24.0,-9.644302,-3.1246948,0.0,0.0011562500000018695
B45,2020-05-10,-74.6967,-109.35,24.0,-9.644302,-3.1246948,0.0,0.0030833333333261472
B45,2020-05-11,-74.6934,-109.35,24.0,-9.644302,-3.1246948,0.0,0.004239583333346274
B45,2020-05-12,-74.6899,-109.35,24.0,-9.644302,-3.1246948,0.0,0.004496527777780991
B45,2020-05-13,-74.6866,-109.35,24.0,-9.644302,-3.1246948,0.0,0.004239583333328017
B45,2020-05-14,-74.6842,-109.35,24.0,-9.644302,-3.1246948,0.0,0.0030833333333261472
B45,2020-05-15,-74.6833,-109.35,24.0,-9.644302,-3.1246948,0.0,0.0011562500000018695
B45,2020-05-16,-74.6833,-109.35,24.0,-9.644302,-3.1246948,0.0,0.0
B45,2020-05-17,-74.6833,-109.35,24.0,-9.644302,-3.1246948,0.0,0.0
B45,2020-05-18,-74.6833,-109.35,24.0,-9.644302,-3.1246948,0.0,0.0
B45,2020-05-19,-74.6833,-109.35,24.0,-9.644302,-3.1246948,0.0,0.0
B45,2020-05-20,-74.6833,-109.35,24.0,-9.644302,-3.1246948,0.0,0.0
B45,2020-05-21,-74.6833,-109.35,24.0,-9.644302,-3.1246948,0.0,0.0
B45,2020-05-22,-74.6833,-109.35,24.0,-9.644302,-3.1246948,0.0,0.0
B45,2020-05-23,-74.6833,-109.35,24.0,-9.644302,-3.1246948,0.0,0.0
B45,2020-05-24,-74.6833,-109.35,24.0,-9.644302,-3.1246948,0.0,0.0
B45,2020-05-25,-74.6833,-109.35,24.0,-9.644302,-3.1246948,0.0,0.0
B45,2020-05-26,-74.6833,-109.35,24.0,-9.644302,-3.1246948,0.0,0.0
B45,2020-05-27,-74.6833,-109.35,24.0,-9.644302,-3.1246948,0.0,0.0
B45,2020-05-28,-74.6833,-109.35,24.0,-9.644302,-3.1246948,0.0,0.0
B45,2020-05-29,-74.6833,-109.35,24.0,-9.644302,-3.1246948,0.0,0.0
B45,2020-05-30,-74.6833,-109.35,24.0,-9.644302,-3.1246948,0.0,0.0
B45,2020-05-31,-74.6833,-109.35,24.0,-9.644302,-3.1246948,0.0,0.0
B45,2020-06-01,-74.6833,-109.35,24.0,-9.644302,-3.1246948,0.0,0.0
B45,2020-06-02,-74.6833,-109.35,24.0,-8.092819,-1.1828613,0.0,0.0
B45,2020-06-03,-74.6833,-109.35,24.0,-8.112396,-3.8969727,0.0,0.0
B45,2020-06-04,-74.6833,-109.35,24.0,-6.8687134,-4.8919373,0.0,0.0
B45,2020-06-05,-74.6833,-109.35,24.0,-7.3711243,-8.103577,0.0,0.0
B45,2020-06-06,-74.6833,-109.35,24.0,-5.532196,-1.7282867,0.0,0.0
B45,2020-06-07,-74.6833,-109.35,24.0,-1.8309937,-5.4144287,0.0,0.0
B45,2020-06-08,-74.6833,-109.35,24.0,-2.1457367,-4.6097565,0.0,0.0
B45,2020-06-09,-74.6833,-109.35,24.0,-0.39753723,1.1889496,0.0,0.0
B45,2020-06-10,-74.6833,-109.35,24.0,-4.1609344,-5.622986,0.0,0.0
B45,2020-06-11,-74.6833,-109.35,24.0,-1.3627625,-2.3437042,0.0,0.0
B45,2020-06-12,-74.6833,-109.35,24.0,-4.3394012,3.3892975,0.0,0.0
B45,2020-06-13,-74.6833,-109.35,24.0,-5.6341705,-1.7855225,0.0,0.0
B45,2020-06-14,-74.6833,-109.35,24.0,-4.064911,-1.6920319,0.0,0.0
B45,2020-06-15,-74.6833,-109.35,24.0,-6.8350983,-6.1275024,0.0,0.0
B45,2020-06-16,-74.6833,-109.35,24.0,-3.7622223,-7.600418,0.0,0.0
B45,2020-06-17,-74.6833,-109.35,24.0,-7.37117,-9.821854,0.0,0.0
B45,2020-06-18,-74.6833,-109.35,24.0,-6.2139893,-0.2913971,0.0,0.0
B45,2020-06-19,-74.6833,-109.35,24.0,-5.0079956,2.098877,0.0,0.0
B45,2020-06-20,-74.6833,-109.35,24.0,-5.197052,4.258194,0.0,0.0
B45,2020-06-21,-74.6833,-109.35,24.0,-7.7809143,1.9095306,0.0,0.0
B45,2020-06-22,-74.6833,-109.35,24.0,-6.610214,-2.5446014,0.0,0.0
B45,2020-06-23,-74.6833,-109.35,24.0,-7.3641357,0.5860138,0.0,0.0
B45,2020-06-24,-74.6833,-109.35,24.0,-7.6643066,0.15693665,0.0,0.0
B45,2020-06-25,-74.6833,-109.35,24.0,0.0597229,-6.1870575,0.0,0.0
B45,2020-06-26,-74.6833,-109.35,24.0,-6.204422,-4.7279053,0.0,0.0
B45,2020-06-27,-74.6833,-109.35,24.0,-6.6797485,-0.49890137,0.0,0.0
B45,2020-06-28,-74.6833,-109.35,24.0,-4.752228,-0.054244995,0.0,0.0
B45,2020-06-29,-74.6833,-109.35,24.0,-5.4112244,2.1173553,0.0,0.0
B45,2020-06-30,-74.6833,-109.35,24.0,-4.0476074,0.20472717,0.0,0.0
B45,2020-07-01,-74.6833,-109.35,24.0,-2.9631805,2.7774963,0.0,0.0
B45,2020-07-02,-74.6833,-109.35,24.0,-4.569977,-2.5318298,0.0,0.0
B45,2020-07-03,-74.6833,-109.35,24.0,-5.911743,-0.21105957,0.0,0.0
B45,2020-07-04,-74.6833,-109.35,24.0,-3.7662811,0.5712433,0.0,0.0
B45,2020-07-05,-74.6833,-109.35,24.0,-3.9650726,3.735794,0.0,0.0
B45,2020-07-06,-74.6833,-109.35,24.0,-3.6410065,-1.0572662,0.0,0.0
B45,2020-07-07,-74.6833,-109.35,24.0,-4.1464233,-2.2493286,0.0,0.0
B45,2020-07-08,-74.6833,-109.35,24.0,-3.4240723,-4.2929077,0.0,0.0
B45,2020-07-09,-74.6833,-109.35,24.0,-1.8477173,-4.946213,0.0,0.0
B45,2020-07-10,-74.6833,-109.35,24.0,-6.4560547,1.5556488,0.0,0.0
B45,2020-07-11,-74.6833,-109.35,24.0,-10.76152,-3.5020752,0.0,0.0
B45,2020-07-12,-74.6833,-109.35,24.0,-10.145477,-3.74794,0.0,0.0
B45,2020-07-13,-74.6833,-109.35,24.0,-5.7012634,-5.659439,0.0,0.0
B45,2020-07-14,-74.6833,-109.35,24.0,-6.119156,-4.664963,0.0,0.0
B45,2020-07-15,-74.6833,-109.35,24.0,-4.5660553,-1.5176849,0.0,0.0
B45,2020-07-16,-74.6833,-109.35,24.0,-3.0487213,-3.0419617,0.0,0.0
B45,2020-07-17,-74.6833,-109.35,24.0,-4.7236176,0.29986572,0.0,0.0
B45,2020-07-18,-74.6833,-109.35,24.0,-4.2947845,0.45352173,0.0,0.0
B45,2020-07-19,-74.6833,-109.35,24.0,-5.1624603,0.112854004,0.0,0.0
B45,2020-07-20,-74.6833,-109.35,24.0,-4.3186646,-2.655777,0.0,0.0
B45,2020-07-21,-74.6833,-109.35,24.0,-4.6950073,-1.8160706,0.0,0.0
B45,2020-07-22,-74.6833,-109.35,24.0,-5.7513885,-2.8011322,0.0,0.0
B45,2020-07-23,-74.6833,-109.35,24.0,-11.743561,-6.113266,0.0,0.0
B45,2020-07-24,-74.6833,-109.35,24.0,-7.390259,-5.9570312,0.0,0.0
B45,2020-07-25,-74.6833,-109.35,24.0,-8.312119,-4.4543457,0.0,0.0
B45,2020-07-26,-74.6833,-109.35,24.0,-7.4612427,-1.6299286,0.0,0.0
B45,2020-07-27,-74.6833,-109.35,24.0,-4.4405365,-0.36637878,0.0,0.0
B45,2020-07-28,-74.6833,-109.35,24.0,-5.1085663,-0.14683533,0.0,0.0
B45,2020-07-29,-74.6833,-109.35,24.0,-3.3169556,-2.029953,0.0,0.0
B45,2020-07-30,-74.6833,-109.35,24.0,-3.5304718,1.3066406,0.0,0.0
B45,2020-07-31,-74.6833,-109.35,24.0,-5.2261047,1.7489777,0.0,0.0
B45,2020-08-01,-74.6833,-109.35,24.0,-7.5365295,0.12825012,0.0,0.0
B45,2020-08-02,-74.6833,-109.35,24.0,-7.1650543,-2.841034,0.0,0.0
B45,2020-08-03,-74.6833,-109.35,24.0,-6.4143524,-1.7651367,0.0,0.0
B45,2020-08-04,-74.6833,-109.35,24.0,-5.359207,1.181839,0.0,0.0
B45,2020-08-05,-74.6833,-109.35,24.0,-6.1841736,-2.937317,0.0,0.0
B45,2020-08-06,-74.6833,-109.35,24.0,-6.9363403,1.3792725,0.0,0.0
B45,2020-08-07,-74.6833,-109.35,24.0,-5.015396,1.6371765,0.0,0.0
B45,2020-08-08,-74.6833,-109.35,24.0,-4.029175,0.52557373,0.0,0.0
B45,2020-08-09,-74.6833,-109.35,24.0,-2.763794,-10.001373,0.0,0.0
B45,2020-08-10,-74.6833,-109.35,24.0,-5.2026367,-10.172852,0.0,0.0
B45,2020-08-11,-74.6833,-109.35,24.0,-6.183197,-3.4578552,0.0,0.0
B45,2020-08-12,-74.6833,-109.35,24.0,-6.0631714,-0.17817688,0.0,0.0
B45,2020-08-13,-74.6833,-109.35,24.0,-4.0684357,-0.5382843,0.0,0.0
B45,2020-08-14,-74.6833,-109.35,24.0,-5.518158,-1.4854736,0.0,0.0
B45,2020-08-15,-74.6833,-109.35,24.0,-5.6968536,0.28024292,0.0,0.0
B45,2020-08-16,-74.6833,-109.35,24.0,-3.4342499,-1.8283997,0.0,0.0
B45,2020-08-17,-74.6833,-109.35,24.0,-2.6227112,4.5115204,0.0,0.0
B45,2020-08-18,-74.6833,-109.35,24.0,-4.4876556,4.502838,0.0,0.0
B45,2020-08-19,-74.6833,-109.35,24.0,-4.5386047,2.8496857,0.0,0.0
B45,2020-08-20,-74.6833,-109.35,24.0,-5.746338,-0.7691345,0.0,0.0
B45,2020-08-21,-74.6833,-109.35,24.0,-2.3503418,3.6963959,0.0,0.0
B45,2020-08-22,-74.6833,-109.35,24.0,-3.5896454,0.94828796,0.0,0.0
B45,2020-08-23,-74.6833,-109.35,24.0,-6.276581,1.4739075,0.0,0.0
B45,2020-08-24,-74.6833,-109.35,24.0,-5.0038147,-5.076065,0.0,0.0
B45,2020-08-25,-74.6833,-109.35,24.0,-6.9822083,-6.248886,0.0,0.0
B45,2020-08-26,-74.6833,-109.35,24.0,-6.055588,-4.0071106,0.0,0.0
B45,2020-08-27,-74.6833,-109.35,24.0,-5.3914337,-0.66773987,0.0,0.0
B45,2020-08-28,-74.6833,-109.35,24.0,-6.8237915,1.4125671,0.0,0.0
B45,2020-08-29,-74.6833,-109.35,24.0,-4.3635864,2.9951477,0.0,0.0
B45,2020-08-30,-74.6833,-109.35,24.0,-6.677353,1.8082123,0.0,0.0
B45,2020-08-31,-74.6833,-109.35,24.0,-5.4635468,0.19792175,0.0,0.0
B45,2020-09-01,-74.6833,-109.35,24.0,-3.3302765,-3.9159546,0.0,0.0
B45,2020-09-02,-74.6833,-109.35,24.0,-3.3302765,-3.9159546,0.0,0.0
B45,2020-09-03,-74.6833,-109.35,24.0,-3.3302765,-3.9159546,0.0,0.0
B45,2020-09-04,-74.6833,-109.35,24.0,-3.3302765,-3.9159546,0.0,0.0
B45,2020-09-05,-74.6833,-109.35,24.0,-3.3302765,-3.9159546,0.0,0.0
B45,2020-09-06,-74.6833,-109.35,24.0,-3.3302765,-3.9159546,0.0,0.0
B45,2020-09-07,-74.6833,-109.35,24.0,-3.3302765,-3.9159546,0.0,0.0
B45,2020-09-08,-74.6833,-109.35,24.0,-3.3302765,-3.9159546,0.0,0.0
B45,2020-09-09,-74.6833,-109.35,24.0,-3.3302765,-3.9159546,0.0,0.0
B45,2020-09-10,-74.6833,-109.35,24.0,-3.3302765,-3.9159546,0.0,0.0
B45,2020-09-11,-74.6833,-109.35,24.0,-3.3302765,-3.9159546,0.0,0.0
B45,2020-09-12,-74.6833,-109.35,24.0,-3.3302765,-3.9159546,0.0,0.0
B45,2020-09-13,-74.6833,-109.35,24.0,-3.3302765,-3.9159546,0.0,0.0
B45,2020-09-14,-74.6833,-109.35,24.0,-3.3302765,-3.9159546,0.0,0.0
B45,2020-09-15,-74.6833,-109.35,24.0,-3.3302765,-3.9159546,0.0,0.0
B45,2020-09-16,-74.6833,-109.35,24.0,-3.3302765,-3.9159546,0.0,0.0
B45,2020-09-17,-74.6833,-109.35,24.0,-3.3302765,-3.9159546,0.0,0.0
B45,2020-09-18,-74.6833,-109.35,24.0,-3.3302765,-3.9159546,0.0,0.0
B45,2020-09-19,-74.6833,-109.35,24.0,-3.3302765,-3.9159546,0.0,0.0
B45,2020-09-20,-74.6833,-109.35,24.0,-3.3302765,-3.9159546,0.0,0.0
B45,2020-09-21,-74.6833,-109.35,24.0,-3.3302765,-3.9159546,0.0,0.0
B45,2020-09-22,-74.6833,-109.35,24.0,-3.3302765,-3.9159546,0.0,0.0
B45,2020-09-23,-74.6833,-109.35,24.0,-3.3302765,-3.9159546,0.0,0.0
B45,2020-09-24,-74.6833,-109.35,24.0,-3.3302765,-3.9159546,0.0,0.0
B45,2020-09-25,-74.6833,-109.35,24.0,-3.3302765,-3.9159546,0.0,0.0
B45,2020-10-10,-74.6833,-109.35,24.0,-3.3302765,-3.9159546,0.0,0.0
B45,2020-10-11,-74.6833,-109.35,24.0,-3.3302765,-3.9159546,0.0,0.0
B45,2020-10-12,-74.6833,-109.35,24.0,-3.3302765,-3.9159546,0.0,0.0
B45,2020-10-13,-74.6833,-109.35,24.0,-3.3302765,-3.9159546,0.0,0.0
B45,2020-10-14,-74.6833,-109.35,24.0,-3.3302765,-3.9159546,0.0,0.0
B45,2020-10-15,-74.6833,-109.35,24.0,-3.3302765,-3.9159546,0.0,0.0
B45,2020-10-16,-74.6833,-109.35,24.0,-3.3302765,-3.9159546,0.0,0.0
B45,2020-10-17,-74.6833,-109.35,24.0,-3.3302765,-3.9159546,0.0,0.0
B45,2020-10-18,-74.6833,-109.35,24.0,-3.3302765,-3.9159546,0.0,0.0
B45,2020-10-19,-74.6833,-109.35,24.0,-3.3302765,-3.9159546,0.0,0.0
B45,2020-10-20,-74.6833,-109.35,24.0,-3.3302765,-3.9159546,0.0,0.0
B45,2020-10-21,-74.6833,-109.35,24.0,-3.3302765,-3.9159546,0.0,0.0
B45,2020-10-22,-74.6833,-109.35,24.0,-3.3302765,-3.9159546,0.0,0.0
B45,2020-10-23,-74.6833,-109.35,24.0,-3.3302765,-3.9159546,0.0,0.0
B45,2020-10-24,-74.6833,-109.35,24.0,-3.3302765,-3.9159546,0.0,0.0
B45,2020-10-25,-74.6833,-109.35,24.0,-3.3302765,-3.9159546,0.0,0.0
B45,2020-10-26,-74.6833,-109.35,24.0,-3.3302765,-3.9159546,0.0,0.0
B45,2020-10-27,-74.6833,-109.35,24.0,-3.3302765,-3.9159546,0.0,0.0
B45,2020-10-28,-74.6833,-109.35,24.0,-3.3302765,-3.9159546,0.0,0.0
B45,2020-10-29,-74.6833,-109.35,24.0,-3.3302765,-3.9159546,0.0,0.0
B45,2020-10-30,-74.6833,-109.35,24.0,-3.3302765,-3.9159546,0.0,0.0
B45,2020-10-31,-74.6833,-109.35,24.0,-3.3302765,-3.9159546,0.0,0.0
B45,2020-11-01,-74.6833,-109.35,24.0,-3.3302765,-3.9159546,0.0,0.0
B45,2020-11-02,-74.6833,-109.35,24.0,-3.3302765,-3.9159546,0.0,0.0
B45,2020-11-03,-74.6833,-109.35,24.0,-3.3302765,-3.9159546,0.0,0.0
B45,2020-11-04,-74.6833,-109.35,24.0,-3.3302765,-3.9159546,0.0,0.0
B45,2020-11-05,-74.6833,-109.35,24.0,-3.3302765,-3.9159546,0.0,0.0
B45,2020-11-06,-74.6833,-109.35,24.0,-3.3302765,-3.9159546,0.0,0.0
B46,2020-01-01,-74.45,-105.5667,24.0,-9.739029,-2.4967651,0.0,0.0
B46,2020-01-02,-74.45,-105.5667,24.0,-9.739029,-2.4967651,0.0,0.0
B46,2020-01-03,-74.45,-105.5667,24.0,-9.739029,-2.4967651,0.0,0.0
B46,2020-01-04,-74.4491,-105.5667,24.0,-9.739029,-2.4967651,0.0,0.0011562500000018695
B46,2020-01-05,-74.4467,-105.5667,24.0,-9.739029,-2.4967651,0.0,0.0030833333333261472
B46,2020-01-06,-74.4434,-105.5667,24.0,-9.739029,-2.4967651,0.0,0.004239583333346274
B46,2020-01-07,-74.4399,-105.5667,24.0,-9.739029,-2.4967651,0.0,0.004496527777780991
B46,2020-01-08,-74.4366,-105.5667,24.0,-9.739029,-2.4967651,0.0,0.004239583333328017
B46,2020-01-09,-74.4342,-105.5667,24.0,-9.739029,-2.4967651,0.0,0.0030833333333261472
B46,2020-01-10,-74.4333,-105.5667,24.0,-9.739029,-2.4967651,0.0,0.0011562500000018695
B46,2020-01-11,-74.4342,-105.5676,24.0,-9.739029,-2.4967651,-0.00031027374263875346,-0.0011562500000018695
B46,2020-01-12,-74.4366,-105.57,24.0,-9.739029,-2.4967651,-0.0008272722289486461,-0.0030833333333261472
B46,2020-01-13,-74.4399,-105.5732,24.0,-9.739029,-2.4967651,-0.0011028015356209855,-0.004239583333328017
B46,2020-01-14,-74.4434,-105.5768,24.0,-9.739029,-2.4967651,-0.0012403795547447946,-0.004496527777780991
B46,2020-01-15,-74.4467,-105.58,24.0,-9.739029,-2.4967651,-0.0011023314936936361,-0.004239583333346274
B46,2020-01-16,-74.4491,-105.5824,24.0,-9.739029,-2.4967651,-0.0008266241946327044,-0.0030833333333261472
B46,2020-01-17,-74.45,-105.5833,24.0,-9.739029,-2.4967651,-0.00030996657548556524,-0.0011562500000018695
B46,2020-01-18,-74.45,-105.5833,24.0,-9.739029,-2.4967651,0.0,0.0
B46,2020-01-19,-74.45,-105.5833,24.0,-9.739029,-2.4967651,0.0,0.0
B46,2020-01-20,-74.45,-105.5833,24.0,-9.739029,-2.4967651,0.0,0.0
B46,2020-01-21,-74.45,-105.5833,24.0,-9.739029,-2.4967651,0.0,0.0
B46,2020-01-22,-74.45,-105.5833,24.0,-9.739029,-2.4967651,0.0,0.0
B46,2020-01-23,-74.45,-105.5833,24.0,-9.739029,-2.4967651,0.0,0.0
B46,2020-01-24,-74.45,-105.5833,24.0,-9.739029,-2.4967651,0.0,0.0
B46,2020-01-25,-74.45,-105.5833,24.0,-9.739029,-2.4967651,0.0,0.0
B46,2020-01-26,-74.45,-105.5833,24.0,-9.739029,-2.4967651,0.0,0.0
B46,2020-01-27,-74.45,-105.5833,24.0,-9.739029,-2.4967651,0.0,0.0
B46,2020-01-28,-74.45,-105.5833,24.0,-9.739029,-2.4967651,0.0,0.0
B46,2020-01-29,-74.45,-105.5833,24.0,-9.739029,-2.4967651,0.0,0.0
B46,2020-01-30,-74.45,-105.5833,24.0,-9.739029,-2.4967651,0.0,0.0
B46,2020-01-31,-74.45,-105.5833,24.0,-9.739029,-2.4967651,0.0,0.0
B46,2020-02-01,-74.45,-105.5833,24.0,-9.739029,-2.4967651,0.0,0.0
B46,2020-02-02,-74.45,-105.5833,24.0,-9.739029,-2.4967651,0.0,0.0
B46,2020-02-03,-74.45,-105.5833,24.0,-9.739029,-2.4967651,0.0,0.0
B46,2020-02-04,-74.45,-105.5833,24.0,-9.739029,-2.4967651,0.0,0.0
B46,2020-02-05,-74.45,-105.5833,24.0,-9.739029,-2.4967651,0.0,0.0
B46,2020-02-06,-74.45,-105.5833,24.0,-9.739029,-2.4967651,0.0,0.0
B46,2020-02-07,-74.45,-105.5833,24.0,-9.739029,-2.4967651,0.0,0.0
B46,2020-02-08,-74.4491,-105.5833,24.0,-9.739029,-2.4967651,0.0,0.0011562500000018695
B46,2020-02-09,-74.4467,-105.5833,24.0,-9.739029,-2.4967651,0.0,0.0030833333333261472
B46,2020-02-10,-74.4434,-105.5833,24.0,-9.739029,-2.4967651,0.0,0.004239583333346274
B46,2020-02-11,-74.4399,-105.5833,24.0,-9.739029,-2.4967651,0.0,0.004496527777780991
B46,2020-02-12,-74.4366,-105.5833,24.0,-9.739029,-2.4967651,0.0,0.004239583333328017
B46,2020-02-13,-74.4342,-105.5833,24.0,-9.739029,-2.4967651,0.0,0.0030833333333261472
B46,2020-02-14,-74.4333,-105.5833,24.0,-9.739029,-2.4967651,0.0,0.0011562500000018695
B46,2020-02-15,-74.4333,-105.5833,24.0,-9.739029,-2.4967651,0.0,0.0
B46,2020-02-16,-74.4333,-105.5833,24.0,-9.739029,-2.4967651,0.0,0.0
B46,2020-02-17,-74.4333,-105.5833,24.0,-9.739029,-2.4967651,0.0,0.0
B46,2020-02-18,-74.4333,-105.5833,24.0,-9.739029,-2.4967651,0.0,0.0
B46,2020-02-19,-74.4333,-105.5833,24.0,-9.739029,-2.4967651,0.0,0.0
B46,2020-02-20,-74.4333,-105.5833,24.0,-9.739029,-2.4967651,0.0,0.0
B46,2020-02-21,-74.4333,-105.5833,24.0,-9.739029,-2.4967651,0.0,0.0
B46,2020-02-22,-74.4333,-105.5824,24.0,-9.739029,-2.4967651,0.00031029123878667384,0.0
B46,2020-02-23,-74.4333,-105.58,24.0,-9.739029,-2.4967651,0.0008274433034458285,0.0
B46,2020-02-24,-74.4333,-105.5768,24.0,-9.739029,-2.4967651,0.001103257737921239,0.0
B46,2020-02-25,-74.4333,-105.5732,24.0,-9.739029,-2.4967651,0.0012411649551662934,0.0
B46,2020-02-26,-74.4333,-105.57,24.0,-9.739029,-2.4967651,0.0011032577379261384,0.0
B46,2020-02-27,-74.4333,-105.5676,24.0,-9.739029,-2.4967651,0.0008274433034409291,0.0
B46,2020-02-28,-74.4333,-105.5667,24.0,-9.739029,-2.4967651,0.00031029123879157335,0.0
B46,2020-02-29,-74.4333,-105.5676,24.0,-9.739029,-2.4967651,-0.00031029123879157335,0.0
B46,2020-03-01,-74.4333,-105.57,24.0,-9.739029,-2.4967651,-0.0008274433034409291,0.0
B46,2020-03-02,-74.4333,-105.5732,24.0,-9.739029,-2.4967651,-0.0011032577379261384,0.0
B46,2020-03-03,-74.4333,-105.5768,24.0,-9.739029,-2.4967651,-0.0012411649551662934,0.0
B46,2020-03-04,-74.4333,-105.58,24.0,-9.739029,-2.4967651,-0.001103257737921239,0.0
B46,2020-03-05,-74.4333,-105.5824,24.0,-9.739029,-2.4967651,-0.0008274433034458285,0.0
B46,2020-03-06,-74.4333,-105.5833,24.0,-9.739029,-2.4967651,-0.00031029123878667384,0.0
B46,2020-03-07,-74.4342,-105.5824,24.0,-9.739029,-2.4967651,0.0003102737426338543,-0.0011562500000018695
B46,2020-03-08,-74.4366,-105.58,24.0,-9.739029,-2.4967651,0.0008272722289535446,-0.0030833333333261472
B46,2020-03-09,-74.4399,-105.5768,24.0,-9.739029,-2.4967651,0.0011028015356160882,-0.004239583333328017
B46,2020-03-10,-74.4434,-105.5732,24.0,-9.739029,-2.4967651,0.0012403795547447946,-0.004496527777780991
B46,2020-03-11,-74.4467,-105.57,24.0,-9.739029,-2.4967651,0.0011023314936985313,-0.004239583333346274
B46,2020-03-12,-74.4491,-105.5676,24.0,-9.739029,-2.4967651,0.0008266241946278098,-0.0030833333333261472
B46,2020-03-13,-74.45,-105.5667,24.0,-9.739029,-2.4967651,0.00030996657549045955,-0.0011562500000018695
B46,2020-03-14,-74.45,-105.5667,24.0,-9.739029,-2.4967651,0.0,0.0
B46,2020-03-15,-74.45,-105.5667,24.0,-9.739029,-2.4967651,0.0,0.0
B46,2020-03-16,-74.45,-105.5667,24.0,-9.739029,-2.4967651,0.0,0.0
B46,2020-03-17,-74.45,-105.5667,24.0,-9.739029,-2.4967651,0.0,0.0
B46,2020-03-18,-74.45,-105.5667,24.0,-9.739029,-2.4967651,0.0,0.0
B46,2020-03-19,-74.45,-105.5667,24.0,-9.739029,-2.4967651,0.0,0.0
B46,2020-03-20,-74.45,-105.5667,24.0,-9.739029,-2.4967651,0.0,0.0
B46,2020-03-21,-74.4482,-105.5673,24.0,-9.739029,-2.4967651,-0.0002066677136058713,0.002312500000003739
B46,2020-03-22,-74.4434,-105.569,24.0,-9.739029,-2.4967651,-0.0005857347897395093,0.0061666666666705516
B46,2020-03-23,-74.4369,-105.5715,24.0,-9.739029,-2.4967651,-0.0008617257047782932,0.008350694444447804
B46,2020-03-24,-74.4298,-105.5744,24.0,-9.739029,-2.4967651,-0.0010000465645620368,0.009121527777770212
B46,2020-03-25,-74.4233,-105.5776,24.0,-9.739029,-2.4967651,-0.0011039489256440907,0.008350694444447804
B46,2020-03-26,-74.4185,-105.5806,24.0,-9.739029,-2.4967651,-0.00103526314106529,0.0061666666666705516
B46,2020-03-27,-74.4167,-105.5833,24.0,-9.739029,-2.4967651,-0.0009318417956252063,0.002312499999985482
B46,2020-03-28,-74.4167,-105.586,24.0,-9.739029,-2.4967651,-0.0009318417956301107,0.0
B46,2020-03-29,-74.4167,-105.589,24.0,-9.739029,-2.4967651,-0.0010353797729207106,0.0
B46,2020-03-30,-74.4167,-105.5922,24.0,-9.739029,-2.4967651,-0.0011044050911177131,0.0
B46,2020-03-31,-74.4167,-105.5952,24.0,-9.739029,-2.4967651,-0.0010353797729207106,0.0
B46,2020-04-01,-74.4167,-105.5977,24.0,-9.739029,-2.4967651,-0.0008628164774331079,0.0
B46,2020-04-02,-74.4167,-105.5994,24.0,-9.739029,-2.4967651,-0.0005867152046549058,0.0
B46,2020-04-03,-74.4167,-105.6,24.0,-9.739029,-2.4967651,-0.00020707595458119938,0.0
B46,2020-04-04,-74.4167,-105.6,24.0,-9.739029,-2.4967651,0.0,0.0
B46,2020-04-05,-74.4167,-105.6,24.0,-9.739029,-2.4967651,0.0,0.0
B46,2020-04-06,-74.4167,-105.6,24.0,-9.739029,-2.4967651,0.0,0.0
B46,2020-04-07,-74.4167,-105.6,24.0,-9.739029,-2.4967651,0.0,0.0
B46,2020-04-08,-74.4167,-105.6,24.0,-9.739029,-2.4967651,0.0,0.0
B46,2020-04-09,-74.4167,-105.6,24.0,-9.739029,-2.4967651,0.0,0.0
B46,2020-04-10,-74.4167,-105.6,24.0,-9.739029,-2.4967651,0.0,0.0
B46,2020-04-11,-74.4172,-105.6,24.0,-9.739029,-2.4967651,0.0,-0.0006423611110959212
B46,2020-04-12,-74.4184,-105.6,24.0,-9.739029,-2.4967651,0.0,-0.0015416666666813307
B46,2020-04-13,-74.4204,-105.6,24.0,-9.739029,-2.4967651,0.0,-0.0025694444444384562
B46,2020-04-14,-74.423,-105.6,24.0,-9.739029,-2.4967651,0.0,-0.0033402777777791215
B46,2020-04-15,-74.4261,-105.6,24.0,-9.739029,-2.4967651,0.0,-0.003982638888893299
B46,2020-04-16,-74.4296,-105.6,24.0,-9.739029,-2.4967651,0.0,-0.004496527777762734
B46,2020-04-17,-74.4333,-105.6,24.0,-9.739029,-2.4967651,0.0,-0.0047534722222339655
B46,2020-04-18,-74.4398,-105.6046,24.0,-9.739029,-2.4967651,-0.0015852871438368867,-0.008350694444447804
B46,2020-04-19,-74.4504,-105.6165,24.0,-9.739029,-2.4967651,-0.0040983441174714174,-0.013618055555551201
B46,2020-04-20,-74.4633,-105.6328,24.0,-9.739029,-2.4967651,-0.005609155863545279,-0.01657291666666912
B46,2020-04-21,-74.4765,-105.6505,24.0,-9.739029,-2.4967651,-0.0060858762977544535,-0.016958333333330324
B46,2020-04-22,-74.4883,-105.6668,24.0,-9.739029,-2.4967651,-0.00560035198955745,-0.015159722222214277
B46,2020-04-23,-74.4968,-105.6787,24.0,-9.739029,-2.4967651,-0.004086415049710807,-0.010920138888886259
B46,2020-04-24,-74.5,-105.6833,24.0,-9.739029,-2.4967651,-0.0015793045697390135,-0.004111111111119787
B46,2020-04-25,-74.5,-105.6833,24.0,-9.739029,-2.4967651,0.0,0.0
B46,2020-04-26,-74.5,-105.6833,24.0,-9.739029,-2.4967651,0.0,0.0
B46,2020-04-27,-74.5,-105.6833,24.0,-9.739029,-2.4967651,0.0,0.0
B46,2020-04-28,-74.5,-105.6833,24.0,-9.739029,-2.4967651,0.0,0.0
B46,2020-04-29,-74.5,-105.6833,24.0,-9.739029,-2.4967651,0.0,0.0
B46,2020-04-30,-74.5,-105.6833,24.0,-9.739029,-2.4967651,0.0,0.0
B46,2020-05-01,-74.5,-105.6833,24.0,-9.739029,-2.4967651,0.0,0.0
B46,2020-05-02,-74.4994,-105.6888,24.0,-9.739029,-2.4967651,-0.0018883702455112685,0.0007708333333406654
B46,2020-05-03,-74.4977,-105.7031,24.0,-9.739029,-2.4967651,-0.004910287904019591,0.002184027777777252
B46,2020-05-04,-74.4952,-105.7227,24.0,-9.739029,-2.4967651,-0.006731243550753483,0.0032118055555526346
B46,2020-05-05,-74.4922,-105.7439,24.0,-9.739029,-2.4967651,-0.007282106991868564,0.003854166666666813
B46,2020-05-06,-74.489,-105.7635,24.0,-9.739029,-2.4967651,-0.006733869148977843,0.00411111111110153
B46,2020-05-07,-74.486,-105.7778,24.0,-9.739029,-2.4967651,-0.0049139028505840706,0.003854166666666813
B46,2020-05-08,-74.4833,-105.7833,24.0,-9.739029,-2.4967651,-0.0018902834768940936,0.0034687500000056084
B46,2020-05-09,-74.4806,-105.7796,24.0,-9.739029,-2.4967651,0.0012718610844682742,0.0034687500000056084
B46,2020-05-10,-74.4776,-105.7701,24.0,-9.739029,-2.4967651,0.0032662050118564883,0.003854166666666813
B46,2020-05-11,-74.4744,-105.7571,24.0,-9.739029,-2.4967651,0.0044704424526218894,0.00411111111110153
B46,2020-05-12,-74.4715,-105.7429,24.0,-9.739029,-2.4967651,0.004883988344100932,0.0037256944444403256
B46,2020-05-13,-74.469,-105.7299,24.0,-9.739029,-2.4967651,0.004471959065314208,0.0032118055555708912
B46,2020-05-14,-74.4673,-105.7204,24.0,-9.739029,-2.4967651,0.003268318987519428,0.002184027777777252
B46,2020-05-15,-74.4667,-105.7167,24.0,-9.739029,-2.4967651,0.001272972197405069,0.0007708333333224084
B46,2020-05-16,-74.4667,-105.7241,24.0,-9.739029,-2.4967651,-0.002545944394815028,0.0
B46,2020-05-17,-74.4667,-105.7433,24.0,-9.739029,-2.4967651,-0.006605693564921116,0.0
B46,2020-05-18,-74.4667,-105.77,24.0,-9.739029,-2.4967651,-0.009186042613716366,0.0
B46,2020-05-19,-74.4667,-105.8,24.0,-9.739029,-2.4967651,-0.010321396195190773,0.0
B46,2020-05-20,-74.4667,-105.829,24.0,-9.739029,-2.4967651,-0.00997734965534945,0.0
B46,2020-05-21,-74.4667,-105.8527,24.0,-9.739029,-2.4967651,-0.008153902994202177,0.0
B46,2020-05-22,-74.4667,-105.8667,24.0,-9.739029,-2.4967651,-0.004816651557754064,0.0
B46,2020-05-23,-74.4676,-105.8743,24.0,-9.739029,-2.4967651,-0.002614605933527564,-0.0011562500000018695
B46,2020-05-24,-74.47,-105.8812,24.0,-9.739029,-2.4967651,-0.0023734292059494917,-0.0030833333333261472
B46,2020-05-25,-74.4732,-105.8874,24.0,-9.739029,-2.4967651,-0.0021322179063658466,-0.004111111111119787
B46,2020-05-26,-74.4768,-105.8926,24.0,-9.739029,-2.4967651,-0.0017879073559157613,-0.004624999999989221
B46,2020-05-27,-74.48,-105.8966,24.0,-9.739029,-2.4967651,-0.0013750368083539366,-0.004111111111119787
B46,2020-05-28,-74.4824,-105.8991,24.0,-9.739029,-2.4967651,-0.0008592683742328144,-0.0030833333333261472
B46,2020-05-29,-74.4833,-105.9,24.0,-9.739029,-2.4967651,-0.00030931911440147333,-0.0011562500000018695
B46,2020-05-30,-74.4829,-105.9,24.0,-9.739029,-2.4967651,0.0,0.0005138888888876912
B46,2020-05-31,-74.4817,-105.9,24.0,-9.739029,-2.4967651,0.0,0.0015416666666630736
B46,2020-06-01,-74.4798,-105.9,24.0,-9.739029,-2.4967651,0.0,0.002440972222230226
B46,2020-06-02,-74.4773,-105.9,24.0,-7.9092255,0.7702637,0.0,0.0032118055555526346
B46,2020-06-03,-74.4742,-105.9,24.0,-8.172943,-2.753418,0.0,0.003982638888893299
B46,2020-06-04,-74.4707,-105.9,24.0,-7.0776978,-3.2864685,0.0,0.004496527777780991
B46,2020-06-05,-74.4667,-105.9,24.0,-7.775421,-7.32135,0.0,0.0051388888888769125
B46,2020-06-06,-74.4572,-105.9157,24.0,-5.5048523,-0.22731018,-0.005404752784941811,0.012204861111114617
B46,2020-06-07,-74.4393,-105.9562,24.0,-2.5946655,-4.0130615,-0.013957856834682616,0.02299652777777439
B46,2020-06-08,-74.4167,-106.0115,24.0,-2.8049164,-3.6068268,-0.019085500480838593,0.029034722222218454
B46,2020-06-09,-74.3929,-106.0718,24.0,-1.0137482,2.93602,-0.02084212836301585,0.030576388888899787
B46,2020-06-10,-74.3714,-106.1271,24.0,-4.786911,-2.5429077,-0.01913960043867211,0.027621527777781867
B46,2020-06-11,-74.356,-106.1676,24.0,-2.3862,1.0908661,-0.014030715500116126,0.019784722222221756
B46,2020-06-12,-74.35,-106.1833,24.0,-3.9800262,5.157852,-0.005441101427077762,0.007708333333333626
B46,2020-06-13,-74.3511,-106.1818,24.0,-5.496475,1.1676025,0.0005198148289618443,-0.0014131944444548436
B46,2020-06-14,-74.354,-106.178,24.0,-3.816864,3.1048431,0.0013166262934969125,-0.0037256944444403256
B46,2020-06-15,-74.3584,-106.1725,24.0,-6.671036,-2.9273071,0.0019051207925392154,-0.00565277777778286
B46,2020-06-16,-74.364,-106.1662,24.0,-3.3354645,-6.2332306,0.002181467486212315,-0.007194444444445934
B46,2020-06-17,-74.3702,-106.1598,24.0,-8.169022,-7.343338,0.0022152371370844073,-0.007965277777768343
B46,2020-06-18,-74.3768,-106.1542,24.0,-6.1260986,1.382431,0.0019375343862795204,-0.00847916666667429
B46,2020-06-19,-74.3833,-106.15,24.0,-4.862488,3.9787598,0.001452561258776576,-0.008350694444447804
B46,2020-06-20,-74.3917,-106.1467,24.0,-5.098419,6.023819,0.001140699509505956,-0.010791666666659773
B46,2020-06-21,-74.403,-106.1434,24.0,-7.493805,3.8187103,0.001139894181178203,-0.014517361111118355
B46,2020-06-22,-74.4158,-106.1403,24.0,-6.907089,-0.3688202,0.0010699526914152086,-0.016444444444442635
B46,2020-06-23,-74.4284,-106.1375,24.0,-7.2127686,2.628006,0.0009656468710906105,-0.016187499999989658
B46,2020-06-24,-74.4394,-106.1353,24.0,-7.4680176,2.2643585,0.0007581998166274923,-0.01413194444445715
B46,2020-06-25,-74.4471,-106.1338,24.0,-0.8045349,-5.0513153,0.0005167049267311015,-0.009892361111110878
B46,2020-06-26,-74.45,-106.1333,24.0,-6.4221954,-3.0843506,0.0001722036530459048,-0.0037256944444403256
B46,2020-06-27,-74.45,-106.1333,24.0,-6.484436,1.2813721,0.0,0.0
B46,2020-06-28,-74.45,-106.1333,24.0,-4.6282043,2.1762238,0.0,0.0
B46,2020-06-29,-74.45,-106.1333,24.0,-5.146576,4.2999725,0.0,0.0
B46,2020-06-30,-74.45,-106.1333,24.0,-3.738037,2.7447662,0.0,0.0
B46,2020-07-01,-74.45,-106.1333,24.0,-2.486618,4.8146057,0.0,0.0
B46,2020-07-02,-74.45,-106.1333,24.0,-5.033844,0.10391235,0.0,0.0
B46,2020-07-03,-74.45,-106.1333,24.0,-5.699829,2.196167,0.0,0.0
B46,2020-07-04,-74.4509,-106.1356,24.0,-3.608078,3.2489777,-0.0007920920880077678,-0.0011562500000018695
B46,2020-07-05,-74.4533,-106.1418,24.0,-3.6398773,5.6147003,-0.002134883319521914,-0.0030833333333261472
B46,2020-07-06,-74.4566,-106.1504,24.0,-3.4505768,1.5745697,-0.002960676689287761,-0.004239583333328017
B46,2020-07-07,-74.4601,-106.1601,24.0,-4.638611,-0.090148926,-0.003338634479682808,-0.004496527777780991
B46,2020-07-08,-74.4634,-106.1697,24.0,-4.0646973,-2.7020874,-0.0033035311804733088,-0.004239583333328017
B46,2020-07-09,-74.4658,-106.1779,24.0,-2.9326782,-3.4042206,-0.002821341061236853,-0.0030833333333444043
B46,2020-07-10,-74.4667,-106.1833,24.0,-6.5351562,3.573227,-0.0018578513151372724,-0.0011562500000018695
B46,2020-07-11,-74.4667,-106.1869,24.0,-10.866989,-2.0548096,-0.0012385675434199593,0.0
B46,2020-07-12,-74.4667,-106.1903,24.0,-10.268524,-1.9012604,-0.0011697582354546281,0.0
B46,2020-07-13,-74.4667,-106.1934,24.0,-5.802826,-4.287369,-0.0010665442735041874,0.0
B46,2020-07-14,-74.4667,-106.1961,24.0,-6.2314606,-3.340744,-0.0009289256575686362,0.0
B46,2020-07-15,-74.4667,-106.1981,24.0,-4.723282,0.27430725,-0.0006880930796777551,0.0
B46,2020-07-16,-74.4667,-106.1995,24.0,-3.9159088,-1.0683289,-0.0004816651557768732,0.0
B46,2020-07-17,-74.4667,-106.2,24.0,-4.727524,2.5117798,-0.0001720232699206611,0.0
B46,2020-07-18,-74.4658,-106.1991,24.0,-3.9959564,2.879303,0.0003096593847708526,0.0011562500000018695
B46,2020-07-19,-74.4634,-106.1967,24.0,-5.026718,2.6138306,0.0008258827951158821,0.0030833333333444043
B46,2020-07-20,-74.4601,-106.1934,24.0,-4.7893677,-0.6674957,0.0011358241013394224,0.004239583333328017
B46,2020-07-21,-74.4566,-106.1899,24.0,-4.8737183,0.48861694,0.0012049265595945387,0.004496527777780991
B46,2020-07-22,-74.4533,-106.1866,24.0,-6.042404,-0.66539,0.0011363088636138193,0.004239583333328017
B46,2020-07-23,-74.4509,-106.1842,24.0,-11.866608,-4.552719,0.000826530874444165,0.0030833333333261472
B46,2020-07-24,-74.45,-106.1833,24.0,-7.0758057,-4.330078,0.00030996657549045955,0.0011562500000018695
B46,2020-07-25,-74.4509,-106.1833,24.0,-8.259384,-4.3303223,0.0,-0.0011562500000018695
B46,2020-07-26,-74.4533,-106.1833,24.0,-7.315735,0.16401672,0.0,-0.0030833333333261472
B46,2020-07-27,-74.4566,-106.1833,24.0,-4.4678802,1.6736603,0.0,-0.004239583333328017
B46,2020-07-28,-74.4601,-106.1833,24.0,-5.3517303,2.0894928,0.0,-0.004496527777780991
B46,2020-07-29,-74.4634,-106.1833,24.0,-4.08844,0.8352814,0.0,-0.004239583333328017
B46,2020-07-30,-74.4658,-106.1833,24.0,-3.6691437,3.6542969,0.0,-0.0030833333333444043
B46,2020-07-31,-74.4667,-106.1833,24.0,-4.9263,3.926712,0.0,-0.0011562500000018695
B46,2020-08-01,-74.4658,-106.1842,24.0,-7.392975,2.3616486,-0.0003096593847708526,0.0011562500000018695
B46,2020-08-02,-74.4634,-106.1866,24.0,-7.3672028,-0.5744324,-0.0008258827951158821,0.0030833333333444043
B46,2020-08-03,-74.4601,-106.1899,24.0,-6.450485,0.30419922,-0.0011358241013345312,0.004239583333328017
B46,2020-08-04,-74.4566,-106.1934,24.0,-5.2732697,3.5109406,-0.0012049265595945387,0.004496527777780991
B46,2020-08-05,-74.4533,-106.1967,24.0,-6.1617126,-0.72442627,-0.0011363088636187125,0.004239583333328017
B46,2020-08-06,-74.4509,-106.1991,24.0,-6.7283325,3.5228271,-0.000826530874444165,0.0030833333333261472
B46,2020-08-07,-74.45,-106.2,24.0,-4.60524,3.9584656,-0.00030996657549045955,0.0011562500000018695
B46,2020-08-08,-74.45,-106.2,24.0,-3.7039795,3.3117065,0.0,0.0
B46,2020-08-09,-74.45,-106.2,24.0,-2.9249268,-8.103912,0.0,0.0
B46,2020-08-10,-74.45,-106.2,24.0,-5.519043,-9.169922,0.0,0.0
B46,2020-08-11,-74.45,-106.2,24.0,-6.1490173,-2.0994568,0.0,0.0
B46,2020-08-12,-74.45,-106.2,24.0,-6.255554,2.085495,0.0,0.0
B46,2020-08-13,-74.45,-106.2,24.0,-4.3438263,2.0466766,0.0,0.0
B46,2020-08-14,-74.45,-106.2,24.0,-5.815033,0.7010498,0.0,0.0
B46,2020-08-15,-74.4491,-106.2009,24.0,-5.5962677,2.4355164,-0.00030998407298665233,0.0011562500000018695
B46,2020-08-16,-74.4467,-106.2033,24.0,-3.7135468,0.4772644,-0.000826748620270227,0.0030833333333261472
B46,2020-08-17,-74.4434,-106.2066,24.0,-2.4879456,6.034958,-0.0011370145918461307,0.004239583333346274
B46,2020-08-18,-74.4399,-106.2101,24.0,-4.078476,6.4149475,-0.0012061891795837696,0.004496527777780991
B46,2020-08-19,-74.4366,-106.2134,24.0,-4.370636,4.914139,-0.001137499314805613,0.004239583333328017
B46,2020-08-20,-74.4342,-106.2158,24.0,-5.824463,1.566803,-0.0008273966470383089,0.0030833333333261472
B46,2020-08-21,-74.4333,-106.2167,24.0,-2.14917,5.500107,-0.00031029123879157335,0.0011562500000018695
B46,2020-08-22,-74.4333,-106.2148,24.0,-3.543747,3.5459442,0.0006550592818944103,0.0
B46,2020-08-23,-74.4333,-106.2101,24.0,-5.945526,3.347931,0.0016204098025754943,0.0
B46,2020-08-24,-74.4333,-106.2036,24.0,-5.3163147,-3.536026,0.002240992280158641,0.0
B46,2020-08-25,-74.4333,-106.1964,24.0,-7.074005,-5.3553314,0.002482329910327687,0.0
B46,2020-08-26,-74.4333,-106.1899,24.0,-6.31633,-2.9358215,0.002240992280158641,0.0
B46,2020-08-27,-74.4333,-106.1852,24.0,-5.7068634,0.8508148,0.0016204098025754943,0.0
B46,2020-08-28,-74.4333,-106.1833,24.0,-6.8257446,3.0053406,0.0006550592818895108,0.0
B46,2020-08-29,-74.4333,-106.1833,24.0,-4.165344,4.9219055,0.0,0.0
B46,2020-08-30,-74.4333,-106.1833,24.0,-6.608017,3.9234467,0.0,0.0
B46,2020-08-31,-74.4333,-106.1833,24.0,-5.281906,2.648117,0.0,0.0
B46,2020-09-01,-74.4333,-106.1833,24.0,-4.3351593,-1.5770874,0.0,0.0
B46,2020-09-02,-74.4333,-106.1833,24.0,-4.3351593,-1.5770874,0.0,0.0
B46,2020-09-03,-74.4333,-106.1833,24.0,-4.3351593,-1.5770874,0.0,0.0
B46,2020-09-04,-74.4333,-106.1833,24.0,-4.3351593,-1.5770874,0.0,0.0
B46,2020-09-05,-74.4309,-106.1888,24.0,-4.3351593,-1.5770874,-0.0018965093572587452,0.0030833333333444043
B46,2020-09-06,-74.4242,-106.2039,24.0,-4.3351593,-1.5770874,-0.005208965460586026,0.00860763888888252
B46,2020-09-07,-74.4138,-106.2264,24.0,-4.3351593,-1.5770874,-0.00776675758236824,0.013361111111116486
B46,2020-09-08,-74.4006,-106.2544,24.0,-4.3351593,-1.5770874,-0.009673280723043416,0.016958333333330324
B46,2020-09-09,-74.385,-106.2857,24.0,-4.3351593,-1.5770874,-0.010823890788641119,0.02004166666665647
B46,2020-09-10,-74.3679,-106.3183,24.0,-4.7101593,0.82818604,-0.011285483238663694,0.021968749999999006
B46,2020-09-11,-74.35,-106.35,24.0,-4.7101593,0.82818604,-0.010986172945112331,0.02299652777779265
B46,2020-09-12,-74.3234,-106.3835,24.0,-4.7101593,0.82818604,-0.011629232309024249,0.03417361111109537
B46,2020-09-13,-74.2835,-106.4219,24.0,-4.7101593,0.82818604,-0.013363298390224114,0.05126041666667043
B46,2020-09-14,-74.2361,-106.4642,24.0,-4.7101593,0.82818604,-0.014763780364542832,0.06089583333334659
B46,2020-09-15,-74.1867,-106.5092,24.0,-4.7101593,0.82818604,-0.015754114271046466,0.0634652777777668
B46,2020-09-16,-74.141,-106.5559,24.0,-4.7101593,0.82818604,-0.016395307600195523,0.05871180555555109
B46,2020-09-17,-74.1047,-106.6032,24.0,-4.355667,2.9854126,-0.01664298465149269,0.046635416666681216
B46,2020-09-18,-74.0833,-106.65,24.0,-4.355667,2.9854126,-0.01648865148731627,0.027493055555555382
B46,2020-09-19,-74.0729,-106.6975,24.0,-4.355667,2.9854126,-0.01674592845316411,0.013361111111098228
B46,2020-09-20,-74.0652,-106.7472,24.0,-4.355667,2.9854126,-0.017529780701535245,0.009892361111110878
B46,2020-09-21,-74.0592,-106.7983,24.0,-4.355667,2.9854126,-0.018030187856171883,0.007708333333333626
B46,2020-09-22,-74.054,-106.8499,24.0,-4.355667,2.9854126,-0.01821239349049275,0.006680555555558243
B46,2020-09-23,-74.0485,-106.9013,24.0,-4.355667,2.9854126,-0.018147897699357027,0.007065972222219447
B46,2020-09-24,-74.042,-106.9516,24.0,-4.355667,2.9854126,-0.017766567245575578,0.008350694444447804
B46,2020-09-25,-74.0333,-107.0,24.0,-4.355667,2.9854126,-0.01710454198193775,0.011177083333339234
B46,2020-10-10,-73.7302,-107.615,24.0,-3.9591827,4.0684204,0.0006118788967776458,0.025437500000004613
B46,2020-10-11,-73.7084,-107.6103,24.0,-3.9591827,4.0684204,0.0016938704809809813,0.02800694444444307
B46,2020-10-12,-73.6864,-107.6027,24.0,-3.9591827,4.0684204,0.0027426229314230833,0.028263888888877788
B46,2020-10-13,-73.6659,-107.5926,24.0,-3.9591827,4.0684204,0.003649256982391266,0.026336805555571767
B46,2020-10-14,-73.6491,-107.5802,24.0,-3.9591827,4.0684204,0.004484758255502932,0.021583333333319545
B46,2020-10-15,-73.6375,-107.5659,24.0,-3.9591827,4.0684204,0.005175507884573962,0.01490277777777956
B46,2020-10-16,-73.6333,-107.55,24.0,-3.9591827,4.0684204,0.005756022411609361,0.005395833333329886
B46,2020-10-17,-73.6393,-107.5119,24.0,-3.9591827,4.0684204,0.013787814767807594,-0.007708333333333626
B46,2020-10-18,-73.6547,-107.4405,24.0,-3.9591827,4.0684204,0.025814924388700297,-0.019784722222221756
B46,2020-10-19,-73.6762,-107.35,24.0,-3.9591827,4.0684204,0.03267872964200779,-0.02762152777776361
B46,2020-10-20,-73.7,-107.2547,24.0,-3.9591827,4.0684204,0.03436315563630325,-0.030576388888899787
B46,2020-10-21,-73.7226,-107.169,24.0,-3.9591827,4.0684204,0.030859914153238036,-0.029034722222218454
B46,2020-10-22,-73.7405,-107.1071,24.0,-3.9591827,4.0684204,0.02226586657054418,-0.02299652777777439
B46,2020-10-23,-73.75,-107.0833,24.0,-3.9591827,4.0684204,0.008556160755409008,-0.012204861111114617
B46,2020-10-24,-73.754,-107.0953,24.0,-3.9591827,4.0684204,-0.0043129973338909885,-0.00513888888889517
B46,2020-10-25,-73.7576,-107.1263,24.0,-3.9591827,4.0684204,-0.011139507312412334,-0.004624999999989221
B46,2020-10-26,-73.7607,-107.1686,24.0,-3.9591827,4.0684204,-0.01519721445067136,-0.003982638888893299
B46,2020-10-27,-73.7632,-107.2147,24.0,-3.9591827,4.0684204,-0.01655996772607672,-0.0032118055555526346
B46,2020-10-28,-73.7651,-107.257,24.0,-3.9591827,4.0684204,-0.015193207611400705,-0.002440972222230226
B46,2020-10-29,-73.7663,-107.288,24.0,-3.9591827,4.0684204,-0.011133701169415743,-0.0015416666666630736
B46,2020-10-30,-73.7667,-107.3,24.0,-3.9591827,4.0684204,-0.004309716469990648,-0.0005138888888876912
B46,2020-10-31,-73.7609,-107.2963,24.0,-3.9591827,4.0684204,0.0013292912434300056,0.007451388888880651
B46,2020-11-01,-73.7452,-107.2868,24.0,-3.9591827,4.0684204,0.003416255863268437,0.020170138888901217
B46,2020-11-02,-73.7225,-107.2737,24.0,-3.9591827,4.0684204,0.004717237944268529,0.029163194444444943
B46,2020-11-03,-73.6956,-107.2596,24.0,-3.9591827,4.0684204,0.005085495657916838,0.03455902777777482
B46,2020-11-04,-73.6671,-107.2465,24.0,-3.9591827,4.0684204,0.004732856442036083,0.03661458333332559
B46,2020-11-05,-73.6399,-107.237,24.0,-3.9591827,4.0684204,0.0034377839355242343,0.03494444444445429
B46,2020-11-06,-73.6167,-107.2333,24.0,-4.4044952,5.1416626,0.0013407730910782582,0.02980555555555912
B47,2020-01-01,-73.7349,-133.0628,24.0,-9.156998,-3.229187,-0.046381777075908806,0.0037256944444403256
B47,2020-01-02,-73.7337,-133.1426,24.0,-9.156998,-3.229187,-0.028716303376755493,0.0015416666666630736
B47,2020-01-03,-73.7333,-133.2167,24.0,-9.156998,-3.229187,-0.026665776851968692,0.0005138888888876912
B47,2020-01-04,-73.7342,-133.29,24.0,-9.156998,-3.229187,-0.02637646721479701,-0.0011562500000018695
B47,2020-01-05,-73.7366,-133.3652,24.0,-9.156998,-3.229187,-0.027056283398584277,-0.0030833333333261472
B47,2020-01-06,-73.7399,-133.4383,24.0,-9.156998,-3.229187,-0.026295529682663528,-0.004239583333346274
B47,2020-01-07,-73.7434,-133.5055,24.0,-9.156998,-3.229187,-0.024168118970808825,-0.004496527777762734
B47,2020-01-08,-73.7467,-133.563,24.0,-9.156998,-3.229187,-0.020675481467618467,-0.004239583333346274
B47,2020-01-09,-73.7491,-133.6069,24.0,-9.156998,-3.229187,-0.015783012589357614,-0.0030833333333261472
B47,2020-01-10,-73.75,-133.6333,24.0,-9.156998,-3.229187,-0.009490867392549462,-0.0011562500000018695
B47,2020-01-11,-73.75,-133.6491,24.0,-9.156998,-3.229187,-0.005680140333425405,0.0
B47,2020-01-12,-73.75,-133.6633,24.0,-9.156998,-3.229187,-0.005104936249019488,0.0
B47,2020-01-13,-73.75,-133.6756,24.0,-9.156998,-3.229187,-0.004421881398805982,0.0
B47,2020-01-14,-73.75,-133.6858,24.0,-9.156998,-3.229187,-0.0036669260380302418,0.0
B47,2020-01-15,-73.75,-133.6935,24.0,-9.156998,-3.229187,-0.0027681696561606857,0.0
B47,2020-01-16,-73.75,-133.6983,24.0,-9.156998,-3.229187,-0.0017256122531870957,0.0
B47,2020-01-17,-73.75,-133.7,24.0,-9.156998,-3.229187,-0.000611154339671707,0.0
B47,2020-01-18,-73.75,-133.7,24.0,-9.156998,-3.229187,0.0,0.0
B47,2020-01-19,-73.75,-133.7,24.0,-9.156998,-3.229187,0.0,0.0
B47,2020-01-20,-73.75,-133.7,24.0,-9.156998,-3.229187,0.0,0.0
B47,2020-01-21,-73.75,-133.7,24.0,-9.156998,-3.229187,0.0,0.0
B47,2020-01-22,-73.75,-133.7,24.0,-9.156998,-3.229187,0.0,0.0
B47,2020-01-23,-73.75,-133.7,24.0,-9.156998,-3.229187,0.0,0.0
B47,2020-01-24,-73.75,-133.7,24.0,-9.156998,-3.229187,0.0,0.0
B47,2020-01-25,-73.75,-133.7,24.0,-9.156998,-3.229187,0.0,0.0
B47,2020-01-26,-73.75,-133.7,24.0,-9.156998,-3.229187,0.0,0.0
B47,2020-01-27,-73.75,-133.7,24.0,-9.156998,-3.229187,0.0,0.0
B47,2020-01-28,-73.75,-133.7,24.0,-9.156998,-3.229187,0.0,0.0
B47,2020-01-29,-73.75,-133.7,24.0,-9.156998,-3.229187,0.0,0.0
B47,2020-01-30,-73.75,-133.7,24.0,-9.156998,-3.229187,0.0,0.0
B47,2020-01-31,-73.75,-133.7,24.0,-9.156998,-3.229187,0.0,0.0
B47,2020-02-01,-73.7509,-133.7046,24.0,-9.156998,-3.229187,-0.0016536226213017071,-0.0011562500000018695
B47,2020-02-02,-73.7533,-133.7165,24.0,-9.156998,-3.229187,-0.004277235011391375,-0.0030833333333261472
B47,2020-02-03,-73.7566,-133.7328,24.0,-9.156998,-3.229187,-0.0058575757129042845,-0.004239583333346274
B47,2020-02-04,-73.7601,-133.7505,24.0,-9.156998,-3.229187,-0.006359346730658127,-0.004496527777762734
B47,2020-02-05,-73.7634,-133.7668,24.0,-9.156998,-3.229187,-0.005855189556026404,-0.004239583333346274
B47,2020-02-06,-73.7658,-133.7787,24.0,-9.156998,-3.229187,-0.004274032737635815,-0.0030833333333261472
B47,2020-02-07,-73.7667,-133.7833,24.0,-9.156998,-3.229187,-0.0016520579801668244,-0.0011562500000018695
B47,2020-02-08,-73.7667,-133.7833,24.0,-9.156998,-3.229187,0.0,0.0
B47,2020-02-09,-73.7667,-133.7833,24.0,-9.156998,-3.229187,0.0,0.0
B47,2020-02-10,-73.7667,-133.7833,24.0,-9.156998,-3.229187,0.0,0.0
B47,2020-02-11,-73.7667,-133.7833,24.0,-9.156998,-3.229187,0.0,0.0
B47,2020-02-12,-73.7667,-133.7833,24.0,-9.156998,-3.229187,0.0,0.0
B47,2020-02-13,-73.7667,-133.7833,24.0,-9.156998,-3.229187,0.0,0.0
B47,2020-02-14,-73.7667,-133.7833,24.0,-9.156998,-3.229187,0.0,0.0
B47,2020-02-15,-73.7676,-133.7805,24.0,-9.156998,-3.229187,0.0010055462572866256,-0.0011562500000018695
B47,2020-02-16,-73.77,-133.7734,24.0,-9.156998,-3.229187,0.0025494111570277594,-0.0030833333333261472
B47,2020-02-17,-73.7732,-133.7636,24.0,-9.156998,-3.229187,0.0035182303846999783,-0.004111111111119787
B47,2020-02-18,-73.7768,-133.753,24.0,-9.156998,-3.229187,0.003804611296270751,-0.004624999999989221
B47,2020-02-19,-73.78,-133.7432,24.0,-9.156998,-3.229187,0.0035167956417525414,-0.004111111111119787
B47,2020-02-20,-73.7824,-133.7361,24.0,-9.156998,-3.229187,0.0025475156811761834,-0.0030833333333261472
B47,2020-02-21,-73.7833,-133.7333,24.0,-9.156998,-3.229187,0.0010045998147343686,-0.0011562500000018695
B47,2020-02-22,-73.7833,-133.7342,24.0,-9.156998,-3.229187,-0.0003229070833001918,0.0
B47,2020-02-23,-73.7833,-133.7366,24.0,-9.156998,-3.229187,-0.0008610855555011692,0.0
B47,2020-02-24,-73.7833,-133.7399,24.0,-9.156998,-3.229187,-0.001183992638801361,0.0
B47,2020-02-25,-73.7833,-133.7434,24.0,-9.156998,-3.229187,-0.001255749768428158,0.0
B47,2020-02-26,-73.7833,-133.7467,24.0,-9.156998,-3.229187,-0.001183992638801361,0.0
B47,2020-02-27,-73.7833,-133.7491,24.0,-9.156998,-3.229187,-0.0008610855554909717,0.0
B47,2020-02-28,-73.7833,-133.75,24.0,-9.156998,-3.229187,-0.0003229070833103891,0.0
B47,2020-02-29,-73.7833,-133.75,24.0,-9.156998,-3.229187,0.0,0.0
B47,2020-03-01,-73.7833,-133.75,24.0,-9.156998,-3.229187,0.0,0.0
B47,2020-03-02,-73.7833,-133.75,24.0,-9.156998,-3.229187,0.0,0.0
B47,2020-03-03,-73.7833,-133.75,24.0,-9.156998,-3.229187,0.0,0.0
B47,2020-03-04,-73.7833,-133.75,24.0,-9.156998,-3.229187,0.0,0.0
B47,2020-03-05,-73.7833,-133.75,24.0,-9.156998,-3.229187,0.0,0.0
B47,2020-03-06,-73.7833,-133.75,24.0,-9.156998,-3.229187,0.0,0.0
B47,2020-03-07,-73.7833,-133.75,24.0,-9.156998,-3.229187,0.0,0.0
B47,2020-03-08,-73.7833,-133.75,24.0,-9.156998,-3.229187,0.0,0.0
B47,2020-03-09,-73.7833,-133.75,24.0,-9.156998,-3.229187,0.0,0.0
B47,2020-03-10,-73.7833,-133.75,24.0,-9.156998,-3.229187,0.0,0.0
B47,2020-03-11,-73.7833,-133.75,24.0,-9.156998,-3.229187,0.0,0.0
B47,2020-03-12,-73.7833,-133.75,24.0,-9.156998,-3.229187,0.0,0.0
B47,2020-03-13,-73.7833,-133.75,24.0,-9.156998,-3.229187,0.0,0.0
B47,2020-03-14,-73.7833,-133.75,24.0,-9.156998,-3.229187,0.0,0.0
B47,2020-03-15,-73.7833,-133.75,24.0,-9.156998,-3.229187,0.0,0.0
B47,2020-03-16,-73.7833,-133.75,24.0,-9.156998,-3.229187,0.0,0.0
B47,2020-03-17,-73.7833,-133.75,24.0,-9.156998,-3.229187,0.0,0.0
B47,2020-03-18,-73.7833,-133.75,24.0,-9.156998,-3.229187,0.0,0.0
B47,2020-03-19,-73.7833,-133.75,24.0,-9.156998,-3.229187,0.0,0.0
B47,2020-03-20,-73.7833,-133.75,24.0,-9.156998,-3.229187,0.0,0.0
B47,2020-03-21,-73.7833,-133.75,24.0,-9.156998,-3.229187,0.0,0.0
B47,2020-03-22,-73.7833,-133.75,24.0,-9.156998,-3.229187,0.0,0.0
B47,2020-03-23,-73.7833,-133.75,24.0,-9.156998,-3.229187,0.0,0.0
B47,2020-03-24,-73.7833,-133.75,24.0,-9.156998,-3.229187,0.0,0.0
B47,2020-03-25,-73.7833,-133.75,24.0,-9.156998,-3.229187,0.0,0.0
B47,2020-03-26,-73.7833,-133.75,24.0,-9.156998,-3.229187,0.0,0.0
B47,2020-03-27,-73.7833,-133.75,24.0,-9.156998,-3.229187,0.0,0.0
B47,2020-03-28,-73.7833,-133.75,24.0,-9.156998,-3.229187,0.0,0.0
B47,2020-03-29,-73.7833,-133.75,24.0,-9.156998,-3.229187,0.0,0.0
B47,2020-03-30,-73.7833,-133.75,24.0,-9.156998,-3.229187,0.0,0.0
B47,2020-03-31,-73.7833,-133.75,24.0,-9.156998,-3.229187,0.0,0.0
B47,2020-04-01,-73.7833,-133.75,24.0,-9.156998,-3.229187,0.0,0.0
B47,2020-04-02,-73.7833,-133.75,24.0,-9.156998,-3.229187,0.0,0.0
B47,2020-04-03,-73.7833,-133.75,24.0,-9.156998,-3.229187,0.0,0.0
B47,2020-04-04,-73.7833,-133.75,24.0,-9.156998,-3.229187,0.0,0.0
B47,2020-04-05,-73.7833,-133.75,24.0,-9.156998,-3.229187,0.0,0.0
B47,2020-04-06,-73.7833,-133.75,24.0,-9.156998,-3.229187,0.0,0.0
B47,2020-04-07,-73.7833,-133.75,24.0,-9.156998,-3.229187,0.0,0.0
B47,2020-04-08,-73.7833,-133.75,24.0,-9.156998,-3.229187,0.0,0.0
B47,2020-04-09,-73.7833,-133.75,24.0,-9.156998,-3.229187,0.0,0.0
B47,2020-04-10,-73.7833,-133.75,24.0,-9.156998,-3.229187,0.0,0.0
B47,2020-04-11,-73.7827,-133.7489,24.0,-9.156998,-3.229187,0.00039467842303787635,0.0007708333333224084
B47,2020-04-12,-73.781,-133.746,24.0,-9.156998,-3.229187,0.001040621987066892,0.002184027777777252
B47,2020-04-13,-73.7785,-133.7416,24.0,-9.156998,-3.229187,0.0015791115701127801,0.0032118055555708912
B47,2020-04-14,-73.7756,-133.736,24.0,-9.156998,-3.229187,0.0020101280060014224,0.0037256944444403256
B47,2020-04-15,-73.7724,-133.7298,24.0,-9.156998,-3.229187,0.0022259260084914576,0.00411111111110153
B47,2020-04-16,-73.7694,-133.7232,24.0,-9.156998,-3.229187,0.002369960414913445,0.003854166666666813
B47,2020-04-17,-73.7667,-133.7167,24.0,-9.156998,-3.229187,0.0023344297545740147,0.0034687500000056084
B47,2020-04-18,-73.764,-133.7083,24.0,-9.156998,-3.229187,0.0030172897959502773,0.0034687500000056084
B47,2020-04-19,-73.761,-133.697,24.0,-9.156998,-3.229187,0.00405970298433377,0.003854166666666813
B47,2020-04-20,-73.7578,-133.6842,24.0,-9.156998,-3.229187,0.004599483392306055,0.00411111111110153
B47,2020-04-21,-73.7548,-133.6716,24.0,-9.156998,-3.229187,0.004528430205125392,0.003854166666666813
B47,2020-04-22,-73.7523,-133.6606,24.0,-9.156998,-3.229187,0.00395398344786595,0.0032118055555526346
B47,2020-04-23,-73.7506,-133.6529,24.0,-9.156998,-3.229187,0.0027680702019835823,0.002184027777777252
B47,2020-04-24,-73.75,-133.65,24.0,-9.156998,-3.229187,0.001042557402963372,0.0007708333333406654
B47,2020-04-25,-73.7506,-133.6532,24.0,-9.156998,-3.229187,-0.0011503668371853283,-0.0007708333333406654
B47,2020-04-26,-73.7523,-133.6617,24.0,-9.156998,-3.229187,-0.003055350846070804,-0.002184027777777252
B47,2020-04-27,-73.7548,-133.6735,24.0,-9.156998,-3.229187,-0.004240910827022679,-0.0032118055555526346
B47,2020-04-28,-73.7578,-133.6867,24.0,-9.156998,-3.229187,-0.004743217248320407,-0.003854166666666813
B47,2020-04-29,-73.761,-133.6996,24.0,-9.156998,-3.229187,-0.004634528185653739,-0.00411111111110153
B47,2020-04-30,-73.764,-133.7102,24.0,-9.156998,-3.229187,-0.0038075323615524128,-0.003854166666666813
B47,2020-05-01,-73.7667,-133.7167,24.0,-9.156998,-3.229187,-0.002334429754584222,-0.0034687500000056084
B47,2020-05-02,-73.7694,-133.7201,24.0,-9.156998,-3.229187,-0.0012208886985877545,-0.0034687500000056084
B47,2020-05-03,-73.7724,-133.7229,24.0,-9.156998,-3.229187,-0.0010052569070669124,-0.003854166666666813
B47,2020-05-04,-73.7756,-133.7252,24.0,-9.156998,-3.229187,-0.0008255882881736904,-0.00411111111110153
B47,2020-05-05,-73.7785,-133.7272,24.0,-9.156998,-3.229187,-0.000717777986417682,-0.0037256944444403256
B47,2020-05-06,-73.781,-133.7291,24.0,-9.156998,-3.229187,-0.0006817868191089228,-0.0032118055555708912
B47,2020-05-07,-73.7827,-133.7311,24.0,-9.156998,-3.229187,-0.0007175971327942846,-0.002184027777777252
B47,2020-05-08,-73.7833,-133.7333,24.0,-9.156998,-3.229187,-0.0007893284258743723,-0.0007708333333224084
B47,2020-05-09,-73.7824,-133.736,24.0,-9.156998,-3.229187,-0.0009687735688882182,0.0011562500000018695
B47,2020-05-10,-73.78,-133.739,24.0,-9.156998,-3.229187,-0.0010765700944209123,0.0030833333333261472
B47,2020-05-11,-73.7768,-133.7422,24.0,-9.156998,-3.229187,-0.001148561900757132,0.004111111111119787
B47,2020-05-12,-73.7732,-133.7452,24.0,-9.156998,-3.229187,-0.001077009301442517,0.004624999999989221
B47,2020-05-13,-73.77,-133.7477,24.0,-9.156998,-3.229187,-0.0008976799848706543,0.004111111111119787
B47,2020-05-14,-73.7676,-133.7494,24.0,-9.156998,-3.229187,-0.0006105102276364858,0.0030833333333261472
B47,2020-05-15,-73.7667,-133.75,24.0,-9.156998,-3.229187,-0.00021548582349647014,0.0011562500000018695
B47,2020-05-16,-73.7667,-133.75,24.0,-9.156998,-3.229187,0.0,0.0
B47,2020-05-17,-73.7667,-133.75,24.0,-9.156998,-3.229187,0.0,0.0
B47,2020-05-18,-73.7667,-133.75,24.0,-9.156998,-3.229187,0.0,0.0
B47,2020-05-19,-73.7667,-133.75,24.0,-9.156998,-3.229187,0.0,0.0
B47,2020-05-20,-73.7667,-133.75,24.0,-9.156998,-3.229187,0.0,0.0
B47,2020-05-21,-73.7667,-133.75,24.0,-9.156998,-3.229187,0.0,0.0
B47,2020-05-22,-73.7667,-133.75,24.0,-9.156998,-3.229187,0.0,0.0
B47,2020-05-23,-73.7667,-133.75,24.0,-9.156998,-3.229187,0.0,0.0
B47,2020-05-24,-73.7667,-133.75,24.0,-9.156998,-3.229187,0.0,0.0
B47,2020-05-25,-73.7667,-133.75,24.0,-9.156998,-3.229187,0.0,0.0
B47,2020-05-26,-73.7667,-133.75,24.0,-9.156998,-3.229187,0.0,0.0
B47,2020-05-27,-73.7667,-133.75,24.0,-9.156998,-3.229187,0.0,0.0
B47,2020-05-28,-73.7667,-133.75,24.0,-9.156998,-3.229187,0.0,0.0
B47,2020-05-29,-73.7667,-133.75,24.0,-9.156998,-3.229187,0.0,0.0
B47,2020-05-30,-73.7667,-133.75,24.0,-9.156998,-3.229187,0.0,0.0
B47,2020-05-31,-73.7667,-133.75,24.0,-9.156998,-3.229187,0.0,0.0
B47,2020-06-01,-73.7667,-133.75,24.0,-9.156998,-3.229187,0.0,0.0
B47,2020-06-02,-73.7667,-133.75,24.0,-6.727585,3.314209,0.0,0.0
B47,2020-06-03,-73.7667,-133.75,24.0,-7.45224,-1.5336914,0.0,0.0
B47,2020-06-04,-73.7667,-133.75,24.0,-6.7974243,-1.144867,0.0,0.0
B47,2020-06-05,-73.7667,-133.75,24.0,-5.81546,-3.9961548,0.0,0.0
B47,2020-06-06,-73.7667,-133.75,24.0,-5.02829,2.1974945,0.0,0.0
B47,2020-06-07,-73.7667,-133.75,24.0,-3.7001343,-0.8890381,0.0,0.0
B47,2020-06-08,-73.7667,-133.75,24.0,-3.5461273,-2.048233,0.0,0.0
B47,2020-06-09,-73.7667,-133.75,24.0,-0.72273254,4.761215,0.0,0.0
B47,2020-06-10,-73.7667,-133.75,24.0,-4.6160126,-0.72161865,0.0,0.0
B47,2020-06-11,-73.7667,-133.75,24.0,-2.4272156,2.970749,0.0,0.0
B47,2020-06-12,-73.7667,-133.75,24.0,-3.609909,5.3443756,0.0,0.0
B47,2020-06-13,-73.7676,-133.7528,24.0,-4.8109283,2.651001,-0.0010055462572866256,-0.0011562500000018695
B47,2020-06-14,-73.77,-133.7599,24.0,-2.2602234,5.3157806,-0.0025494111570277594,-0.0030833333333261472
B47,2020-06-15,-73.7732,-133.7697,24.0,-5.9952545,-1.0933228,-0.0035182303846999783,-0.004111111111119787
B47,2020-06-16,-73.7768,-133.7803,24.0,-2.5903473,-5.525223,-0.003804611296270751,-0.004624999999989221
B47,2020-06-17,-73.78,-133.7901,24.0,-7.289139,-3.2915802,-0.0035167956417525414,-0.004111111111119787
B47,2020-06-18,-73.7824,-133.7972,24.0,-6.243286,2.3482513,-0.0025475156811761834,-0.0030833333333261472
B47,2020-06-19,-73.7833,-133.8,24.0,-5.0597534,6.659424,-0.001004599814744566,-0.0011562500000018695
B47,2020-06-20,-73.7833,-133.8,24.0,-5.9812317,8.73085,0.0,0.0
B47,2020-06-21,-73.7833,-133.8,24.0,-6.9752502,7.0462494,0.0,0.0
B47,2020-06-22,-73.7833,-133.8,24.0,-7.6561127,3.4153595,0.0,0.0
B47,2020-06-23,-73.7833,-133.8,24.0,-6.7401123,5.3926544,0.0,0.0
B47,2020-06-24,-73.7833,-133.8,24.0,-7.0578613,5.6510773,0.0,0.0
B47,2020-06-25,-73.7833,-133.8,24.0,-2.4305115,-2.7788544,0.0,0.0
B47,2020-06-26,-73.7833,-133.8,24.0,-6.668289,0.29162598,0.0,0.0
B47,2020-06-27,-73.7833,-133.7991,24.0,-5.558655,3.9571533,0.0003229070833103891,0.0
B47,2020-06-28,-73.7833,-133.7967,24.0,-3.301056,5.9174347,0.0008610855555011692,0.0
B47,2020-06-29,-73.7833,-133.7934,24.0,-4.403412,7.8380585,0.001183992638801361,0.0
B47,2020-06-30,-73.7833,-133.7899,24.0,-1.9528809,6.20961,0.001255749768428158,0.0
B47,2020-07-01,-73.7833,-133.7866,24.0,-2.1262665,7.5675354,0.001183992638801361,0.0
B47,2020-07-02,-73.7833,-133.7842,24.0,-3.8981018,4.568756,0.0008610855554909717,0.0
B47,2020-07-03,-73.7833,-133.7833,24.0,-4.3824463,5.868042,0.0003229070833103891,0.0
B47,2020-07-04,-73.7833,-133.7833,24.0,-2.3873749,6.1669464,0.0,0.0
B47,2020-07-05,-73.7833,-133.7833,24.0,-3.6056976,8.3598175,0.0,0.0
B47,2020-07-06,-73.7833,-133.7833,24.0,-0.17030334,4.2425385,0.0,0.0
B47,2020-07-07,-73.7833,-133.7833,24.0,-3.8007202,3.4215698,0.0,0.0
B47,2020-07-08,-73.7833,-133.7833,24.0,-4.50708,0.6807251,0.0,0.0
B47,2020-07-09,-73.7833,-133.7833,24.0,-4.5996704,0.971756,0.0,0.0
B47,2020-07-10,-73.7833,-133.7833,24.0,-6.578125,6.495102,0.0,0.0
B47,2020-07-11,-73.7833,-133.7833,24.0,-10.592575,0.16101074,0.0,0.0
B47,2020-07-12,-73.7833,-133.7833,24.0,-10.766571,1.5186615,0.0,0.0
B47,2020-07-13,-73.7833,-133.7833,24.0,-6.3526306,0.12767029,0.0,0.0
B47,2020-07-14,-73.7833,-133.7833,24.0,-6.034195,-0.7342987,0.0,0.0
B47,2020-07-15,-73.7833,-133.7833,24.0,-4.381485,2.6815338,0.0,0.0
B47,2020-07-16,-73.7833,-133.7833,24.0,-3.7821198,3.0605774,0.0,0.0
B47,2020-07-17,-73.7833,-133.7833,24.0,-4.4687347,5.8340454,0.0,0.0
B47,2020-07-18,-73.7833,-133.7768,24.0,-1.9461517,5.8734436,0.0023321067127893237,0.0
B47,2020-07-19,-73.7833,-133.7602,24.0,-4.272812,6.317932,0.005955841758830401,0.0
B47,2020-07-20,-73.7833,-133.7374,24.0,-4.602844,2.4809418,0.00818031277717953,0.0
B47,2020-07-21,-73.7833,-133.7126,24.0,-2.6881714,4.651703,0.008897884073427105,0.0
B47,2020-07-22,-73.7833,-133.6898,24.0,-5.913498,3.1598053,0.008180312777189726,0.0
B47,2020-07-23,-73.7833,-133.6732,24.0,-11.190826,-0.6181488,0.005955841758820204,0.0
B47,2020-07-24,-73.7833,-133.6667,24.0,-7.0650635,-3.8378906,0.002332106712799521,0.0
B47,2020-07-25,-73.7833,-133.6714,24.0,-7.8004,-4.6936035,-0.001686292546178743,0.0
B47,2020-07-26,-73.7833,-133.6836,24.0,-6.4085083,2.9345245,-0.004377184907091854,0.0
B47,2020-07-27,-73.7833,-133.7008,24.0,-3.6065521,4.2937775,-0.006171113147690396,0.0
B47,2020-07-28,-73.7833,-133.7203,24.0,-5.5919647,5.546524,-0.0069963201383883645,0.0
B47,2020-07-29,-73.7833,-133.7396,24.0,-3.402893,4.9553986,-0.00692456300875137,0.0
B47,2020-07-30,-73.7833,-133.7559,24.0,-3.378128,5.9375,-0.005848206064390206,0.0
B47,2020-07-31,-73.7833,-133.7667,24.0,-4.134308,6.834915,-0.003874884999714472,0.0
B47,2020-08-01,-73.7833,-133.7738,24.0,-7.051178,5.5696564,-0.0025473781016697146,0.0
B47,2020-08-02,-73.7833,-133.7806,24.0,-7.4306793,3.0613098,-0.0024397424072295187,0.0
B47,2020-08-03,-73.7833,-133.7868,24.0,-4.9944305,3.4418945,-0.0022244710183593253,0.0
B47,2020-08-04,-73.7833,-133.7921,24.0,-4.914871,7.3107452,-0.001901563935048936,0.0
B47,2020-08-05,-73.7833,-133.7963,24.0,-4.8160095,4.4474487,-0.0015068997221117503,0.0
B47,2020-08-06,-73.7833,-133.799,24.0,-6.3113403,6.639038,-0.0009687212499311672,0.0
B47,2020-08-07,-73.7833,-133.8,24.0,-3.5495758,7.127411,-0.0003587856481237876,0.0
B47,2020-08-08,-73.7833,-133.8,24.0,-2.8397217,7.2091675,0.0,0.0
B47,2020-08-09,-73.7833,-133.8,24.0,-2.373169,-5.165436,0.0,0.0
B47,2020-08-10,-73.7833,-133.8,24.0,-5.6137695,-7.5371094,0.0,0.0
B47,2020-08-11,-73.7833,-133.8,24.0,-5.2779236,0.0069885254,0.0,0.0
B47,2020-08-12,-73.7833,-133.8,24.0,-6.64032,5.4595184,0.0,0.0
B47,2020-08-13,-73.7833,-133.8,24.0,-4.8565216,5.5496063,0.0,0.0
B47,2020-08-14,-73.7833,-133.8,24.0,-5.3580017,3.9188232,0.0,0.0
B47,2020-08-15,-73.7842,-133.8028,24.0,-4.7691193,6.141571,-0.0010045455577797173,-0.0011562500000018695
B47,2020-08-16,-73.7866,-133.8099,24.0,-1.4410858,4.4723816,-0.0025468736381020706,-0.0030833333333444043
B47,2020-08-17,-73.7899,-133.8197,24.0,-2.770172,9.318161,-0.003514706736287772,-0.004239583333328017
B47,2020-08-18,-73.7934,-133.8303,24.0,-4.0755463,9.670807,-0.0038008227569244586,-0.004496527777780991
B47,2020-08-19,-73.7967,-133.8401,24.0,-4.27005,8.215897,-0.0035132718717324246,-0.004239583333328017
B47,2020-08-20,-73.7991,-133.8472,24.0,-5.1271973,5.18985,-0.0025449627146464275,-0.0030833333333261472
B47,2020-08-21,-73.8,-133.85,24.0,-3.173584,8.182724,-0.0010035930064494266,-0.0011562500000018695
B47,2020-08-22,-73.7991,-133.8482,24.0,-3.780075,7.6953583,0.0006452018149836542,0.0011562500000018695
B47,2020-08-23,-73.7967,-133.8434,24.0,-4.6427917,6.334259,0.0017207862228831123,0.0030833333333261472
B47,2020-08-24,-73.7934,-133.8369,24.0,-5.5643616,0.53330994,0.0023306932000005586,0.004239583333328017
B47,2020-08-25,-73.7899,-133.8298,24.0,-7.1130676,-3.4158783,0.002546369166085727,0.004496527777780991
B47,2020-08-26,-73.7866,-133.8233,24.0,-6.7880096,-1.2551575,0.0023316448799559023,0.004239583333328017
B47,2020-08-27,-73.7842,-133.8185,24.0,-6.274246,2.149643,0.0017220780990596838,0.0030833333333444043
B47,2020-08-28,-73.7833,-133.8167,24.0,-6.229065,5.1127625,0.0006458141666207782,0.0011562500000018695
B47,2020-08-29,-73.7833,-133.8167,24.0,-3.9876099,7.8388977,0.0,0.0
B47,2020-08-30,-73.7833,-133.8167,24.0,-6.527939,7.1763763,0.0,0.0
B47,2020-08-31,-73.7833,-133.8167,24.0,-4.5885468,6.186203,0.0,0.0
B47,2020-09-01,-73.7833,-133.8167,24.0,-3.9591827,4.0684204,0.0,0.0
B47,2020-09-02,-73.7833,-133.8167,24.0,-3.9591827,4.0684204,0.0,0.0
B47,2020-09-03,-73.7833,-133.8167,24.0,-3.9591827,4.0684204,0.0,0.0
B47,2020-09-04,-73.7833,-133.8167,24.0,-3.9591827,4.0684204,0.0,0.0
B47,2020-09-05,-73.7842,-133.8176,24.0,-3.9591827,4.0684204,-0.0003228896435749654,-0.0011562500000018695
B47,2020-09-06,-73.7866,-133.82,24.0,-3.9591827,4.0684204,-0.0008609150325948675,-0.0030833333333444043
B47,2020-09-07,-73.7899,-133.8232,24.0,-3.9591827,4.0684204,-0.001147659342467346,-0.004239583333328017
B47,2020-09-08,-73.7934,-133.8268,24.0,-3.9591827,4.0684204,-0.001290845464609893,-0.004496527777780991
B47,2020-09-09,-73.7967,-133.83,24.0,-3.9591827,4.0684204,-0.0011471908152655976,-0.004239583333328017
B47,2020-09-10,-73.7991,-133.8324,24.0,-3.9591827,4.0684204,-0.0008602690866414763,-0.0030833333333261472
B47,2020-09-11,-73.8,-133.8333,24.0,-3.9591827,4.0684204,-0.00032258346635838045,-0.0011562500000018695
B47,2020-09-12,-73.8,-133.8333,24.0,-3.9591827,4.0684204,0.0,0.0
B47,2020-09-13,-73.8,-133.8333,24.0,-3.9591827,4.0684204,0.0,0.0
B47,2020-09-14,-73.8,-133.8333,24.0,-3.9591827,4.0684204,0.0,0.0
B47,2020-09-15,-73.8,-133.8333,24.0,-3.9591827,4.0684204,0.0,0.0
B47,2020-09-16,-73.8,-133.8333,24.0,-3.9591827,4.0684204,0.0,0.0
B47,2020-09-17,-73.8,-133.8333,24.0,-3.9591827,4.0684204,0.0,0.0
B47,2020-09-18,-73.8,-133.8333,24.0,-3.9591827,4.0684204,0.0,0.0
B47,2020-09-19,-73.8,-133.8333,24.0,-3.9591827,4.0684204,0.0,0.0
B47,2020-09-20,-73.8,-133.8333,24.0,-3.9591827,4.0684204,0.0,0.0
B47,2020-09-21,-73.8,-133.8333,24.0,-3.9591827,4.0684204,0.0,0.0
B47,2020-09-22,-73.8,-133.8333,24.0,-3.9591827,4.0684204,0.0,0.0
B47,2020-09-23,-73.8,-133.8333,24.0,-3.9591827,4.0684204,0.0,0.0
B47,2020-09-24,-73.8,-133.8333,24.0,-3.9591827,4.0684204,0.0,0.0
B47,2020-09-25,-73.8,-133.8333,24.0,-3.9591827,4.0684204,0.0,0.0
B47,2020-10-10,-73.8,-133.8333,24.0,-3.9591827,4.0684204,0.0,0.0
B47,2020-10-11,-73.8,-133.8333,24.0,-3.9591827,4.0684204,0.0,0.0
B47,2020-10-12,-73.8,-133.8333,24.0,-3.9591827,4.0684204,0.0,0.0
B47,2020-10-13,-73.8,-133.8333,24.0,-3.9591827,4.0684204,0.0,0.0
B47,2020-10-14,-73.8,-133.8333,24.0,-3.9591827,4.0684204,0.0,0.0
B47,2020-10-15,-73.8,-133.8333,24.0,-3.9591827,4.0684204,0.0,0.0
B47,2020-10-16,-73.8,-133.8333,24.0,-3.9591827,4.0684204,0.0,0.0
B47,2020-10-17,-73.8,-133.8333,24.0,-3.9591827,4.0684204,0.0,0.0
B47,2020-10-18,-73.8,-133.8333,24.0,-3.9591827,4.0684204,0.0,0.0
B47,2020-10-19,-73.8,-133.8333,24.0,-3.9591827,4.0684204,0.0,0.0
B47,2020-10-20,-73.8,-133.8333,24.0,-3.9591827,4.0684204,0.0,0.0
B47,2020-10-21,-73.8,-133.8333,24.0,-3.9591827,4.0684204,0.0,0.0
B47,2020-10-22,-73.8,-133.8333,24.0,-3.9591827,4.0684204,0.0,0.0
B47,2020-10-23,-73.8,-133.8333,24.0,-3.9591827,4.0684204,0.0,0.0
B47,2020-10-24,-73.8,-133.8333,24.0,-3.9591827,4.0684204,0.0,0.0
B47,2020-10-25,-73.8,-133.8333,24.0,-3.9591827,4.0684204,0.0,0.0
B47,2020-10-26,-73.8,-133.8333,24.0,-3.9591827,4.0684204,0.0,0.0
B47,2020-10-27,-73.8,-133.8333,24.0,-3.9591827,4.0684204,0.0,0.0
B47,2020-10-28,-73.8,-133.8333,24.0,-3.9591827,4.0684204,0.0,0.0
B47,2020-10-29,-73.8,-133.8333,24.0,-3.9591827,4.0684204,0.0,0.0
B47,2020-10-30,-73.8,-133.8333,24.0,-3.9591827,4.0684204,0.0,0.0
B47,2020-10-31,-73.8,-133.8333,24.0,-3.9591827,4.0684204,0.0,0.0
B47,2020-11-01,-73.8,-133.8333,24.0,-3.9591827,4.0684204,0.0,0.0
B47,2020-11-02,-73.8,-133.8333,24.0,-3.9591827,4.0684204,0.0,0.0
B47,2020-11-03,-73.8,-133.8333,24.0,-3.9591827,4.0684204,0.0,0.0
B47,2020-11-04,-73.8,-133.8333,24.0,-3.9591827,4.0684204,0.0,0.0
B47,2020-11-05,-73.8,-133.8333,24.0,-3.9591827,4.0684204,0.0,0.0
B47,2020-11-06,-73.8,-133.8333,24.0,-3.9591827,4.0684204,0.0,0.0
B47,2020-11-07,-73.8,-133.8337,24.0,-3.9591827,4.0684204,-0.00014337042948695404,0.0
B47,2020-11-08,-73.8,-133.8346,24.0,-3.9591827,4.0684204,-0.00032258346635838045,0.0
B47,2020-11-09,-73.8,-133.8359,24.0,-3.9591827,4.0684204,-0.00046595389585552156,0.0
B47,2020-11-10,-73.8,-133.8374,24.0,-3.9591827,4.0684204,-0.000537639110593905,0.0
B47,2020-11-11,-73.8,-133.8387,24.0,-3.9591827,4.0684204,-0.00046595389584533445,0.0
B47,2020-11-12,-73.8,-133.8396,24.0,-3.9591827,4.0684204,-0.00032258346635838045,0.0
B47,2020-11-13,-73.8,-133.84,24.0,-3.9591827,4.0684204,-0.00014337042949714114,0.0
B47,2020-11-14,-73.7994,-133.8394,24.0,-3.9591827,4.0684204,0.00021506339585628556,0.0007708333333224084
B47,2020-11-15,-73.798,-133.838,24.0,-3.9591827,4.0684204,0.0005018567933994958,0.0017986111111160479
B47,2020-11-16,-73.7961,-133.8361,24.0,-3.9591827,4.0684204,0.0006811690929500031,0.002440972222230226
B47,2020-11-17,-73.7939,-133.8339,24.0,-3.9591827,4.0684204,0.0007888263213699329,0.00282638888889143
B47,2020-11-18,-73.792,-133.832,24.0,-3.9591827,4.0684204,0.0006813368246039078,0.002440972222211969
B47,2020-11-19,-73.7906,-133.8306,24.0,-3.9591827,4.0684204,0.0005020798616996096,0.0017986111111160479
B47,2020-11-20,-73.79,-133.83,24.0,-3.9591827,4.0684204,0.00021518483483526615,0.0007708333333224084
B47,2020-11-21,-73.79,-133.83,24.0,-3.9591827,4.0684204,0.0,0.0
B47,2020-11-22,-73.79,-133.83,24.0,-3.9591827,4.0684204,0.0,0.0
B47,2020-11-23,-73.79,-133.83,24.0,-3.9591827,4.0684204,0.0,0.0
B47,2020-11-24,-73.79,-133.83,24.0,-3.9591827,4.0684204,0.0,0.0
B47,2020-11-25,-73.79,-133.83,24.0,-3.9591827,4.0684204,0.0,0.0
B47,2020-11-26,-73.79,-133.83,24.0,-3.9591827,4.0684204,0.0,0.0
B47,2020-11-27,-73.79,-133.83,24.0,-3.9591827,4.0684204,0.0,0.0
B47,2020-11-28,-73.7906,-133.8306,24.0,-3.9591827,4.0684204,-0.00021517708358409086,-0.0007708333333224084
B47,2020-11-29,-73.792,-133.832,24.0,-3.9591827,4.0684204,-0.0005020376602290942,-0.0017986111111160479
B47,2020-11-30,-73.7939,-133.8339,24.0,-3.9591827,4.0684204,-0.0006812590957346003,-0.002440972222211969
B47,2020-12-01,-73.7961,-133.8361,24.0,-3.9591827,4.0684204,-0.0007887221076193475,-0.00282638888889143
B47,2020-12-02,-73.798,-133.838,24.0,-3.9591827,4.0684204,-0.0006810913624641947,-0.002440972222230226
B47,2020-12-03,-73.7994,-133.8394,24.0,-3.9591827,4.0684204,-0.0005018145903449162,-0.0017986111111160479
B47,2020-12-04,-73.8,-133.84,24.0,-3.9591827,4.0684204,-0.00021505564423552457,-0.0007708333333224084
B47,2020-12-05,-73.8,-133.84,24.0,-3.9591827,4.0684204,0.0,0.0
B47,2020-12-06,-73.8,-133.84,24.0,-3.9591827,4.0684204,0.0,0.0
B47,2020-12-07,-73.8,-133.84,24.0,-3.9591827,4.0684204,0.0,0.0
B47,2020-12-08,-73.8,-133.84,24.0,-3.9591827,4.0684204,0.0,0.0
B47,2020-12-09,-73.8,-133.84,24.0,-3.9591827,4.0684204,0.0,0.0
B47,2020-12-10,-73.8,-133.84,24.0,-3.9591827,4.0684204,0.0,0.0
B47,2020-12-11,-73.8,-133.84,24.0,-3.9591827,4.0684204,0.0,0.0
B48,2020-02-09,-74.1106,-112.6912,48.0,-9.612076,-2.5905151,0.027927592548196486,0.046699652777776206
B48,2020-02-10,-74.0777,-112.6332,24.0,-9.612076,-2.5905151,0.02044165711120177,0.04226736111112671
B48,2020-02-11,-74.048,-112.5888,24.0,-9.612076,-2.5905151,0.015676872736196782,0.038156249999988665
B48,2020-02-12,-74.022,-112.5577,24.0,-9.612076,-2.5905151,0.010998304198108039,0.03340277777777296
B48,2020-02-13,-74.0002,-112.5393,24.0,-9.612076,-2.5905151,0.006515681508959201,0.02800694444444307
B48,2020-02-14,-73.9833,-112.5333,24.0,-9.612076,-2.5905151,0.002126864240075851,0.02171180555556429
B48,2020-02-15,-73.9711,-112.5432,24.0,-9.612076,-2.5905151,-0.0035119289931553545,0.01567361111110197
B48,2020-02-16,-73.9622,-112.5713,24.0,-9.612076,-2.5905151,-0.009973592039467022,0.011434027777792208
B48,2020-02-17,-73.9552,-112.6151,24.0,-9.612076,-2.5905151,-0.015552633120212081,0.008993055555543725
B48,2020-02-18,-73.9485,-112.6723,24.0,-9.612076,-2.5905151,-0.020319002991143326,0.008607638888900778
B48,2020-02-19,-73.9408,-112.7405,24.0,-9.612076,-2.5905151,-0.02423781930265843,0.009892361111110878
B48,2020-02-20,-73.9307,-112.8172,24.0,-9.612076,-2.5905151,-0.027275353755985644,0.012975694444437025
B48,2020-02-21,-73.9167,-112.9,24.0,-9.612076,-2.5905151,-0.029469555919764943,0.017986111111105707
B48,2020-02-22,-73.8816,-113.0464,24.0,-9.612076,-2.5905151,-0.05221629389010865,0.045093749999999884
B48,2020-02-23,-73.8173,-113.288,24.0,-9.156998,-3.229187,-0.08650573729081587,0.08260763888889262
B48,2020-02-24,-73.7366,-113.5837,24.0,-9.156998,-3.229187,-0.10639019948087473,0.10367708333334273
B48,2020-02-25,-73.652,-113.8922,24.0,-9.156998,-3.229187,-0.11155719608863285,0.10868749999999316
B48,2020-02-26,-73.5759,-114.1724,24.0,-8.919693,-4.1393433,-0.10178228884195387,0.0977673611111069
B48,2020-02-27,-73.5211,-114.3832,24.0,-8.919693,-4.1393433,-0.07682124651191621,0.07040277777777801
B48,2020-02-28,-73.5,-114.4833,24.0,-8.919693,-4.1393433,-0.03652457056180187,0.027107638888894177
B48,2020-02-29,-73.5102,-114.5096,24.0,-8.919693,-4.1393433,-0.009590598147792916,-0.013104166666663511
B48,2020-03-01,-73.5363,-114.528,24.0,-8.919693,-4.1393433,-0.0066994460421216494,-0.03353124999999944
B48,2020-03-02,-73.5721,-114.5415,24.0,-8.919693,-4.1393433,-0.00490496093265441,-0.045993055555567035
B48,2020-03-03,-73.6112,-114.5527,24.0,-8.919693,-4.1393433,-0.004059881515969333,-0.050232638888876795
B48,2020-03-04,-73.647,-114.5643,24.0,-9.156998,-3.229187,-0.004195943134364604,-0.045993055555567035
B48,2020-03-05,-73.6731,-114.5792,24.0,-9.156998,-3.229187,-0.005381248878515571,-0.03353124999999944
B48,2020-03-06,-73.6833,-114.6,24.0,-9.156998,-3.229187,-0.007507513507627752,-0.013104166666663511
B48,2020-03-07,-73.6778,-114.6311,24.0,-9.156998,-3.229187,-0.01122885730976703,0.007065972222219447
B48,2020-03-08,-73.6635,-114.6729,24.0,-9.156998,-3.229187,-0.015105024164703846,0.018371527777785168
B48,2020-03-09,-73.6439,-114.7222,24.0,-9.156998,-3.229187,-0.017836046513536184,0.025180555555551643
B48,2020-03-10,-73.6227,-114.7761,24.0,-8.919693,-4.1393433,-0.019524845447989707,0.02723611111112066
B48,2020-03-11,-73.6031,-114.8313,24.0,-8.919693,-4.1393433,-0.020019034101575,0.025180555555551643
B48,2020-03-12,-73.5888,-114.8847,24.0,-8.919693,-4.1393433,-0.019382664899107463,0.018371527777766912
B48,2020-03-13,-73.5833,-114.9333,24.0,-8.919693,-4.1393433,-0.01764615218872566,0.007065972222237704
B48,2020-03-14,-73.6008,-114.976,24.0,-8.919693,-4.1393433,-0.015487850887954948,-0.022482638888904956
B48,2020-03-15,-73.6461,-115.0153,24.0,-9.156998,-3.229187,-0.014216326966410961,-0.058197916666663393
B48,2020-03-16,-73.7079,-115.0532,24.0,-9.156998,-3.229187,-0.01365949108701595,-0.07939583333332173
B48,2020-03-17,-73.7754,-115.0919,24.0,-9.156998,-3.229187,-0.013891586966527538,-0.0867187500000124
B48,2020-03-18,-73.8372,-115.1334,24.0,-9.156998,-3.229187,-0.014841437342755014,-0.07939583333332173
B48,2020-03-19,-73.8825,-115.1798,24.0,-9.612076,-2.5905151,-0.01654852691627534,-0.058197916666663393
B48,2020-03-20,-73.9,-115.2333,24.0,-9.612076,-2.5905151,-0.019060567924029624,-0.022482638888904956
B48,2020-03-21,-73.8991,-115.3098,24.0,-9.612076,-2.5905151,-0.0272563140157015,0.0011562500000018695
B48,2020-03-22,-73.8967,-115.4144,24.0,-9.612076,-2.5905151,-0.03727351855302716,0.0030833333333444043
B48,2020-03-23,-73.8934,-115.5325,24.0,-9.612076,-2.5905151,-0.042092550133944896,0.004239583333328017
B48,2020-03-24,-73.8899,-115.6496,24.0,-9.612076,-2.5905151,-0.0417449647618118,0.004496527777780991
B48,2020-03-25,-73.8866,-115.7513,24.0,-9.612076,-2.5905151,-0.036262250318897814,0.004239583333328017
B48,2020-03-26,-73.8842,-115.8229,24.0,-9.612076,-2.5905151,-0.025533466930367628,0.0030833333333261472
B48,2020-03-27,-73.8833,-115.85,24.0,-9.612076,-2.5905151,-0.009664728661108167,0.0011562500000018695
B48,2020-03-28,-73.887,-115.85,24.0,-9.612076,-2.5905151,0.0,-0.004753472222215708
B48,2020-03-29,-73.8965,-115.85,24.0,-9.612076,-2.5905151,0.0,-0.012204861111114617
B48,2020-03-30,-73.9096,-115.85,24.0,-9.612076,-2.5905151,0.0,-0.016829861111103836
B48,2020-03-31,-73.9237,-115.85,24.0,-9.612076,-2.5905151,0.0,-0.018114583333332195
B48,2020-04-01,-73.9368,-115.85,24.0,-9.612076,-2.5905151,0.0,-0.016829861111122096
B48,2020-04-02,-73.9463,-115.85,24.0,-9.612076,-2.5905151,0.0,-0.012204861111096359
B48,2020-04-03,-73.95,-115.85,24.0,-9.612076,-2.5905151,0.0,-0.0047534722222339655
B48,2020-04-04,-73.95,-115.8243,24.0,-9.612076,-2.5905151,0.009128511556983937,0.0
B48,2020-04-05,-73.95,-115.756,24.0,-9.612076,-2.5905151,0.024259818651437056,0.0
B48,2020-04-06,-73.95,-115.6582,24.0,-9.612076,-2.5905151,0.03473807121685103,0.0
B48,2020-04-07,-73.95,-115.5439,24.0,-9.612076,-2.5905151,0.04059878875343363,0.0
B48,2020-04-08,-73.95,-115.4263,24.0,-9.612076,-2.5905151,0.04177093226074915,0.0
B48,2020-04-09,-73.95,-115.3184,24.0,-9.612076,-2.5905151,0.03832554073924337,0.0
B48,2020-04-10,-73.95,-115.2333,24.0,-9.612076,-2.5905151,0.03022709468868837,0.0
B48,2020-04-11,-73.9459,-115.1602,24.0,-9.612076,-2.5905151,0.025971212931377743,0.005267361111121656
B48,2020-04-12,-73.9349,-115.0833,24.0,-9.612076,-2.5905151,0.027339516759363906,0.014131944444438894
B48,2020-04-13,-73.9185,-115.008,24.0,-9.612076,-2.5905151,0.026797291862623016,0.021069444444450112
B48,2020-04-14,-73.8984,-114.9398,24.0,-9.612076,-2.5905151,0.024300121483719475,0.025822916666665818
B48,2020-04-15,-73.8764,-114.8843,24.0,-9.612076,-2.5905151,0.019801328122084755,0.028263888888877788
B48,2020-04-16,-73.8542,-114.847,24.0,-9.156998,-3.229187,0.013325755559673474,0.02852083333333076
B48,2020-04-17,-73.8333,-114.8333,24.0,-9.156998,-3.229187,0.004900613124972856,0.02685069444445946
B48,2020-04-18,-73.8097,-114.8669,24.0,-9.156998,-3.229187,-0.01203609809347145,0.030319444444428554
B48,2020-04-19,-73.7803,-114.9566,24.0,-9.156998,-3.229187,-0.03218886644685216,0.037770833333345716
B48,2020-04-20,-73.7485,-115.0858,24.0,-9.156998,-3.229187,-0.046451901701767856,0.04085416666665361
B48,2020-04-21,-73.7179,-115.238,24.0,-9.156998,-3.229187,-0.054821451921540074,0.03931250000000879
B48,2020-04-22,-73.6917,-115.3966,24.0,-9.156998,-3.229187,-0.05721612070678561,0.03365972222222593
B48,2020-04-23,-73.6735,-115.545,24.0,-9.156998,-3.229187,-0.05359451686565193,0.023381944444435594
B48,2020-04-24,-73.6667,-115.6667,24.0,-9.156998,-3.229187,-0.043969645115962186,0.008736111111109009
B48,2020-04-25,-73.67,-115.767,24.0,-9.156998,-3.229187,-0.03623080224269982,-0.004239583333328017
B48,2020-04-26,-73.6789,-115.8628,24.0,-9.156998,-3.229187,-0.03458694552180611,-0.01143402777777395
B48,2020-04-27,-73.6917,-115.9549,24.0,-9.156998,-3.229187,-0.03322575483666357,-0.016444444444442635
B48,2020-04-28,-73.7068,-116.0439,24.0,-9.156998,-3.229187,-0.032078484506970005,-0.01939930555556055
B48,2020-04-29,-73.7227,-116.1306,24.0,-9.156998,-3.229187,-0.031219819888658816,-0.020427083333335934
B48,2020-04-30,-73.7376,-116.2157,24.0,-9.156998,-3.229187,-0.03061638251045909,-0.019142361111107575
B48,2020-05-01,-73.75,-116.3,24.0,-9.156998,-3.229187,-0.030306065196668612,-0.01593055555555494
B48,2020-05-02,-73.7607,-116.3874,24.0,-9.156998,-3.229187,-0.03140039108720559,-0.013746527777777691
B48,2020-05-03,-73.7714,-116.4788,24.0,-9.156998,-3.229187,-0.032816425381888815,-0.013746527777777691
B48,2020-05-04,-73.782,-116.57,24.0,-9.156998,-3.229187,-0.03272380375500786,-0.013618055555551201
B48,2020-05-05,-73.792,-116.6568,24.0,-9.156998,-3.229187,-0.031126334934438254,-0.012847222222228796
B48,2020-05-06,-73.8013,-116.7352,24.0,-9.156998,-3.229187,-0.028098409599969565,-0.011947916666661642
B48,2020-05-07,-73.8096,-116.801,24.0,-9.156998,-3.229187,-0.02357083378925655,-0.010663194444451542
B48,2020-05-08,-73.8167,-116.85,24.0,-9.156998,-3.229187,-0.017545256975599253,-0.009121527777770212
B48,2020-05-09,-73.8229,-116.889,24.0,-9.156998,-3.229187,-0.013959385251091378,-0.007965277777786599
B48,2020-05-10,-73.8288,-116.9264,24.0,-9.156998,-3.229187,-0.013381940580434267,-0.0075798611111071385
B48,2020-05-11,-73.8343,-116.9606,24.0,-9.156998,-3.229187,-0.012232910831894957,-0.007065972222219447
B48,2020-05-12,-73.8392,-116.99,24.0,-9.156998,-3.229187,-0.01051290854365663,-0.006295138888897039
B48,2020-05-13,-73.8436,-117.013,24.0,-9.156998,-3.229187,-0.00822220470792681,-0.005652777777764604
B48,2020-05-14,-73.8472,-117.028,24.0,-9.156998,-3.229187,-0.005361144406020599,-0.004625000000007478
B48,2020-05-15,-73.85,-117.0333,24.0,-9.156998,-3.229187,-0.001893951405307429,-0.0035972222222138387
B49,2020-02-15,-74.8786,-102.23,24.0,-9.298599,-3.9293823,-0.004457351153393339,0.048947916666666695
B49,2020-02-16,-74.8436,-102.2412,24.0,-9.644302,-3.1246948,-0.003762043497129414,0.04496527777779165
B49,2020-02-17,-74.8126,-102.2504,24.0,-9.644302,-3.1246948,-0.0030964220546083345,0.039826388888878225
B49,2020-02-18,-74.7867,-102.2575,24.0,-9.644302,-3.1246948,-0.0023936091077649737,0.03327430555556473
B49,2020-02-19,-74.767,-102.2626,24.0,-9.644302,-3.1246948,-0.001721526773240055,0.025309027777778128
B49,2020-02-20,-74.7544,-102.2657,24.0,-9.644302,-3.1246948,-0.0010472632654997508,0.016187499999989658
B49,2020-02-21,-74.75,-102.2667,24.0,-9.644302,-3.1246948,-0.0003379220463538727,0.00565277777778286
B49,2020-02-22,-74.7518,-102.2639,24.0,-9.644302,-3.1246948,0.0009460726986351167,-0.002312500000003739
B49,2020-02-23,-74.7566,-102.2568,24.0,-9.644302,-3.1246948,0.0023982327874414572,-0.0061666666666705516
B49,2020-02-24,-74.7637,-102.247,24.0,-9.644302,-3.1246948,0.003308731503384198,-0.009121527777770212
B49,2020-02-25,-74.7723,-102.2364,24.0,-9.644302,-3.1246948,0.003576859794634699,-0.011048611111112747
B49,2020-02-26,-74.7818,-102.2266,24.0,-9.644302,-3.1246948,0.003304893814027509,-0.012204861111114617
B49,2020-02-27,-74.7912,-102.2195,24.0,-9.644302,-3.1246948,0.002392917803184066,-0.01207638888888813
B49,2020-02-28,-74.8,-102.2167,24.0,-9.644302,-3.1246948,0.0009431527398309125,-0.011305555555547464
B49,2020-02-29,-74.8097,-102.2388,24.0,-9.644302,-3.1246948,-0.007439531149561917,-0.012461805555567591
B49,2020-03-01,-74.8216,-102.2993,24.0,-9.644302,-3.1246948,-0.02035055772478557,-0.015288194444440763
B49,2020-03-02,-74.8343,-102.3893,24.0,-9.644302,-3.1246948,-0.030248821196421263,-0.016315972222216146
B49,2020-03-03,-74.8464,-102.4999,24.0,-9.644302,-3.1246948,-0.03714347718530035,-0.015545138888893738
B49,2020-03-04,-74.8568,-102.6222,24.0,-9.644302,-3.1246948,-0.04104523123834723,-0.013361111111116486
B49,2020-03-05,-74.864,-102.7475,24.0,-9.644302,-3.1246948,-0.04203253767580075,-0.009249999999996698
B49,2020-03-06,-74.8667,-102.8667,24.0,-9.644302,-3.1246948,-0.039979294706292905,-0.0034687499999873517
B49,2020-03-07,-74.8547,-102.988,24.0,-9.644302,-3.1246948,-0.04071513354567752,0.015416666666667252
B49,2020-03-08,-74.8228,-103.1231,24.0,-9.644302,-3.1246948,-0.04544046434872695,0.040982638888880096
B49,2020-03-09,-74.7772,-103.2685,24.0,-9.644302,-3.1246948,-0.04904830380305146,0.058583333333342855
B49,2020-03-10,-74.7242,-103.4207,24.0,-9.644302,-3.1246948,-0.0515166781188486,0.06809027777777427
B49,2020-03-11,-74.6701,-103.5762,24.0,-9.644302,-3.1246948,-0.05281560604671099,0.06950347222221086
B49,2020-03-12,-74.621,-103.7316,24.0,-9.739029,-2.4967651,-0.0529466220768112,0.06307986111112385
B49,2020-03-13,-74.5833,-103.8833,24.0,-9.739029,-2.4967651,-0.051809622248519975,0.048434027777779005
B49,2020-03-14,-74.553,-104.0475,24.0,-9.739029,-2.4967651,-0.05618624428116776,0.03892708333332933
B49,2020-03-15,-74.5229,-104.2327,24.0,-9.739029,-2.4967651,-0.0634925326355276,0.038670138888876354
B49,2020-03-16,-74.4942,-104.424,24.0,-9.739029,-2.4967651,-0.06570244411679403,0.036871527777778565
B49,2020-03-17,-74.468,-104.6063,24.0,-9.739029,-2.4967651,-0.06271456434868596,0.03365972222222593
B49,2020-03-18,-74.4456,-104.7647,24.0,-9.739029,-2.4967651,-0.05456917278164972,0.028777777777783738
B49,2020-03-19,-74.4281,-104.8842,24.0,-9.739029,-2.4967651,-0.04121320330876683,0.0224826388888867
B49,2020-03-20,-74.4167,-104.95,24.0,-9.739029,-2.4967651,-0.02270932968605863,0.014645833333326587
B49,2020-03-21,-74.409,-104.9817,24.0,-9.739029,-2.4967651,-0.010945784787804525,0.009892361111110878
B49,2020-03-22,-74.402,-105.0092,24.0,-9.739029,-2.4967651,-0.009499712091347064,0.008993055555561982
B49,2020-03-23,-74.3958,-105.0325,24.0,-9.739029,-2.4967651,-0.008051966805900744,0.007965277777786599
B49,2020-03-24,-74.3906,-105.0516,24.0,-9.739029,-2.4967651,-0.006602684220234591,0.006680555555539986
B49,2020-03-25,-74.3867,-105.0664,24.0,-9.739029,-2.4967651,-0.005117462534122653,0.005010416666668682
B49,2020-03-26,-74.3842,-105.0769,24.0,-9.739029,-2.4967651,-0.0036311990748579214,0.0032118055555526346
B49,2020-03-27,-74.3833,-105.0833,24.0,-9.739029,-2.4967651,-0.0022134266800416668,0.0011562500000018695
B49,2020-03-28,-74.3842,-105.0873,24.0,-9.739029,-2.4967651,-0.0013833139332817823,-0.0011562500000018695
B49,2020-03-29,-74.3866,-105.0909,24.0,-9.739029,-2.4967651,-0.0012447959582616926,-0.0030833333333261472
B49,2020-03-30,-74.3899,-105.094,24.0,-9.739029,-2.4967651,-0.0010716867097423784,-0.004239583333328017
B49,2020-03-31,-74.3934,-105.0965,24.0,-9.739029,-2.4967651,-0.0008640745126925548,-0.004496527777780991
B49,2020-04-01,-74.3967,-105.0984,24.0,-9.739029,-2.4967651,-0.0006565612219712687,-0.004239583333328017
B49,2020-04-02,-74.3991,-105.0996,24.0,-9.739029,-2.4967651,-0.00041460804776817625,-0.0030833333333444043
B49,2020-04-03,-74.4,-105.1,24.0,-9.739029,-2.4967651,-0.00013819490781585614,-0.0011562500000018695
B49,2020-04-04,-74.4,-105.1,24.0,-9.739029,-2.4967651,0.0,0.0
B49,2020-04-05,-74.4,-105.1,24.0,-9.739029,-2.4967651,0.0,0.0
B49,2020-04-06,-74.4,-105.1,24.0,-9.739029,-2.4967651,0.0,0.0
B49,2020-04-07,-74.4,-105.1,24.0,-9.739029,-2.4967651,0.0,0.0
B49,2020-04-08,-74.4,-105.1,24.0,-9.739029,-2.4967651,0.0,0.0
B49,2020-04-09,-74.4,-105.1,24.0,-9.739029,-2.4967651,0.0,0.0
B49,2020-04-10,-74.4,-105.1,24.0,-9.739029,-2.4967651,0.0,0.0
B49,2020-04-11,-74.4,-105.0991,24.0,-9.739029,-2.4967651,0.00031093854258199406,0.0
B49,2020-04-12,-74.4,-105.0967,24.0,-9.739029,-2.4967651,0.0008291694469000465,0.0
B49,2020-04-13,-74.4,-105.0934,24.0,-9.739029,-2.4967651,0.0011401079894820406,0.0
B49,2020-04-14,-74.4,-105.0899,24.0,-9.739029,-2.4967651,0.0012092054433924236,0.0
B49,2020-04-15,-74.4,-105.0866,24.0,-9.739029,-2.4967651,0.0011401079894820406,0.0
B49,2020-04-16,-74.4,-105.0842,24.0,-9.739029,-2.4967651,0.0008291694469000465,0.0
B49,2020-04-17,-74.4,-105.0833,24.0,-9.739029,-2.4967651,0.0003109385425869037,0.0
B49,2020-04-18,-74.4009,-105.0871,24.0,-9.739029,-2.4967651,-0.0013127777635854728,-0.0011562499999836124
B49,2020-04-19,-74.4033,-105.0971,24.0,-9.739029,-2.4967651,-0.0034541600005343126,-0.0030833333333444043
B49,2020-04-20,-74.4066,-105.1111,24.0,-9.739029,-2.4967651,-0.004834826211895384,-0.004239583333328017
B49,2020-04-21,-74.4101,-105.1272,24.0,-9.739029,-2.4967651,-0.005558833123485969,-0.004496527777780991
B49,2020-04-22,-74.4134,-105.1432,24.0,-9.739029,-2.4967651,-0.005523165841782613,-0.004239583333328017
B49,2020-04-23,-74.4158,-105.1571,24.0,-9.739029,-2.4967651,-0.004797529809890994,-0.0030833333333444043
B49,2020-04-24,-74.4167,-105.1667,24.0,-9.739029,-2.4967651,-0.003313215273348235,-0.0011562500000018695
B49,2020-04-25,-74.4167,-105.1727,24.0,-9.739029,-2.4967651,-0.0020707595458414212,0.0
B49,2020-04-26,-74.4167,-105.1773,24.0,-9.739029,-2.4967651,-0.001587582318477115,0.0
B49,2020-04-27,-74.4167,-105.1812,24.0,-9.739029,-2.4967651,-0.001345993704797414,0.0
B49,2020-04-28,-74.4167,-105.1849,24.0,-9.739029,-2.4967651,-0.0012769683866004113,0.0
B49,2020-04-29,-74.4167,-105.1889,24.0,-9.739029,-2.4967651,-0.0013805063638959157,0.0
B49,2020-04-30,-74.4167,-105.1937,24.0,-9.739029,-2.4967651,-0.0016566076366741176,0.0
B49,2020-05-01,-74.4167,-105.2,24.0,-9.739029,-2.4967651,-0.0021742975231320207,0.0
B49,2020-05-02,-74.4148,-105.2108,24.0,-9.739029,-2.4967651,-0.0037278103795751268,0.002440972222230226
B49,2020-05-03,-74.4101,-105.2271,24.0,-9.739029,-2.4967651,-0.005627886951099355,0.006038194444444065
B49,2020-05-04,-74.4036,-105.2464,24.0,-9.739029,-2.4967651,-0.006666403754387097,0.008350694444447804
B49,2020-05-05,-74.3964,-105.2659,24.0,-9.739029,-2.4967651,-0.006738517826906253,0.009249999999996698
B49,2020-05-06,-74.3899,-105.2831,24.0,-9.739029,-2.4967651,-0.005946132712140556,0.008350694444447804
B49,2020-05-07,-74.3852,-105.2953,24.0,-9.739029,-2.4967651,-0.004218844037141303,0.006038194444444065
B49,2020-05-08,-74.3833,-105.3,24.0,-9.739029,-2.4967651,-0.001625485218155676,0.002440972222211969
B49,2020-05-09,-74.3833,-105.2991,24.0,-9.739029,-2.4967651,0.000311263126881397,0.0
B49,2020-05-10,-74.3833,-105.2967,24.0,-9.739029,-2.4967651,0.0008300350050137822,0.0
B49,2020-05-11,-74.3833,-105.2934,24.0,-9.739029,-2.4967651,0.001141298131895179,0.0
B49,2020-05-12,-74.3833,-105.2899,24.0,-9.739029,-2.4967651,0.001210467715648785,0.0
B49,2020-05-13,-74.3833,-105.2866,24.0,-9.739029,-2.4967651,0.001141298131895179,0.0
B49,2020-05-14,-74.3833,-105.2842,24.0,-9.739029,-2.4967651,0.0008300350050186968,0.0
B49,2020-05-15,-74.3833,-105.2833,24.0,-9.739029,-2.4967651,0.000311263126881397,0.0
B49,2020-05-16,-74.3833,-105.287,24.0,-9.739029,-2.4967651,-0.0012796372994023908,0.0
B49,2020-05-17,-74.3833,-105.2965,24.0,-9.739029,-2.4967651,-0.00328555522818324,0.0
B49,2020-05-18,-74.3833,-105.3096,24.0,-9.739029,-2.4967651,-0.004530607735713742,0.0
B49,2020-05-19,-74.3833,-105.3237,24.0,-9.739029,-2.4967651,-0.004876455654467028,0.0
B49,2020-05-20,-74.3833,-105.3368,24.0,-9.739029,-2.4967651,-0.004530607735708828,0.0
B49,2020-05-21,-74.3833,-105.3463,24.0,-9.739029,-2.4967651,-0.003285555228188155,0.0
B49,2020-05-22,-74.3833,-105.35,24.0,-9.739029,-2.4967651,-0.001279637299397476,0.0
B49,2020-05-23,-74.3833,-105.35,24.0,-9.739029,-2.4967651,0.0,0.0
B49,2020-05-24,-74.3833,-105.35,24.0,-9.739029,-2.4967651,0.0,0.0
B49,2020-05-25,-74.3833,-105.35,24.0,-9.739029,-2.4967651,0.0,0.0
B49,2020-05-26,-74.3833,-105.35,24.0,-9.739029,-2.4967651,0.0,0.0
B49,2020-05-27,-74.3833,-105.35,24.0,-9.739029,-2.4967651,0.0,0.0
B49,2020-05-28,-74.3833,-105.35,24.0,-9.739029,-2.4967651,0.0,0.0
B49,2020-05-29,-74.3833,-105.35,24.0,-9.739029,-2.4967651,0.0,0.0
B49,2020-05-30,-74.3842,-105.35,24.0,-9.739029,-2.4967651,0.0,-0.0011562500000018695
B49,2020-05-31,-74.3866,-105.35,24.0,-9.739029,-2.4967651,0.0,-0.0030833333333261472
B49,2020-06-01,-74.3899,-105.35,24.0,-9.739029,-2.4967651,0.0,-0.004239583333328017
B49,2020-06-02,-74.3934,-105.35,24.0,-7.9092255,0.7702637,0.0,-0.004496527777780991
B49,2020-06-03,-74.3967,-105.35,24.0,-8.172943,-2.753418,0.0,-0.004239583333328017
B49,2020-06-04,-74.3991,-105.35,24.0,-7.0776978,-3.2864685,0.0,-0.0030833333333444043
B49,2020-06-05,-74.4,-105.35,24.0,-7.775421,-7.32135,0.0,-0.0011562500000018695
B49,2020-06-06,-74.3991,-105.35,24.0,-5.5048523,-0.22731018,0.0,0.0011562500000018695
B49,2020-06-07,-74.3967,-105.35,24.0,-2.5946655,-4.0130615,0.0,0.0030833333333444043
B49,2020-06-08,-74.3934,-105.35,24.0,-2.8049164,-3.6068268,0.0,0.004239583333328017
B49,2020-06-09,-74.3899,-105.35,24.0,-1.0137482,2.93602,0.0,0.004496527777780991
B49,2020-06-10,-74.3866,-105.35,24.0,-4.5642548,-3.9872437,0.0,0.004239583333328017
B49,2020-06-11,-74.3842,-105.35,24.0,-2.051239,-0.61909485,0.0,0.0030833333333261472
B49,2020-06-12,-74.3833,-105.35,24.0,-4.1558075,4.5250397,0.0,0.0011562500000018695
B49,2020-06-13,-74.3838,-105.35,24.0,-5.700577,-0.11853027,0.0,-0.0006423611110959212
B49,2020-06-14,-74.3853,-105.35,24.0,-4.3539734,0.96617126,0.0,-0.0019270833333425348
B49,2020-06-15,-74.3875,-105.35,24.0,-6.811661,-4.4038696,0.0,-0.00282638888889143
B49,2020-06-16,-74.3903,-105.35,24.0,-3.6079254,-6.8855743,0.0,-0.0035972222222138387
B49,2020-06-17,-74.3934,-105.35,24.0,-8.142654,-9.236893,0.0,-0.003982638888893299
B49,2020-06-18,-74.3967,-105.35,24.0,-6.1260986,1.382431,0.0,-0.004239583333328017
B49,2020-06-19,-74.4,-105.35,24.0,-4.862488,3.9787598,0.0,-0.004239583333346274
B49,2020-06-20,-74.4042,-105.3491,24.0,-5.098419,6.023819,0.0003108569064455145,-0.005395833333329886
B49,2020-06-21,-74.4098,-105.3467,24.0,-7.493805,3.8187103,0.0008286614817887404,-0.007194444444445934
B49,2020-06-22,-74.4162,-105.3434,24.0,-6.907089,-0.3688202,0.0011389533875232074,-0.008222222222221317
B49,2020-06-23,-74.4225,-105.3399,24.0,-7.2127686,2.628006,0.0012075046147582314,-0.008093749999994829
B49,2020-06-24,-74.428,-105.3366,24.0,-7.4680176,2.2643585,0.0011381123238375507,-0.007065972222219447
B49,2020-06-25,-74.4318,-105.3342,24.0,-0.8045349,-5.0513153,0.0008275210636713269,-0.004881944444442195
B49,2020-06-26,-74.4333,-105.3333,24.0,-6.4221954,-3.0843506,0.00031029123879157335,-0.0019270833333425348
B49,2020-06-27,-74.4333,-105.3333,24.0,-6.484436,1.2813721,0.0,0.0
B49,2020-06-28,-74.4333,-105.3333,24.0,-4.6282043,2.1762238,0.0,0.0
B49,2020-06-29,-74.4333,-105.3333,24.0,-5.146576,4.2999725,0.0,0.0
B49,2020-06-30,-74.4333,-105.3333,24.0,-3.738037,2.7447662,0.0,0.0
B49,2020-07-01,-74.4333,-105.3333,24.0,-2.486618,4.8146057,0.0,0.0
B49,2020-07-02,-74.4333,-105.3333,24.0,-5.033844,0.10391235,0.0,0.0
B49,2020-07-03,-74.4333,-105.3333,24.0,-5.699829,2.196167,0.0,0.0
B49,2020-07-04,-74.4352,-105.3352,24.0,-3.608078,3.2489777,-0.0006549813050237704,-0.002440972222211969
B49,2020-07-05,-74.4399,-105.3399,24.0,-3.6398773,5.6147003,-0.0016197397554398028,-0.006038194444444065
B49,2020-07-06,-74.4464,-105.3464,24.0,-3.4505768,1.5745697,-0.002239152969559451,-0.008350694444447804
B49,2020-07-07,-74.4536,-105.3536,24.0,-4.638611,-0.090148926,-0.002479172677922464,-0.009249999999996698
B49,2020-07-08,-74.4601,-105.3601,24.0,-4.0646973,-2.7020874,-0.0022372292905111155,-0.008350694444447804
B49,2020-07-09,-74.4648,-105.3648,24.0,-2.9326782,-3.4042206,-0.0016172116569114327,-0.006038194444444065
B49,2020-07-10,-74.4667,-105.3667,24.0,-6.5351562,3.573227,-0.0006536884256926451,-0.002440972222230226
B49,2020-07-11,-74.4667,-105.3667,24.0,-10.866989,-2.0548096,0.0,0.0
B49,2020-07-12,-74.4667,-105.3667,24.0,-10.268524,-1.9012604,0.0,0.0
B49,2020-07-13,-74.4667,-105.3667,24.0,-5.802826,-4.287369,0.0,0.0
B49,2020-07-14,-74.4667,-105.3667,24.0,-6.2314606,-3.340744,0.0,0.0
B49,2020-07-15,-74.4667,-105.3667,24.0,-4.723282,0.27430725,0.0,0.0
B49,2020-07-16,-74.4667,-105.3667,24.0,-3.9159088,-1.0683289,0.0,0.0
B49,2020-07-17,-74.4667,-105.3667,24.0,-4.727524,2.5117798,0.0,0.0
B49,2020-07-18,-74.4667,-105.3658,24.0,-3.9959564,2.879303,0.00030964188585621215,0.0
B49,2020-07-19,-74.4667,-105.3634,24.0,-5.026718,2.6138306,0.0008257116956133061,0.0
B49,2020-07-20,-74.4667,-105.3601,24.0,-4.7893677,-0.6674957,0.0011353535814695183,0.0
B49,2020-07-21,-74.4667,-105.3566,24.0,-4.8737183,0.48861694,0.0012041628894397384,0.0
B49,2020-07-22,-74.4667,-105.3533,24.0,-6.042404,-0.66539,0.0011353535814695183,0.0
B49,2020-07-23,-74.4667,-105.3509,24.0,-11.866608,-4.552719,0.0008257116956181952,0.0
B49,2020-07-24,-74.4667,-105.35,24.0,-7.0758057,-4.330078,0.00030964188585621215,0.0
B49,2020-07-25,-74.4676,-105.35,24.0,-8.259384,-4.3303223,0.0,-0.0011562500000018695
B49,2020-07-26,-74.47,-105.35,24.0,-7.315735,0.16401672,0.0,-0.0030833333333261472
B49,2020-07-27,-74.4732,-105.35,24.0,-4.4678802,1.6736603,0.0,-0.004111111111119787
B49,2020-07-28,-74.4768,-105.35,24.0,-5.3517303,2.0894928,0.0,-0.004624999999989221
B49,2020-07-29,-74.48,-105.35,24.0,-4.08844,0.8352814,0.0,-0.004111111111119787
B49,2020-07-30,-74.4824,-105.35,24.0,-3.6691437,3.6542969,0.0,-0.0030833333333261472
B49,2020-07-31,-74.4833,-105.35,24.0,-4.9263,3.926712,0.0,-0.0011562500000018695
B49,2020-08-01,-74.4815,-105.357,24.0,-7.392975,2.3616486,-0.002406087560886419,0.002312500000003739
B49,2020-08-02,-74.4767,-105.3754,24.0,-7.3672028,-0.5744324,-0.006326481165882848,0.0061666666666705516
B49,2020-08-03,-74.4702,-105.4012,24.0,-6.450485,0.30419922,-0.008874449902117658,0.008350694444429548
B49,2020-08-04,-74.4631,-105.4305,24.0,-5.2732697,3.5109406,-0.010082842349925777,0.00912152777778847
B49,2020-08-05,-74.4566,-105.4593,24.0,-6.1617126,-0.72442627,-0.009914824261800759,0.008350694444447804
B49,2020-08-06,-74.4518,-105.4838,24.0,-6.7283325,3.5228271,-0.008437026351744767,0.0061666666666522945
B49,2020-08-07,-74.45,-105.5,24.0,-4.60524,3.9584656,-0.005579398358818484,0.002312500000003739
B49,2020-08-08,-74.45,-105.5106,24.0,-3.7039795,3.3117065,-0.0036507174446583426,0.0
B49,2020-08-09,-74.45,-105.5208,24.0,-2.9249268,-8.103912,-0.003512954522218682,0.0
B49,2020-08-10,-74.45,-105.5302,24.0,-5.519043,-9.169922,-0.0032374286773393618,0.0
B49,2020-08-11,-74.45,-105.5382,24.0,-6.1490173,-2.0994568,-0.0027552584488029974,0.0
B49,2020-08-12,-74.45,-105.5445,24.0,-6.255554,2.085495,-0.0021697660284283227,0.0
B49,2020-08-13,-74.45,-105.5485,24.0,-4.3438263,2.0466766,-0.0013776292244014987,0.0
B49,2020-08-14,-74.45,-105.55,24.0,-5.815033,0.7010498,-0.0005166109591475031,0.0
B50,2020-04-14,-73.75,-128.6833,24.0,-9.156998,-3.229187,0.0,0.0
B50,2020-04-15,-73.75,-128.6833,24.0,-9.156998,-3.229187,0.0,0.0
B50,2020-04-16,-73.75,-128.6833,24.0,-9.156998,-3.229187,0.0,0.0
B50,2020-04-17,-73.75,-128.6833,24.0,-9.156998,-3.229187,0.0,0.0
B50,2020-04-18,-73.75,-128.6833,24.0,-9.156998,-3.229187,0.0,0.0
B50,2020-04-19,-73.75,-128.6833,24.0,-9.156998,-3.229187,0.0,0.0
B50,2020-04-20,-73.75,-128.6833,24.0,-9.156998,-3.229187,0.0,0.0
B50,2020-04-21,-73.75,-128.6833,24.0,-9.156998,-3.229187,0.0,0.0
B50,2020-04-22,-73.75,-128.6833,24.0,-9.156998,-3.229187,0.0,0.0
B50,2020-04-23,-73.75,-128.6833,24.0,-9.156998,-3.229187,0.0,0.0
B50,2020-04-24,-73.75,-128.6833,24.0,-9.156998,-3.229187,0.0,0.0
B50,2020-04-25,-73.7426,-128.6558,24.0,-9.156998,-3.229187,0.009890700831127199,0.009506944444449673
B50,2020-04-26,-73.7236,-128.5845,24.0,-9.156998,-3.229187,0.02567304969999986,0.024409722222210974
B50,2020-04-27,-73.6975,-128.4866,24.0,-9.156998,-3.229187,0.03530592772670864,0.03353124999999944
B50,2020-04-28,-73.6692,-128.3788,24.0,-9.156998,-3.229187,0.038941840577041816,0.036357638888890875
B50,2020-04-29,-73.6431,-128.2783,24.0,-9.156998,-3.229187,0.03636121611809242,0.03353124999999944
B50,2020-04-30,-73.6241,-128.2019,24.0,-8.919693,-4.1393433,0.02767299011307438,0.024409722222229233
B50,2020-05-01,-73.6167,-128.1667,24.0,-8.919693,-4.1393433,0.012755462920546945,0.009506944444449673
B50,2020-05-02,-73.6181,-128.1594,24.0,-8.919693,-4.1393433,0.0026450892162214698,-0.0017986111111160479
B50,2020-05-03,-73.6219,-128.1546,24.0,-8.919693,-4.1393433,0.001738844355946185,-0.004881944444442195
B50,2020-05-04,-73.628,-128.1513,24.0,-9.156998,-3.229187,0.0011950224360098578,-0.007836805555560112
B50,2020-05-05,-73.6358,-128.1486,24.0,-9.156998,-3.229187,0.0009772925474400519,-0.010020833333337364
B50,2020-05-06,-73.6451,-128.1453,24.0,-9.156998,-3.229187,0.0011938083796004906,-0.011947916666661642
B50,2020-05-07,-73.6555,-128.1406,24.0,-9.156998,-3.229187,0.001699220843718208,-0.013361111111116486
B50,2020-05-08,-73.6667,-128.1333,24.0,-9.156998,-3.229187,0.0026374561162462685,-0.014388888888891869
B50,2020-05-09,-73.6856,-128.1018,24.0,-9.156998,-3.229187,0.011367992607419549,-0.02428124999998449
B50,2020-05-10,-73.7162,-128.035,24.0,-9.156998,-3.229187,0.02406337051451189,-0.03931250000000879
B50,2020-05-11,-73.7534,-127.9475,24.0,-9.156998,-3.229187,0.03145006907359963,-0.047791666666664824
B50,2020-05-12,-73.7921,-127.8539,24.0,-9.156998,-3.229187,0.03356460203553423,-0.049718750000007354
B50,2020-05-13,-73.8272,-127.7689,24.0,-9.156998,-3.229187,0.030416430129100745,-0.045093749999999884
B50,2020-05-14,-73.8538,-127.7071,24.0,-9.156998,-3.229187,0.022079130107598502,-0.03417361111111362
B50,2020-05-15,-73.8667,-127.6833,24.0,-9.156998,-3.229187,0.00849635309714639,-0.016572916666650863
B50,2020-05-16,-73.8708,-127.721,24.0,-9.156998,-3.229187,-0.013455179490163508,-0.005267361111121656
B50,2020-05-17,-73.8745,-127.8197,24.0,-9.156998,-3.229187,-0.03521829329141515,-0.004753472222215708
B50,2020-05-18,-73.8775,-127.9582,24.0,-9.612076,-2.5905151,-0.049410843408625886,-0.003854166666666813
B50,2020-05-19,-73.88,-128.1151,24.0,-9.612076,-2.5905151,-0.05596672264935438,-0.0032118055555526346
B50,2020-05-20,-73.8818,-128.2692,24.0,-9.612076,-2.5905151,-0.05496197878065418,-0.002312500000003739
B50,2020-05-21,-73.8829,-128.399,24.0,-9.612076,-2.5905151,-0.04629195902580734,-0.0014131944444548436
B50,2020-05-22,-73.8833,-128.4833,24.0,-9.612076,-2.5905151,-0.03006408214508643,-0.0005138888888876912
B50,2020-05-23,-73.8828,-128.5308,24.0,-9.612076,-2.5905151,-0.016940534168228223,0.0006423611111141783
B50,2020-05-24,-73.8815,-128.5672,24.0,-9.612076,-2.5905151,-0.01298281814765854,0.0016701388888895607
B50,2020-05-25,-73.8794,-128.5968,24.0,-9.612076,-2.5905151,-0.010558795508902707,0.002697916666664943
B50,2020-05-26,-73.8767,-128.624,24.0,-9.612076,-2.5905151,-0.009704258911536806,0.0034687500000056084
B50,2020-05-27,-73.8736,-128.6529,24.0,-9.156998,-3.229187,-0.010312704906832115,0.003982638888893299
B50,2020-05-28,-73.8702,-128.6879,24.0,-9.156998,-3.229187,-0.012491998285652176,0.004368055555554504
B50,2020-05-29,-73.8667,-128.7333,24.0,-9.156998,-3.229187,-0.016207329017249812,0.004496527777780991
B50,2020-05-30,-73.8613,-128.7947,24.0,-9.156998,-3.229187,-0.02192630459810279,0.00693749999999296
B50,2020-05-31,-73.8532,-128.8728,24.0,-9.156998,-3.229187,-0.027903599267800058,0.01040624999999857
B50,2020-06-01,-73.8435,-128.9644,24.0,-9.156998,-3.229187,-0.03274602124668855,0.012461805555549332
B50,2020-06-02,-73.8338,-129.0661,24.0,-6.727585,3.314209,-0.03637790889653039,0.012461805555567591
B50,2020-06-03,-73.8252,-129.1748,24.0,-7.45224,-1.5336914,-0.03890192827597758,0.011048611111112747
B50,2020-06-04,-73.819,-129.2872,24.0,-6.7974243,-1.144867,-0.04024110406619229,0.007965277777768343
B50,2020-06-05,-73.8167,-129.4,24.0,-5.81546,-3.9961548,-0.040389897690771,0.0029548611111179174
B50,2020-06-06,-73.8176,-129.5349,24.0,-5.02829,2.1974945,-0.048300552187934616,-0.0011562500000018695
B50,2020-06-07,-73.82,-129.7026,24.0,-3.7001343,-0.8890381,-0.06003582952753529,-0.0030833333333261472
B50,2020-06-08,-73.8232,-129.8836,24.0,-3.5461273,-2.048233,-0.06478469554213499,-0.004111111111119787
B50,2020-06-09,-73.8268,-130.0583,24.0,-0.72273254,4.761215,-0.06251621480801116,-0.004625000000007478
B50,2020-06-10,-73.83,-130.2073,24.0,-4.6160126,-0.72161865,-0.05330922823206847,-0.00411111111110153
B50,2020-06-11,-73.8324,-130.3111,24.0,-2.4272156,2.970749,-0.03713220475726644,-0.0030833333333444043
B50,2020-06-12,-73.8333,-130.35,24.0,-3.609909,5.3443756,-0.013914879603019327,-0.0011562499999836124
B50,2020-06-13,-73.8315,-130.3463,24.0,-4.8109283,2.651001,0.0013236666814621949,0.002312499999985482
B50,2020-06-14,-73.8267,-130.3368,24.0,-2.2602234,5.3157806,0.0033995856598218375,0.0061666666666705516
B50,2020-06-15,-73.8202,-130.3237,24.0,-5.9952545,-1.0933228,0.004689683393615072,0.008350694444447804
B50,2020-06-16,-73.8131,-130.3096,24.0,-2.5903473,-5.525223,0.005049830274081891,0.009121527777770212
B50,2020-06-17,-73.8066,-130.2965,24.0,-7.289139,-3.2915802,0.0046935198509691824,0.008350694444447804
B50,2020-06-18,-73.8018,-130.287,24.0,-6.243286,2.3482513,0.003404679496218509,0.0061666666666705516
B50,2020-06-19,-73.8,-130.2833,24.0,-5.0597534,6.659424,0.001326176472807807,0.002312500000003739
B50,2020-06-20,-73.8032,-130.2962,24.0,-5.9812317,8.73085,-0.004622807490053065,-0.004111111111119787
B50,2020-06-21,-73.8117,-130.33,24.0,-6.9752502,7.0462494,-0.012106285871222758,-0.010920138888886259
B50,2020-06-22,-73.8235,-130.3771,24.0,-7.6561127,3.4153595,-0.016858033613166734,-0.015159722222214277
B50,2020-06-23,-73.8367,-130.4301,24.0,-6.7401123,5.3926544,-0.018954695512256082,-0.016958333333330324
B50,2020-06-24,-73.8496,-130.4816,24.0,-7.0578613,5.6510773,-0.018403933747943507,-0.01657291666666912
B50,2020-06-25,-73.8602,-130.524,24.0,-2.4305115,-2.7788544,-0.01514229635044666,-0.01361805555556946
B50,2020-06-26,-73.8667,-130.55,24.0,-6.668289,0.29162598,-0.009281730274199504,-0.008350694444429548
B50,2020-06-27,-73.8704,-130.5629,24.0,-5.558655,3.9571533,-0.004604138080724315,-0.0047534722222339655
B50,2020-06-28,-73.8739,-130.572,24.0,-3.301056,5.9174347,-0.0032471942970008815,-0.004496527777780991
B50,2020-06-29,-73.877,-130.5791,24.0,-4.322357,7.040207,-0.0025330511136375687,-0.003982638888875043
B50,2020-06-30,-73.8796,-130.5855,24.0,-2.1921387,5.508438,-0.00228295524028724,-0.0033402777777791215
B50,2020-07-01,-73.8816,-130.5928,24.0,-1.9680634,7.016754,-0.0026036813210285155,-0.0025694444444567133
B50,2020-07-02,-73.8828,-130.6027,24.0,-4.2027893,3.8988342,-0.003530763963480027,-0.0015416666666630736
B50,2020-07-03,-73.8833,-130.6167,24.0,-4.529907,5.1971436,-0.004992848754821414,-0.0006423611111141783
B50,2020-07-04,-73.8768,-130.6489,24.0,-2.2194061,5.6444855,-0.011488060674012472,0.008350694444447804
B50,2020-07-05,-73.8602,-130.7065,24.0,-3.6056976,8.3598175,-0.020570666740225025,0.02132638888888483
B50,2020-07-06,-73.8374,-130.78,24.0,-0.17030334,4.2425385,-0.02628512063670995,0.029291666666671427
B50,2020-07-07,-73.8126,-130.8604,24.0,-3.8007202,3.4215698,-0.028795642537317943,0.03186111111110988
B50,2020-07-08,-73.7898,-130.9384,24.0,-4.50708,0.6807251,-0.027974364415851365,0.029291666666671427
B50,2020-07-09,-73.7732,-131.0046,24.0,-4.5996704,0.971756,-0.023766005251721352,0.02132638888888483
B50,2020-07-10,-73.7667,-131.05,24.0,-6.578125,6.495102,-0.016305093978130944,0.008350694444447804
B50,2020-07-11,-73.7722,-131.0817,24.0,-10.592575,0.16101074,-0.011381080764934043,-0.007065972222219447
B50,2020-07-12,-73.7865,-131.1122,24.0,-10.766571,1.5186615,-0.010940860874987588,-0.018371527777785168
B50,2020-07-13,-73.8061,-131.1402,24.0,-6.3526306,0.12767029,-0.010032252288592785,-0.025180555555551643
B50,2020-07-14,-73.8273,-131.1644,24.0,-6.034195,-0.7342987,-0.008659684462544783,-0.027236111111102402
B50,2020-07-15,-73.8469,-131.1833,24.0,-4.381485,2.6815338,-0.006755164068885087,-0.025180555555569896
B50,2020-07-16,-73.8612,-131.1956,24.0,-3.7821198,3.0605774,-0.004392429531341435,-0.018371527777766912
B50,2020-07-17,-73.8667,-131.2,24.0,-4.4687347,5.8340454,-0.0015707543540859348,-0.007065972222219447
B50,2020-07-18,-73.8658,-131.1991,24.0,-1.9461517,5.8734436,0.0003213081103586722,0.0011562500000018695
B50,2020-07-19,-73.8634,-131.1967,24.0,-4.272812,6.317932,0.0008569456942882351,0.0030833333333261472
B50,2020-07-20,-73.8601,-131.1934,24.0,-4.602844,2.4809418,0.0011785348898169028,0.004239583333328017
B50,2020-07-21,-73.8566,-131.1899,24.0,-2.6881714,4.651703,0.0012502250955135751,0.004496527777780991
B50,2020-07-22,-73.8533,-131.1866,24.0,-5.913498,3.1598053,0.0011790182135943575,0.004239583333328017
B50,2020-07-23,-73.8509,-131.1842,24.0,-11.190826,-0.6181488,0.0008575918505389528,0.0030833333333444043
B50,2020-07-24,-73.85,-131.1833,24.0,-7.0650635,-3.8378906,0.0003216143895815608,0.0011562500000018695
B50,2020-07-25,-73.8509,-131.187,24.0,-7.8004,-4.6936035,-0.0013221207695872331,-0.0011562500000018695
B50,2020-07-26,-73.8533,-131.1973,24.0,-6.4085083,2.9345245,-0.003679965939405494,-0.0030833333333444043
B50,2020-07-27,-73.8566,-131.2134,24.0,-3.6065521,4.2937775,-0.005751035439356353,-0.004239583333328017
B50,2020-07-28,-73.8601,-131.2343,24.0,-5.5919647,5.546524,-0.0074640543021771005,-0.004496527777780991
B50,2020-07-29,-73.8634,-131.2591,24.0,-3.402893,4.9553986,-0.008855105507665391,-0.004239583333328017
B50,2020-07-30,-73.8658,-131.2869,24.0,-3.378128,5.9375,-0.009924850519956603,-0.0030833333333261472
B50,2020-07-31,-73.8667,-131.3167,24.0,-4.134308,6.834915,-0.010638290852730109,-0.0011562500000018695
B50,2020-08-01,-73.8648,-131.3617,24.0,-7.051178,5.5696564,-0.01606637479218679,0.002440972222211969
B50,2020-08-02,-73.8597,-131.4304,24.0,-7.4306793,3.0613098,-0.024535545502650982,0.006552083333331756
B50,2020-08-03,-73.8523,-131.5148,24.0,-4.9944305,3.4418945,-0.030156101821305063,0.009506944444449673
B50,2020-08-04,-73.8434,-131.6069,24.0,-4.914871,7.3107452,-0.03292496426037906,0.01143402777777395
B50,2020-08-05,-73.8339,-131.6988,24.0,-4.8160095,4.4474487,-0.03287226843211747,0.012204861111114617
B50,2020-08-06,-73.8247,-131.7825,24.0,-6.3113403,6.639038,-0.029955743897128313,0.011819444444435155
B50,2020-08-07,-73.8167,-131.85,24.0,-3.5495758,7.127411,-0.02416948665006232,0.01027777777779034
B50,2020-08-08,-73.8091,-131.9008,24.0,-2.8397217,7.2091675,-0.018198090358434796,0.00976388888888439
B50,2020-08-09,-73.801,-131.9424,24.0,-2.373169,-5.165436,-0.014909628920726423,0.01040624999999857
B50,2020-08-10,-73.7927,-131.9794,24.0,-5.6137695,-7.5371094,-0.013267580498038301,0.010663194444451542
B50,2020-08-11,-73.7846,-132.0159,24.0,-5.2779236,0.0069885254,-0.013094654531407594,0.01040624999999857
B50,2020-08-12,-73.7773,-132.0564,24.0,-6.64032,5.4595184,-0.014536050577939648,0.009378472222223187
B50,2020-08-13,-73.7712,-132.1052,24.0,-4.8565216,5.5496063,-0.017521452560604618,0.007836805555560112
B50,2020-08-14,-73.7667,-132.1667,24.0,-5.3580017,3.9188232,-0.022087296908699518,0.00578124999999109
B50,2020-08-15,-73.7631,-132.2748,24.0,-4.7691193,6.141571,-0.038831740555665226,0.004625000000007478
B50,2020-08-16,-73.7597,-132.4422,24.0,-1.4410858,4.4723816,-0.060145771606905034,0.004368055555554504
B50,2020-08-17,-73.7566,-132.6412,24.0,-2.770172,9.318161,-0.07151273416366749,0.003982638888875043
B50,2020-08-18,-73.7539,-132.8442,24.0,-4.0755463,9.670807,-0.07296197523539401,0.0034687500000056084
B50,2020-08-19,-73.7519,-133.0234,24.0,-4.27005,8.215897,-0.0644155279567605,0.0025694444444384562
B50,2020-08-20,-73.7505,-133.1512,24.0,-5.1271973,5.18985,-0.04594305067404148,0.0017986111111160479
B50,2020-08-21,-73.75,-133.2,24.0,-3.173584,8.182724,-0.01754372457410968,0.0006423611111141783
B50,2020-08-22,-73.7509,-133.1908,24.0,-3.780075,7.6953583,0.0033072452425931976,-0.0011562500000018695
B50,2020-08-23,-73.7533,-133.167,24.0,-4.6427917,6.334259,0.00855447002278275,-0.0030833333333261472
B50,2020-08-24,-73.7566,-133.1344,24.0,-5.5643616,0.53330994,0.011715151425808569,-0.004239583333346274
B50,2020-08-25,-73.7601,-133.0989,24.0,-7.1130676,-3.4158783,0.012754621973930264,-0.004496527777762734
B50,2020-08-26,-73.7634,-133.0663,24.0,-6.7880096,-1.2551575,0.011710379112042597,-0.004239583333346274
B50,2020-08-27,-73.7658,-133.0425,24.0,-6.274246,2.149643,0.008548065475281837,-0.0030833333333261472
B50,2020-08-28,-73.7667,-133.0333,24.0,-6.229065,5.1127625,0.0033041159603234413,-0.0011562500000018695
B50,2020-08-29,-73.7667,-133.0333,24.0,-3.9876099,7.8388977,0.0,0.0
B50,2020-08-30,-73.7667,-133.0333,24.0,-6.527939,7.1763763,0.0,0.0
B50,2020-08-31,-73.7667,-133.0333,24.0,-4.5885468,6.186203,0.0,0.0
B50,2020-09-01,-73.7667,-133.0333,24.0,-3.9591827,4.0684204,0.0,0.0
B50,2020-09-02,-73.7667,-133.0333,24.0,-3.9591827,4.0684204,0.0,0.0
B50,2020-09-03,-73.7667,-133.0333,24.0,-3.9591827,4.0684204,0.0,0.0
B50,2020-09-04,-73.7667,-133.0333,24.0,-3.9591827,4.0684204,0.0,0.0
B50,2020-09-05,-73.7667,-133.0407,24.0,-3.9591827,4.0684204,-0.0026576584898238232,0.0
B50,2020-09-06,-73.7667,-133.0597,24.0,-3.9591827,4.0684204,-0.006823717744153561,0.0
B50,2020-09-07,-73.7667,-133.0858,24.0,-3.9591827,4.0684204,-0.009373633322234252,0.0
B50,2020-09-08,-73.7667,-133.1142,24.0,-3.9591827,4.0684204,-0.010199662312312561,0.0
B50,2020-09-09,-73.7667,-133.1403,24.0,-3.9591827,4.0684204,-0.009373633322224045,0.0
B50,2020-09-10,-73.7667,-133.1593,24.0,-3.9591827,4.0684204,-0.006823717744153561,0.0
B50,2020-09-11,-73.7667,-133.1667,24.0,-3.9591827,4.0684204,-0.0026576584898238232,0.0
B50,2020-09-12,-73.7658,-133.163,24.0,-3.9591827,4.0684204,0.0013289009352246985,0.0011562500000018695
B50,2020-09-13,-73.7634,-133.1535,24.0,-3.9591827,4.0684204,0.0034125337903228884,0.0030833333333261472
B50,2020-09-14,-73.7601,-133.1404,24.0,-3.9591827,4.0684204,0.004706635150944604,0.004239583333346274
B50,2020-09-15,-73.7566,-133.1263,24.0,-3.9591827,4.0684204,0.005066982671903248,0.004496527777762734
B50,2020-09-16,-73.7533,-133.1132,24.0,-3.9591827,4.0684204,0.004708552827660126,0.004239583333346274
B50,2020-09-17,-73.7509,-133.1037,24.0,-3.9591827,4.0684204,0.003415090196159684,0.0030833333333261472
B50,2020-09-18,-73.75,-133.1,24.0,-3.9591827,4.0684204,0.001330159445171439,0.0011562500000018695
B50,2020-09-19,-73.7509,-133.1046,24.0,-3.9591827,4.0684204,-0.0016536226213017071,-0.0011562500000018695
B50,2020-09-20,-73.7533,-133.1165,24.0,-3.9591827,4.0684204,-0.004277235011391375,-0.0030833333333261472
B50,2020-09-21,-73.7566,-133.1328,24.0,-3.9591827,4.0684204,-0.0058575757129042845,-0.004239583333346274
B50,2020-09-22,-73.7601,-133.1505,24.0,-3.9591827,4.0684204,-0.006359346730658127,-0.004496527777762734
B50,2020-09-23,-73.7634,-133.1668,24.0,-3.9591827,4.0684204,-0.005855189556026404,-0.004239583333346274
B50,2020-09-24,-73.7658,-133.1787,24.0,-3.9591827,4.0684204,-0.004274032737635815,-0.0030833333333261472
B50,2020-09-25,-73.7667,-133.1833,24.0,-3.9591827,4.0684204,-0.0016520579801668244,-0.0011562500000018695
B50,2020-10-10,-73.75,-133.1667,24.0,-3.9591827,4.0684204,0.0,0.0
B50,2020-10-11,-73.75,-133.1667,24.0,-3.9591827,4.0684204,0.0,0.0
B50,2020-10-12,-73.75,-133.1667,24.0,-3.9591827,4.0684204,0.0,0.0
B50,2020-10-13,-73.75,-133.1667,24.0,-3.9591827,4.0684204,0.0,0.0
B50,2020-10-14,-73.75,-133.1667,24.0,-3.9591827,4.0684204,0.0,0.0
B50,2020-10-15,-73.75,-133.1667,24.0,-3.9591827,4.0684204,0.0,0.0
B50,2020-10-16,-73.75,-133.1667,24.0,-3.9591827,4.0684204,0.0,0.0
B50,2020-10-17,-73.7509,-133.1648,24.0,-3.9591827,4.0684204,0.0006830180392237631,-0.0011562500000018695
B50,2020-10-18,-73.7533,-133.1601,24.0,-3.9591827,4.0684204,0.0016893281137482204,-0.0030833333333261472
B50,2020-10-19,-73.7566,-133.1536,24.0,-3.9591827,4.0684204,0.002335843075693704,-0.004239583333346274
B50,2020-10-20,-73.7601,-133.1464,24.0,-3.9591827,4.0684204,0.002586852907391895,-0.004496527777762734
B50,2020-10-21,-73.7634,-133.1399,24.0,-3.9591827,4.0684204,0.0023348915407424035,-0.004239583333346274
B50,2020-10-22,-73.7658,-133.1352,24.0,-3.9591827,4.0684204,0.001688063350164087,-0.0030833333333261472
B50,2020-10-23,-73.7667,-133.1333,24.0,-3.9591827,4.0684204,0.0006823717744173975,-0.0011562500000018695
B50,2020-10-24,-73.7658,-133.138,24.0,-3.9591827,4.0684204,-0.001688063350164087,0.0011562500000018695
B50,2020-10-25,-73.7634,-133.1502,24.0,-3.9591827,4.0684204,-0.004382411814942262,0.0030833333333261472
B50,2020-10-26,-73.7601,-133.1674,24.0,-3.9591827,4.0684204,-0.006179704167639127,0.004239583333346274
B50,2020-10-27,-73.7566,-133.1869,24.0,-3.9591827,4.0684204,-0.007007529227101539,0.004496527777762734
B50,2020-10-28,-73.7533,-133.2062,24.0,-3.9591827,4.0684204,-0.006937028211749393,0.004239583333346274
B50,2020-10-29,-73.7509,-133.2225,24.0,-3.9591827,4.0684204,-0.005859575810251641,0.0030833333333261472
B50,2020-10-30,-73.75,-133.2333,24.0,-3.9591827,4.0684204,-0.0038826275696862917,0.0011562500000018695
B50,2020-10-31,-73.75,-133.2395,24.0,-3.9591827,4.0684204,-0.0022289158270307778,0.0
B50,2020-11-01,-73.75,-133.2442,24.0,-3.9591827,4.0684204,-0.001689661997921305,0.0
B50,2020-11-02,-73.75,-133.248,24.0,-3.9591827,4.0684204,-0.0013661097004372298,0.0
B50,2020-11-03,-73.75,-133.2516,24.0,-3.9591827,4.0684204,-0.0012942091898954307,0.0
B50,2020-11-04,-73.75,-133.2555,24.0,-3.9591827,4.0684204,-0.0014020599557234559,0.0
B50,2020-11-05,-73.75,-133.2603,24.0,-3.9591827,4.0684204,-0.0017256122531870957,0.0
B50,2020-11-06,-73.75,-133.2667,24.0,-3.9591827,4.0684204,-0.0023008163375827944,0.0
C15,2020-01-01,-66.0833,143.4167,24.0,4.4943695,-0.009460449,0.0,0.0
C15,2020-01-02,-66.0833,143.4167,24.0,4.4943695,-0.009460449,0.0,0.0
C15,2020-01-03,-66.0833,143.4167,24.0,4.4943695,-0.009460449,0.0,0.0
C15,2020-01-04,-66.0833,143.4167,24.0,4.4943695,-0.009460449,0.0,0.0
C15,2020-01-05,-66.0833,143.4167,24.0,4.4943695,-0.009460449,0.0,0.0
C15,2020-01-06,-66.0833,143.4167,24.0,4.4943695,-0.009460449,0.0,0.0
C15,2020-01-07,-66.0833,143.4167,24.0,4.4943695,-0.009460449,0.0,0.0
C15,2020-01-08,-66.0833,143.4167,24.0,4.4943695,-0.009460449,0.0,0.0
C15,2020-01-09,-66.0833,143.4167,24.0,4.4943695,-0.009460449,0.0,0.0
C15,2020-01-10,-66.0833,143.4167,24.0,4.4943695,-0.009460449,0.0,0.0
C15,2020-01-11,-66.0833,143.4176,24.0,4.4943695,-0.009460449,0.0004687530545219142,0.0
C15,2020-01-12,-66.0833,143.42,24.0,4.4943695,-0.009460449,0.0012500081453868368,0.0
C15,2020-01-13,-66.0833,143.4232,24.0,4.4943695,-0.009460449,0.0016666775271972519,0.0
C15,2020-01-14,-66.0833,143.4268,24.0,4.4943695,-0.009460449,0.0018750122180728537,0.0
C15,2020-01-15,-66.0833,143.43,24.0,4.4943695,-0.009460449,0.0016666775271972519,0.0
C15,2020-01-16,-66.0833,143.4324,24.0,4.4943695,-0.009460449,0.0012500081453868368,0.0
C15,2020-01-17,-66.0833,143.4333,24.0,4.4943695,-0.009460449,0.0004687530545219142,0.0
C15,2020-01-18,-66.0833,143.4305,24.0,4.4943695,-0.009460449,-0.0014583428362920444,0.0
C15,2020-01-19,-66.0833,143.4234,24.0,4.4943695,-0.009460449,-0.0036979407634490113,0.0
C15,2020-01-20,-66.0833,143.4136,24.0,4.4943695,-0.009460449,-0.005104199926999951,0.0
C15,2020-01-21,-66.0833,143.403,24.0,4.4943695,-0.009460449,-0.005520869308810366,0.0
C15,2020-01-22,-66.0833,143.3932,24.0,4.4943695,-0.009460449,-0.005104199926999951,0.0
C15,2020-01-23,-66.0833,143.3861,24.0,4.4943695,-0.009460449,-0.0036979407634490113,0.0
C15,2020-01-24,-66.0833,143.3833,24.0,4.4943695,-0.009460449,-0.0014583428362920444,0.0
C15,2020-01-25,-66.0805,143.3833,24.0,4.4943695,-0.009460449,0.0,0.0035972222222138387
C15,2020-01-26,-66.0734,143.3833,24.0,4.4943695,-0.009460449,0.0,0.009121527777770212
C15,2020-01-27,-66.0636,143.3833,24.0,4.4943695,-0.009460449,0.0,0.012590277777794078
C15,2020-01-28,-66.053,143.3833,24.0,4.4943695,-0.009460449,0.0,0.013618055555551201
C15,2020-01-29,-66.0432,143.3833,24.0,4.4943695,-0.009460449,0.0,0.012590277777775822
C15,2020-01-30,-66.0361,143.3833,24.0,4.4943695,-0.009460449,0.0,0.009121527777770212
C15,2020-01-31,-66.0333,143.3833,24.0,4.4943695,-0.009460449,0.0,0.0035972222222320958
C15,2020-02-01,-66.0342,143.3824,24.0,4.4943695,-0.009460449,-0.00046965865939177655,-0.0011562500000018695
C15,2020-02-02,-66.0366,143.38,24.0,4.4943695,-0.009460449,-0.0012523050708892326,-0.0030833333333444043
C15,2020-02-03,-66.0399,143.3768,24.0,4.4943695,-0.009460449,-0.0016695237182371007,-0.004239583333328017
C15,2020-02-04,-66.0434,143.3732,24.0,4.8332367,-0.062194824,-0.001877955999970321,-0.004496527777780991
C15,2020-02-05,-66.0467,143.37,24.0,4.8332367,-0.062194824,-0.0016690778344959384,-0.004239583333328017
C15,2020-02-06,-66.0491,143.3676,24.0,4.8332367,-0.062194824,-0.001251690343612779,-0.0030833333333261472
C15,2020-02-07,-66.05,143.3667,24.0,4.8332367,-0.062194824,-0.00046936728035786496,-0.0011562500000018695
C15,2020-02-08,-66.0482,143.3667,24.0,4.8332367,-0.062194824,0.0,0.002312500000003739
C15,2020-02-09,-66.0434,143.3667,24.0,4.8332367,-0.062194824,0.0,0.0061666666666522945
C15,2020-02-10,-66.0369,143.3667,24.0,4.8332367,-0.062194824,0.0,0.008350694444447804
C15,2020-02-11,-66.0298,143.3667,24.0,4.8332367,-0.062194824,0.0,0.00912152777778847
C15,2020-02-12,-66.0233,143.3667,24.0,4.8332367,-0.062194824,0.0,0.008350694444429548
C15,2020-02-13,-66.0185,143.3667,24.0,4.8332367,-0.062194824,0.0,0.0061666666666705516
C15,2020-02-14,-66.0167,143.3667,24.0,4.8332367,-0.062194824,0.0,0.002312500000003739
C15,2020-02-15,-66.0167,143.3648,24.0,4.8332367,-0.062194824,-0.0009921828450353784,0.0
C15,2020-02-16,-66.0167,143.3601,24.0,4.8332367,-0.062194824,-0.0024543470377183124,0.0
C15,2020-02-17,-66.0167,143.3536,24.0,4.8332367,-0.062194824,-0.0033943097329985823,0.0
C15,2020-02-18,-66.0167,143.3464,24.0,4.8332367,-0.062194824,-0.003759850781180447,0.0
C15,2020-02-19,-66.0167,143.3399,24.0,4.8332367,-0.062194824,-0.0033943097329985823,0.0
C15,2020-02-20,-66.0167,143.3352,24.0,4.8332367,-0.062194824,-0.0024543470377183124,0.0
C15,2020-02-21,-66.0167,143.3333,24.0,4.8332367,-0.062194824,-0.0009921828450205363,0.0
C15,2020-02-22,-66.0167,143.3333,24.0,4.8332367,-0.062194824,0.0,0.0
C15,2020-02-23,-66.0167,143.3333,24.0,4.8332367,-0.062194824,0.0,0.0
C15,2020-02-24,-66.0167,143.3333,24.0,4.8332367,-0.062194824,0.0,0.0
C15,2020-02-25,-66.0167,143.3333,24.0,4.8332367,-0.062194824,0.0,0.0
C15,2020-02-26,-66.0167,143.3333,24.0,4.8332367,-0.062194824,0.0,0.0
C15,2020-02-27,-66.0167,143.3333,24.0,4.8332367,-0.062194824,0.0,0.0
C15,2020-02-28,-66.0167,143.3333,24.0,4.8332367,-0.062194824,0.0,0.0
C15,2020-02-29,-66.0158,143.3333,24.0,4.8332367,-0.062194824,0.0,0.0011562500000018695
C15,2020-03-01,-66.0134,143.3333,24.0,4.8332367,-0.062194824,0.0,0.0030833333333261472
C15,2020-03-02,-66.0101,143.3333,24.0,4.8332367,-0.062194824,0.0,0.004239583333346274
C15,2020-03-03,-66.0066,143.3333,24.0,4.8332367,-0.062194824,0.0,0.004496527777762734
C15,2020-03-04,-66.0033,143.3333,24.0,4.8332367,-0.062194824,0.0,0.004239583333346274
C15,2020-03-05,-66.0009,143.3333,24.0,4.8332367,-0.062194824,0.0,0.0030833333333261472
C15,2020-03-06,-66.0,143.3333,24.0,4.8332367,-0.062194824,0.0,0.0011562500000018695
C15,2020-03-07,-66.0,143.3333,24.0,4.8332367,-0.062194824,0.0,0.0
C15,2020-03-08,-66.0,143.3333,24.0,4.8332367,-0.062194824,0.0,0.0
C15,2020-03-09,-66.0,143.3333,24.0,4.8332367,-0.062194824,0.0,0.0
C15,2020-03-10,-66.0,143.3333,24.0,4.8332367,-0.062194824,0.0,0.0
C15,2020-03-11,-66.0,143.3333,24.0,4.8332367,-0.062194824,0.0,0.0
C15,2020-03-12,-66.0,143.3333,24.0,4.8332367,-0.062194824,0.0,0.0
C15,2020-03-13,-66.0,143.3333,24.0,4.8332367,-0.062194824,0.0,0.0
C15,2020-03-14,-66.0,143.3333,24.0,4.8332367,-0.062194824,0.0,0.0
C15,2020-03-15,-66.0,143.3333,24.0,4.8332367,-0.062194824,0.0,0.0
C15,2020-03-16,-66.0,143.3333,24.0,4.8332367,-0.062194824,0.0,0.0
C15,2020-03-17,-66.0,143.3333,24.0,4.8332367,-0.062194824,0.0,0.0
C15,2020-03-18,-66.0,143.3333,24.0,4.8332367,-0.062194824,0.0,0.0
C15,2020-03-19,-66.0,143.3333,24.0,4.8332367,-0.062194824,0.0,0.0
C15,2020-03-20,-66.0,143.3333,24.0,4.8332367,-0.062194824,0.0,0.0
C15,2020-03-21,-66.0,143.3333,24.0,4.8332367,-0.062194824,0.0,0.0
C15,2020-03-22,-66.0,143.3333,24.0,4.8332367,-0.062194824,0.0,0.0
C15,2020-03-23,-66.0,143.3333,24.0,4.8332367,-0.062194824,0.0,0.0
C15,2020-03-24,-66.0,143.3333,24.0,4.8332367,-0.062194824,0.0,0.0
C15,2020-03-25,-66.0,143.3333,24.0,4.8332367,-0.062194824,0.0,0.0
C15,2020-03-26,-66.0,143.3333,24.0,4.8332367,-0.062194824,0.0,0.0
C15,2020-03-27,-66.0,143.3333,24.0,4.8332367,-0.062194824,0.0,0.0
C15,2020-03-28,-66.0,143.3333,24.0,4.8332367,-0.062194824,0.0,0.0
C15,2020-03-29,-66.0,143.3333,24.0,4.8332367,-0.062194824,0.0,0.0
C15,2020-03-30,-66.0,143.3333,24.0,4.8332367,-0.062194824,0.0,0.0
C15,2020-03-31,-66.0,143.3333,24.0,4.8332367,-0.062194824,0.0,0.0
C15,2020-04-01,-66.0,143.3333,24.0,4.8332367,-0.062194824,0.0,0.0
C15,2020-04-02,-66.0,143.3333,24.0,4.8332367,-0.062194824,0.0,0.0
C15,2020-04-03,-66.0,143.3333,24.0,4.8332367,-0.062194824,0.0,0.0
C15,2020-04-04,-66.0,143.3333,24.0,4.8332367,-0.062194824,0.0,0.0
C15,2020-04-05,-66.0,143.3333,24.0,4.8332367,-0.062194824,0.0,0.0
C15,2020-04-06,-66.0,143.3333,24.0,4.8332367,-0.062194824,0.0,0.0
C15,2020-04-07,-66.0,143.3333,24.0,4.8332367,-0.062194824,0.0,0.0
C15,2020-04-08,-66.0,143.3333,24.0,4.8332367,-0.062194824,0.0,0.0
C15,2020-04-09,-66.0,143.3333,24.0,4.8332367,-0.062194824,0.0,0.0
C15,2020-04-10,-66.0,143.3333,24.0,4.8332367,-0.062194824,0.0,0.0
C15,2020-04-11,-66.0,143.3333,24.0,4.8332367,-0.062194824,0.0,0.0
C15,2020-04-12,-66.0,143.3333,24.0,4.8332367,-0.062194824,0.0,0.0
C15,2020-04-13,-66.0,143.3333,24.0,4.8332367,-0.062194824,0.0,0.0
C15,2020-04-14,-66.0,143.3333,24.0,4.8332367,-0.062194824,0.0,0.0
C15,2020-04-15,-66.0,143.3333,24.0,4.8332367,-0.062194824,0.0,0.0
C15,2020-04-16,-66.0,143.3333,24.0,4.8332367,-0.062194824,0.0,0.0
C15,2020-04-17,-66.0,143.3333,24.0,4.8332367,-0.062194824,0.0,0.0
C15,2020-04-18,-65.9991,143.3324,24.0,4.8332367,-0.062194824,-0.000470305835615516,0.0011562500000018695
C15,2020-04-19,-65.9967,143.33,24.0,4.8332367,-0.062194824,-0.0012542668814274367,0.0030833333333261472
C15,2020-04-20,-65.9934,143.3268,24.0,4.8332367,-0.062194824,-0.0016725721456326162,0.004239583333346274
C15,2020-04-21,-65.9899,143.3232,24.0,4.8332367,-0.062194824,-0.0018819017466510345,0.004496527777762734
C15,2020-04-22,-65.9866,143.32,24.0,4.8332367,-0.062194824,-0.0016730178448808284,0.004239583333346274
C15,2020-04-23,-65.9842,143.3176,24.0,4.8332367,-0.062194824,-0.001254881358642741,0.0030833333333261472
C15,2020-04-24,-65.9833,143.3167,24.0,4.8332367,-0.062194824,-0.00047059709951344697,0.0011562500000018695
C15,2020-04-25,-65.9833,143.3167,24.0,4.8332367,-0.062194824,0.0,0.0
C15,2020-04-26,-65.9833,143.3167,24.0,4.8332367,-0.062194824,0.0,0.0
C15,2020-04-27,-65.9833,143.3167,24.0,4.8332367,-0.062194824,0.0,0.0
C15,2020-04-28,-65.9833,143.3167,24.0,4.8332367,-0.062194824,0.0,0.0
C15,2020-04-29,-65.9833,143.3167,24.0,4.8332367,-0.062194824,0.0,0.0
C15,2020-04-30,-65.9833,143.3167,24.0,4.8332367,-0.062194824,0.0,0.0
C15,2020-05-01,-65.9833,143.3167,24.0,4.8332367,-0.062194824,0.0,0.0
C15,2020-05-02,-65.9833,143.3167,24.0,4.8332367,-0.062194824,0.0,0.0
C15,2020-05-03,-65.9833,143.3167,24.0,4.8332367,-0.062194824,0.0,0.0
C15,2020-05-04,-65.9833,143.3167,24.0,4.8332367,-0.062194824,0.0,0.0
C15,2020-05-05,-65.9833,143.3167,24.0,4.8332367,-0.062194824,0.0,0.0
C15,2020-05-06,-65.9833,143.3167,24.0,4.8332367,-0.062194824,0.0,0.0
C15,2020-05-07,-65.9833,143.3167,24.0,4.8332367,-0.062194824,0.0,0.0
C15,2020-05-08,-65.9833,143.3167,24.0,4.8332367,-0.062194824,0.0,0.0
C15,2020-05-09,-65.9833,143.3158,24.0,4.8332367,-0.062194824,-0.00047059709951344697,0.0
C15,2020-05-10,-65.9833,143.3134,24.0,4.8332367,-0.062194824,-0.0012549255986975716,0.0
C15,2020-05-11,-65.9833,143.3101,24.0,4.8332367,-0.062194824,-0.0017255226982110185,0.0
C15,2020-05-12,-65.9833,143.3066,24.0,4.8332367,-0.062194824,-0.0018300998314395318,0.0
C15,2020-05-13,-65.9833,143.3033,24.0,4.8332367,-0.062194824,-0.0017255226982110185,0.0
C15,2020-05-14,-65.9833,143.3009,24.0,4.8332367,-0.062194824,-0.0012549255986975716,0.0
C15,2020-05-15,-65.9833,143.3,24.0,4.8332367,-0.062194824,-0.00047059709951344697,0.0
C15,2020-05-16,-65.9833,143.3009,24.0,4.8332367,-0.062194824,0.00047059709951344697,0.0
C15,2020-05-17,-65.9833,143.3033,24.0,4.8332367,-0.062194824,0.0012549255986975716,0.0
C15,2020-05-18,-65.9833,143.3066,24.0,4.8332367,-0.062194824,0.0017255226982110185,0.0
C15,2020-05-19,-65.9833,143.3101,24.0,4.8332367,-0.062194824,0.0018300998314395318,0.0
C15,2020-05-20,-65.9833,143.3134,24.0,4.8332367,-0.062194824,0.0017255226982110185,0.0
C15,2020-05-21,-65.9833,143.3158,24.0,4.8332367,-0.062194824,0.0012549255986975716,0.0
C15,2020-05-22,-65.9833,143.3167,24.0,4.8332367,-0.062194824,0.00047059709951344697,0.0
C15,2020-05-23,-65.9833,143.3167,24.0,4.8332367,-0.062194824,0.0,0.0
C15,2020-05-24,-65.9833,143.3167,24.0,4.8332367,-0.062194824,0.0,0.0
C15,2020-05-25,-65.9833,143.3167,24.0,4.8332367,-0.062194824,0.0,0.0
C15,2020-05-26,-65.9833,143.3167,24.0,4.8332367,-0.062194824,0.0,0.0
C15,2020-05-27,-65.9833,143.3167,24.0,4.8332367,-0.062194824,0.0,0.0
C15,2020-05-28,-65.9833,143.3167,24.0,4.8332367,-0.062194824,0.0,0.0
C15,2020-05-29,-65.9833,143.3167,24.0,4.8332367,-0.062194824,0.0,0.0
C15,2020-05-30,-65.9833,143.3167,24.0,4.8332367,-0.062194824,0.0,0.0
C15,2020-05-31,-65.9833,143.3167,24.0,4.8332367,-0.062194824,0.0,0.0
C15,2020-06-01,-65.9833,143.3167,24.0,4.8332367,-0.062194824,0.0,0.0
C15,2020-06-02,-65.9833,143.3167,24.0,-5.092819,4.3796387,0.0,0.0
C15,2020-06-03,-65.9833,143.3167,24.0,0.47647095,1.543457,0.0,0.0
C15,2020-06-04,-65.9833,143.3167,24.0,-4.126526,4.750641,0.0,0.0
C15,2020-06-05,-65.9833,143.3167,24.0,1.7157898,4.439392,0.0,0.0
C15,2020-06-06,-65.9833,143.3167,24.0,1.2304993,3.5168304,0.0,0.0
C15,2020-06-07,-65.9833,143.3167,24.0,-1.6298218,6.485962,0.0,0.0
C15,2020-06-08,-65.9833,143.3167,24.0,-4.1730804,6.608017,0.0,0.0
C15,2020-06-09,-65.9833,143.3167,24.0,-5.916092,5.6176605,0.0,0.0
C15,2020-06-10,-65.9833,143.3167,24.0,-4.9714813,3.8858032,0.0,0.0
C15,2020-06-11,-65.9833,143.3167,24.0,5.0083313,4.030319,0.0,0.0
C15,2020-06-12,-65.9833,143.3167,24.0,6.1772003,1.7945709,0.0,0.0
C15,2020-06-13,-65.9833,143.3167,24.0,-4.650772,5.0133057,0.0,0.0
C15,2020-06-14,-65.9833,143.3167,24.0,-9.4965515,12.385117,0.0,0.0
C15,2020-06-15,-65.9833,143.3167,24.0,-13.78334,13.048279,0.0,0.0
C15,2020-06-16,-65.9833,143.3167,24.0,-14.552261,16.432785,0.0,0.0
C15,2020-06-17,-65.9833,143.3167,24.0,4.496994,2.772873,0.0,0.0
C15,2020-06-18,-65.9833,143.3167,24.0,-17.531372,9.387314,0.0,0.0
C15,2020-06-19,-65.9833,143.3167,24.0,-1.9376831,10.137939,0.0,0.0
C15,2020-06-20,-65.9833,143.3167,24.0,4.3459167,0.7601471,0.0,0.0
C15,2020-06-21,-65.9833,143.3167,24.0,7.599945,0.6575775,0.0,0.0
C15,2020-06-22,-65.9833,143.3167,24.0,-8.314316,1.6165314,0.0,0.0
C15,2020-06-23,-65.9833,143.3167,24.0,2.70813,1.456131,0.0,0.0
C15,2020-06-24,-65.9833,143.3167,24.0,-0.47973633,2.7262726,0.0,0.0
C15,2020-06-25,-65.9833,143.3167,24.0,-12.238129,7.5121613,0.0,0.0
C15,2020-06-26,-65.9833,143.3167,24.0,-10.215164,8.03772,0.0,0.0
C15,2020-06-27,-65.9833,143.3167,24.0,-11.32428,5.881958,0.0,0.0
C15,2020-06-28,-65.9833,143.3167,24.0,3.087616,3.6147003,0.0,0.0
C15,2020-06-29,-65.9833,143.3167,24.0,-6.8487244,4.2335663,0.0,0.0
C15,2020-06-30,-65.9833,143.3167,24.0,-17.584717,10.005508,0.0,0.0
C15,2020-07-01,-65.9833,143.3167,24.0,-11.743454,6.1583557,0.0,0.0
C15,2020-07-02,-65.9833,143.3167,24.0,-13.926422,6.712311,0.0,0.0
C15,2020-07-03,-65.9833,143.3167,24.0,-6.952759,4.3328857,0.0,0.0
C15,2020-07-04,-65.9833,143.3167,24.0,-5.99382,6.6239777,0.0,0.0
C15,2020-07-05,-65.9833,143.3167,24.0,7.7175446,-1.4858856,0.0,0.0
C15,2020-07-06,-65.9833,143.3167,24.0,-9.810928,10.219101,0.0,0.0
C15,2020-07-07,-65.9833,143.3167,24.0,-1.1122437,0.09637451,0.0,0.0
C15,2020-07-08,-65.9833,143.3167,24.0,8.161865,6.333069,0.0,0.0
C15,2020-07-09,-65.9833,143.3167,24.0,7.6239624,3.7403107,0.0,0.0
C15,2020-07-10,-65.9833,143.3167,24.0,-5.0507812,7.1191254,0.0,0.0
C15,2020-07-11,-65.9833,143.3167,24.0,-0.84062195,4.85437,0.0,0.0
C15,2020-07-12,-65.9833,143.3167,24.0,-2.1982117,2.0118256,0.0,0.0
C15,2020-07-13,-65.9833,143.3167,24.0,-8.954193,6.418686,0.0,0.0
C15,2020-07-14,-65.9833,143.3167,24.0,-11.876968,2.4033966,0.0,0.0
C15,2020-07-15,-65.9833,143.3167,24.0,4.098984,-1.3868256,0.0,0.0
C15,2020-07-16,-65.9833,143.3167,24.0,-3.8280182,-0.05368042,0.0,0.0
C15,2020-07-17,-65.9833,143.3167,24.0,-5.010727,4.9678345,0.0,0.0
C15,2020-07-18,-65.9833,143.3167,24.0,-16.106308,11.778717,0.0,0.0
C15,2020-07-19,-65.9833,143.3167,24.0,-5.4036713,7.708557,0.0,0.0
C15,2020-07-20,-65.9833,143.3167,24.0,6.963562,2.5463715,0.0,0.0
C15,2020-07-21,-65.9833,143.3167,24.0,-9.709656,7.401703,0.0,0.0
C15,2020-07-22,-65.9833,143.3167,24.0,7.0503693,2.4469147,0.0,0.0
C15,2020-07-23,-65.9833,143.3167,24.0,1.0874939,5.377945,0.0,0.0
C15,2020-07-24,-65.9833,143.3167,24.0,-2.5601807,5.444336,0.0,0.0
C15,2020-07-25,-65.9833,143.3167,24.0,-1.366806,4.503662,0.0,0.0
C15,2020-07-26,-65.9833,143.3167,24.0,7.144226,1.261673,0.0,0.0
C15,2020-07-27,-65.9833,143.3167,24.0,-6.1456146,9.302567,0.0,0.0
C15,2020-07-28,-65.9833,143.3167,24.0,-11.584152,3.6129303,0.0,0.0
C15,2020-07-29,-65.9833,143.3167,24.0,-8.757385,5.595047,0.0,0.0
C15,2020-07-30,-65.9833,143.3167,24.0,-8.184769,8.463867,0.0,0.0
C15,2020-07-31,-65.9833,143.3167,24.0,8.95163,-4.300827,0.0,0.0
C15,2020-08-01,-65.9833,143.3167,24.0,8.895111,-2.3707733,0.0,0.0
C15,2020-08-02,-65.9833,143.3167,24.0,-6.2431793,9.146271,0.0,0.0
C15,2020-08-03,-65.9833,143.3167,24.0,10.606155,-3.7885742,0.0,0.0
C15,2020-08-04,-65.9833,143.3167,24.0,1.8019257,5.8654327,0.0,0.0
C15,2020-08-05,-65.9833,143.3167,24.0,-6.6685486,5.799011,0.0,0.0
C15,2020-08-06,-65.9833,143.3167,24.0,0.50408936,5.423218,0.0,0.0
C15,2020-08-07,-65.9833,143.3167,24.0,-0.77809143,5.8803406,0.0,0.0
C15,2020-08-08,-65.9833,143.3167,24.0,3.005005,5.366394,0.0,0.0
C15,2020-08-09,-65.9833,143.3167,24.0,5.1297607,1.471283,0.0,0.0
C15,2020-08-10,-65.9833,143.3167,24.0,-7.6831055,6.5253906,0.0,0.0
C15,2020-08-11,-65.9833,143.3167,24.0,-4.3736267,6.001129,0.0,0.0
C15,2020-08-12,-65.9833,143.3167,24.0,3.9553833,6.139206,0.0,0.0
C15,2020-08-13,-65.9833,143.3167,24.0,-1.9199982,3.6013641,0.0,0.0
C15,2020-08-14,-65.9833,143.3167,24.0,-2.3501892,2.687378,0.0,0.0
C15,2020-08-15,-65.9833,143.3167,24.0,-4.0318146,1.9570007,0.0,0.0
C15,2020-08-16,-65.9833,143.3167,24.0,-3.3307343,-1.1877747,0.0,0.0
C15,2020-08-17,-65.9833,143.3167,24.0,-6.4859924,10.962692,0.0,0.0
C15,2020-08-18,-65.9833,143.3167,24.0,-1.69664,6.636627,0.0,0.0
C15,2020-08-19,-65.9833,143.3167,24.0,-0.6626282,5.5352325,0.0,0.0
C15,2020-08-20,-65.9833,143.3167,24.0,7.0300293,2.1478577,0.0,0.0
C15,2020-08-21,-65.9833,143.3167,24.0,3.25708,6.9561615,0.0,0.0
C15,2020-08-22,-65.9833,143.3167,24.0,-4.554489,7.1143036,0.0,0.0
C15,2020-08-23,-65.9833,143.3167,24.0,0.20584106,4.063751,0.0,0.0
C15,2020-08-24,-65.9833,143.3167,24.0,-3.835846,3.1631927,0.0,0.0
C15,2020-08-25,-65.9833,143.3167,24.0,-1.8952942,5.5440826,0.0,0.0
C15,2020-08-26,-65.9833,143.3167,24.0,-1.2176971,1.45578,0.0,0.0
C15,2020-08-27,-65.9833,143.3167,24.0,-12.802567,10.205307,0.0,0.0
C15,2020-08-28,-65.9833,143.3167,24.0,-17.96344,7.0737,0.0,0.0
C15,2020-08-29,-65.9833,143.3167,24.0,-7.3860474,6.5556946,0.0,0.0
C15,2020-08-30,-65.9833,143.3167,24.0,-7.5572357,7.2291107,0.0,0.0
C15,2020-08-31,-65.9833,143.3167,24.0,-4.125656,4.378586,0.0,0.0
C15,2020-09-01,-65.9833,143.3167,24.0,-9.48262,10.09967,0.0,0.0
C15,2020-09-02,-65.9833,143.3167,24.0,-9.48262,10.09967,0.0,0.0
C15,2020-09-03,-65.9833,143.3167,24.0,-9.48262,10.09967,0.0,0.0
C15,2020-09-04,-65.9833,143.3167,24.0,-9.48262,10.09967,0.0,0.0
C15,2020-09-05,-65.9833,143.3167,24.0,-9.48262,10.09967,0.0,0.0
C15,2020-09-06,-65.9833,143.3167,24.0,-9.48262,10.09967,0.0,0.0
C15,2020-09-07,-65.9833,143.3167,24.0,-9.48262,10.09967,0.0,0.0
C15,2020-09-08,-65.9833,143.3167,24.0,-9.48262,10.09967,0.0,0.0
C15,2020-09-09,-65.9833,143.3167,24.0,-9.48262,10.09967,0.0,0.0
C15,2020-09-10,-65.9833,143.3167,24.0,-9.48262,10.09967,0.0,0.0
C15,2020-09-11,-65.9833,143.3167,24.0,-9.48262,10.09967,0.0,0.0
C15,2020-09-12,-65.9833,143.3167,24.0,-9.48262,10.09967,0.0,0.0
C15,2020-09-13,-65.9833,143.3167,24.0,-9.48262,10.09967,0.0,0.0
C15,2020-09-14,-65.9833,143.3167,24.0,-9.48262,10.09967,0.0,0.0
C15,2020-09-15,-65.9833,143.3167,24.0,-9.48262,10.09967,0.0,0.0
C15,2020-09-16,-65.9833,143.3167,24.0,-9.48262,10.09967,0.0,0.0
C15,2020-09-17,-65.9833,143.3167,24.0,-9.48262,10.09967,0.0,0.0
C15,2020-09-18,-65.9833,143.3167,24.0,-9.48262,10.09967,0.0,0.0
C15,2020-09-19,-65.9833,143.3167,24.0,-9.48262,10.09967,0.0,0.0
C15,2020-09-20,-65.9833,143.3167,24.0,-9.48262,10.09967,0.0,0.0
C15,2020-09-21,-65.9833,143.3167,24.0,-9.48262,10.09967,0.0,0.0
C15,2020-09-22,-65.9833,143.3167,24.0,-9.48262,10.09967,0.0,0.0
C15,2020-09-23,-65.9833,143.3167,24.0,-9.48262,10.09967,0.0,0.0
C15,2020-09-24,-65.9833,143.3167,24.0,-9.48262,10.09967,0.0,0.0
C15,2020-09-25,-65.9833,143.3167,24.0,-9.48262,10.09967,0.0,0.0
C15,2020-10-10,-65.9833,143.3158,24.0,-9.48262,10.09967,-0.00047059709951344697,0.0
C15,2020-10-11,-65.9833,143.3134,24.0,-9.48262,10.09967,-0.0012549255986975716,0.0
C15,2020-10-12,-65.9833,143.3101,24.0,-9.48262,10.09967,-0.0017255226982110185,0.0
C15,2020-10-13,-65.9833,143.3066,24.0,-9.48262,10.09967,-0.0018300998314395318,0.0
C15,2020-10-14,-65.9833,143.3033,24.0,-9.48262,10.09967,-0.0017255226982110185,0.0
C15,2020-10-15,-65.9833,143.3009,24.0,-9.48262,10.09967,-0.0012549255986975716,0.0
C15,2020-10-16,-65.9833,143.3,24.0,-9.48262,10.09967,-0.00047059709951344697,0.0
C15,2020-10-17,-65.9833,143.3,24.0,-9.48262,10.09967,0.0,0.0
C15,2020-10-18,-65.9833,143.3,24.0,-9.48262,10.09967,0.0,0.0
C15,2020-10-19,-65.9833,143.3,24.0,-9.48262,10.09967,0.0,0.0
C15,2020-10-20,-65.9833,143.3,24.0,-9.48262,10.09967,0.0,0.0
C15,2020-10-21,-65.9833,143.3,24.0,-9.48262,10.09967,0.0,0.0
C15,2020-10-22,-65.9833,143.3,24.0,-9.48262,10.09967,0.0,0.0
C15,2020-10-23,-65.9833,143.3,24.0,-9.48262,10.09967,0.0,0.0
C15,2020-10-24,-65.9833,143.3,24.0,-9.48262,10.09967,0.0,0.0
C15,2020-10-25,-65.9833,143.3,24.0,-9.48262,10.09967,0.0,0.0
C15,2020-10-26,-65.9833,143.3,24.0,-9.48262,10.09967,0.0,0.0
C15,2020-10-27,-65.9833,143.3,24.0,-9.48262,10.09967,0.0,0.0
C15,2020-10-28,-65.9833,143.3,24.0,-9.48262,10.09967,0.0,0.0
C15,2020-10-29,-65.9833,143.3,24.0,-9.48262,10.09967,0.0,0.0
C15,2020-10-30,-65.9833,143.3,24.0,-9.48262,10.09967,0.0,0.0
C15,2020-10-31,-65.9833,143.3,24.0,-9.48262,10.09967,0.0,0.0
C15,2020-11-01,-65.9833,143.3,24.0,-9.48262,10.09967,0.0,0.0
C15,2020-11-02,-65.9833,143.3,24.0,-9.48262,10.09967,0.0,0.0
C15,2020-11-03,-65.9833,143.3,24.0,-9.48262,10.09967,0.0,0.0
C15,2020-11-04,-65.9833,143.3,24.0,-9.48262,10.09967,0.0,0.0
C15,2020-11-05,-65.9833,143.3,24.0,-9.48262,10.09967,0.0,0.0
C15,2020-11-06,-65.9833,143.3,24.0,-9.48262,10.09967,0.0,0.0
C15,2020-11-07,-65.9837,143.3,24.0,-9.48262,10.09967,0.0,-0.0005138888888876912
C15,2020-11-08,-65.9846,143.3,24.0,-9.48262,10.09967,0.0,-0.0011562500000018695
C15,2020-11-09,-65.9859,143.3,24.0,-9.48262,10.09967,0.0,-0.0016701388888895607
C15,2020-11-10,-65.9874,143.3,24.0,-9.48262,10.09967,0.0,-0.001927083333324278
C15,2020-11-11,-65.9887,143.3,24.0,-9.48262,10.09967,0.0,-0.0016701388888895607
C15,2020-11-12,-65.9896,143.3,24.0,-9.48262,10.09967,0.0,-0.0011562500000018695
C15,2020-11-13,-65.99,143.3,24.0,-9.48262,10.09967,0.0,-0.0005138888888876912
C15,2020-11-14,-65.99,143.3,24.0,-9.48262,10.09967,0.0,0.0
C15,2020-11-15,-65.99,143.3,24.0,-9.48262,10.09967,0.0,0.0
C15,2020-11-16,-65.99,143.3,24.0,-9.48262,10.09967,0.0,0.0
C15,2020-11-17,-65.99,143.3,24.0,-9.48262,10.09967,0.0,0.0
C15,2020-11-18,-65.99,143.3,24.0,-9.48262,10.09967,0.0,0.0
C15,2020-11-19,-65.99,143.3,24.0,-9.48262,10.09967,0.0,0.0
C15,2020-11-20,-65.99,143.3,24.0,-9.48262,10.09967,0.0,0.0
C15,2020-11-21,-65.99,143.3,24.0,-9.48262,10.09967,0.0,0.0
C15,2020-11-22,-65.99,143.3,24.0,-9.48262,10.09967,0.0,0.0
C15,2020-11-23,-65.99,143.3,24.0,-9.48262,10.09967,0.0,0.0
C15,2020-11-24,-65.99,143.3,24.0,-9.48262,10.09967,0.0,0.0
C15,2020-11-25,-65.99,143.3,24.0,-9.48262,10.09967,0.0,0.0
C15,2020-11-26,-65.99,143.3,24.0,-9.48262,10.09967,0.0,0.0
C15,2020-11-27,-65.99,143.3,24.0,-9.48262,10.09967,0.0,0.0
C15,2020-11-28,-65.99,143.3,24.0,-9.48262,10.09967,0.0,0.0
C15,2020-11-29,-65.99,143.3,24.0,-9.48262,10.09967,0.0,0.0
C15,2020-11-30,-65.99,143.3,24.0,-9.48262,10.09967,0.0,0.0
C15,2020-12-01,-65.99,143.3,24.0,-9.48262,10.09967,0.0,0.0
C15,2020-12-02,-65.99,143.3,24.0,-9.48262,10.09967,0.0,0.0
C15,2020-12-03,-65.99,143.3,24.0,-9.48262,10.09967,0.0,0.0
C15,2020-12-04,-65.99,143.3,24.0,-9.48262,10.09967,0.0,0.0
C15,2020-12-05,-65.99,143.3,24.0,-9.48262,10.09967,0.0,0.0
C15,2020-12-06,-65.99,143.3,24.0,-9.48262,10.09967,0.0,0.0
C15,2020-12-07,-65.99,143.3,24.0,-9.48262,10.09967,0.0,0.0
C15,2020-12-08,-65.99,143.3,24.0,-9.48262,10.09967,0.0,0.0
C15,2020-12-09,-65.99,143.3,24.0,-9.48262,10.09967,0.0,0.0
C15,2020-12-10,-65.99,143.3,24.0,-9.48262,10.09967,0.0,0.0
C15,2020-12-11,-65.99,143.3,24.0,-9.48262,10.09967,0.0,0.0
C15,2020-12-12,-65.9889,143.3,24.0,-9.48262,10.09967,0.0,0.0014131944444365867
C15,2020-12-13,-65.986,143.3,24.0,-9.48262,10.09967,0.0,0.0037256944444403256
C15,2020-12-14,-65.9821,143.3,24.0,-9.48262,10.09967,0.0,0.005010416666668682
C15,2020-12-15,-65.9779,143.3,24.0,-9.48262,10.09967,0.0,0.005395833333329886
C15,2020-12-16,-65.974,143.3,24.0,-9.48262,10.09967,0.0,0.005010416666668682
C15,2020-12-17,-65.9711,143.3,24.0,-9.48262,10.09967,0.0,0.0037256944444403256
C15,2020-12-18,-65.97,143.3,24.0,-9.48262,10.09967,0.0,0.0014131944444548436
C15,2020-12-19,-65.97,143.3,24.0,-9.48262,10.09967,0.0,0.0
C15,2020-12-20,-65.97,143.3,24.0,-9.48262,10.09967,0.0,0.0
C15,2020-12-21,-65.97,143.3,24.0,-9.48262,10.09967,0.0,0.0
C15,2020-12-22,-65.97,143.3,24.0,-9.48262,10.09967,0.0,0.0
C15,2020-12-23,-65.97,143.3,24.0,-9.48262,10.09967,0.0,0.0
C15,2020-12-24,-65.97,143.3,24.0,-9.48262,10.09967,0.0,0.0
C15,2020-12-25,-65.97,143.3,24.0,-9.48262,10.09967,0.0,0.0
C15,2020-12-26,-65.97,143.3,24.0,-9.48262,10.09967,0.0,0.0
C15,2020-12-27,-65.97,143.3,24.0,-9.48262,10.09967,0.0,0.0
C15,2020-12-28,-65.97,143.3,24.0,-9.48262,10.09967,0.0,0.0
C15,2020-12-29,-65.97,143.3,24.0,-9.48262,10.09967,0.0,0.0
C15,2020-12-30,-65.97,143.3,24.0,-9.48262,10.09967,0.0,0.0
C15,2020-12-31,-65.97,143.3,24.0,-9.48262,10.09967,0.0,0.0
C18B,2020-01-01,-65.4667,113.8667,24.0,0.46800232,0.7463989,0.0,0.0
C18B,2020-01-02,-65.4667,113.8667,24.0,0.46800232,0.7463989,0.0,0.0
C18B,2020-01-03,-65.4667,113.8667,24.0,0.46800232,0.7463989,0.0,0.0
C18B,2020-01-04,-65.4667,113.8667,24.0,0.46800232,0.7463989,0.0,0.0
C18B,2020-01-05,-65.4667,113.8667,24.0,0.46800232,0.7463989,0.0,0.0
C18B,2020-01-06,-65.4667,113.8667,24.0,0.46800232,0.7463989,0.0,0.0
C18B,2020-01-07,-65.4667,113.8667,24.0,0.46800232,0.7463989,0.0,0.0
C18B,2020-01-08,-65.4667,113.8667,24.0,0.46800232,0.7463989,0.0,0.0
C18B,2020-01-09,-65.4667,113.8667,24.0,0.46800232,0.7463989,0.0,0.0
C18B,2020-01-10,-65.4667,113.8667,24.0,0.46800232,0.7463989,0.0,0.0
C18B,2020-01-11,-65.4667,113.8667,24.0,0.46800232,0.7463989,0.0,0.0
C18B,2020-01-12,-65.4667,113.8667,24.0,0.46800232,0.7463989,0.0,0.0
C18B,2020-01-13,-65.4667,113.8667,24.0,0.46800232,0.7463989,0.0,0.0
C18B,2020-01-14,-65.4667,113.8667,24.0,0.46800232,0.7463989,0.0,0.0
C18B,2020-01-15,-65.4667,113.8667,24.0,0.46800232,0.7463989,0.0,0.0
C18B,2020-01-16,-65.4667,113.8667,24.0,0.46800232,0.7463989,0.0,0.0
C18B,2020-01-17,-65.4667,113.8667,24.0,0.46800232,0.7463989,0.0,0.0
C18B,2020-01-18,-65.4667,113.8667,24.0,0.46800232,0.7463989,0.0,0.0
C18B,2020-01-19,-65.4667,113.8667,24.0,0.46800232,0.7463989,0.0,0.0
C18B,2020-01-20,-65.4667,113.8667,24.0,0.46800232,0.7463989,0.0,0.0
C18B,2020-01-21,-65.4667,113.8667,24.0,0.46800232,0.7463989,0.0,0.0
C18B,2020-01-22,-65.4667,113.8667,24.0,0.46800232,0.7463989,0.0,0.0
C18B,2020-01-23,-65.4667,113.8667,24.0,0.46800232,0.7463989,0.0,0.0
C18B,2020-01-24,-65.4667,113.8667,24.0,0.46800232,0.7463989,0.0,0.0
C18B,2020-01-25,-65.4667,113.8658,24.0,0.46800232,0.7463989,-0.00048010048051501413,0.0
C18B,2020-01-26,-65.4667,113.8634,24.0,0.46800232,0.7463989,-0.001280267948034984,0.0
C18B,2020-01-27,-65.4667,113.8601,24.0,0.46800232,0.7463989,-0.001760368428549998,0.0
C18B,2020-01-28,-65.4667,113.8566,24.0,0.46800232,0.7463989,-0.0018670574242233703,0.0
C18B,2020-01-29,-65.4667,113.8533,24.0,0.46800232,0.7463989,-0.001760368428549998,0.0
C18B,2020-01-30,-65.4667,113.8509,24.0,0.46800232,0.7463989,-0.0012802679480425647,0.0
C18B,2020-01-31,-65.4667,113.85,24.0,0.46800232,0.7463989,-0.00048010048051501413,0.0
C18B,2020-02-01,-65.4658,113.85,24.0,0.46800232,0.7463989,0.0,0.0011562500000018695
C18B,2020-02-02,-65.4634,113.85,24.0,0.46800232,0.7463989,0.0,0.0030833333333444043
C18B,2020-02-03,-65.4601,113.85,24.0,0.46800232,0.7463989,0.0,0.004239583333328017
C18B,2020-02-04,-65.4566,113.85,24.0,0.46800232,0.7463989,0.0,0.004496527777780991
C18B,2020-02-05,-65.4533,113.85,24.0,0.46800232,0.7463989,0.0,0.004239583333328017
C18B,2020-02-06,-65.4509,113.85,24.0,0.46800232,0.7463989,0.0,0.0030833333333261472
C18B,2020-02-07,-65.45,113.85,24.0,0.46800232,0.7463989,0.0,0.0011562500000018695
C18B,2020-02-08,-65.45,113.85,24.0,0.46800232,0.7463989,0.0,0.0
C18B,2020-02-09,-65.45,113.85,24.0,0.46800232,0.7463989,0.0,0.0
C18B,2020-02-10,-65.45,113.85,24.0,0.46800232,0.7463989,0.0,0.0
C18B,2020-02-11,-65.45,113.85,24.0,0.46800232,0.7463989,0.0,0.0
C18B,2020-02-12,-65.45,113.85,24.0,0.46800232,0.7463989,0.0,0.0
C18B,2020-02-13,-65.45,113.85,24.0,0.46800232,0.7463989,0.0,0.0
C18B,2020-02-14,-65.45,113.85,24.0,0.46800232,0.7463989,0.0,0.0
C18B,2020-02-15,-65.4509,113.85,24.0,0.46800232,0.7463989,0.0,-0.0011562500000018695
C18B,2020-02-16,-65.4533,113.85,24.0,0.46800232,0.7463989,0.0,-0.0030833333333261472
C18B,2020-02-17,-65.4566,113.85,24.0,0.46800232,0.7463989,0.0,-0.004239583333328017
C18B,2020-02-18,-65.4601,113.85,24.0,0.46800232,0.7463989,0.0,-0.004496527777780991
C18B,2020-02-19,-65.4634,113.85,24.0,0.46800232,0.7463989,0.0,-0.004239583333328017
C18B,2020-02-20,-65.4658,113.85,24.0,0.46800232,0.7463989,0.0,-0.0030833333333444043
C18B,2020-02-21,-65.4667,113.85,24.0,0.46800232,0.7463989,0.0,-0.0011562500000018695
C18B,2020-02-22,-65.4667,113.85,24.0,0.46800232,0.7463989,0.0,0.0
C18B,2020-02-23,-65.4667,113.85,24.0,0.46800232,0.7463989,0.0,0.0
C18B,2020-02-24,-65.4667,113.85,24.0,0.46800232,0.7463989,0.0,0.0
C18B,2020-02-25,-65.4667,113.85,24.0,0.46800232,0.7463989,0.0,0.0
C18B,2020-02-26,-65.4667,113.85,24.0,0.46800232,0.7463989,0.0,0.0
C18B,2020-02-27,-65.4667,113.85,24.0,0.46800232,0.7463989,0.0,0.0
C18B,2020-02-28,-65.4667,113.85,24.0,0.46800232,0.7463989,0.0,0.0
C18B,2020-02-29,-65.4658,113.8491,24.0,0.46800232,0.7463989,-0.0004801170030871613,0.0011562500000018695
C18B,2020-03-01,-65.4634,113.8467,24.0,0.46800232,0.7463989,-0.001280429500611013,0.0030833333333444043
C18B,2020-03-02,-65.4601,113.8434,24.0,0.46800232,0.7463989,-0.0017608126922728493,0.004239583333328017
C18B,2020-03-03,-65.4566,113.8399,24.0,0.46800232,0.7463989,-0.0018677784758126233,0.004496527777780991
C18B,2020-03-04,-65.4533,113.8366,24.0,0.46800232,0.7463989,-0.001761270394095486,0.004239583333328017
C18B,2020-03-05,-65.4509,113.8342,24.0,0.46800232,0.7463989,-0.0012810414036370861,0.0030833333333261472
C18B,2020-03-06,-65.45,113.8333,24.0,0.46800232,0.7463989,-0.00048040704686239165,0.0011562500000018695
C18B,2020-03-07,-65.45,113.8333,24.0,0.46800232,0.7463989,0.0,0.0
C18B,2020-03-08,-65.45,113.8333,24.0,0.46800232,0.7463989,0.0,0.0
C18B,2020-03-09,-65.45,113.8333,24.0,0.46800232,0.7463989,0.0,0.0
C18B,2020-03-10,-65.45,113.8333,24.0,0.46800232,0.7463989,0.0,0.0
C18B,2020-03-11,-65.45,113.8333,24.0,0.46800232,0.7463989,0.0,0.0
C18B,2020-03-12,-65.45,113.8333,24.0,0.46800232,0.7463989,0.0,0.0
C18B,2020-03-13,-65.45,113.8333,24.0,0.46800232,0.7463989,0.0,0.0
C18B,2020-03-14,-65.45,113.8333,24.0,0.46800232,0.7463989,0.0,0.0
C18B,2020-03-15,-65.45,113.8333,24.0,0.46800232,0.7463989,0.0,0.0
C18B,2020-03-16,-65.45,113.8333,24.0,0.46800232,0.7463989,0.0,0.0
C18B,2020-03-17,-65.45,113.8333,24.0,0.46800232,0.7463989,0.0,0.0
C18B,2020-03-18,-65.45,113.8333,24.0,0.46800232,0.7463989,0.0,0.0
C18B,2020-03-19,-65.45,113.8333,24.0,0.46800232,0.7463989,0.0,0.0
C18B,2020-03-20,-65.45,113.8333,24.0,0.46800232,0.7463989,0.0,0.0
C18B,2020-03-21,-65.45,113.8315,24.0,0.46800232,0.7463989,-0.0009608140937171978,0.0
C18B,2020-03-22,-65.45,113.8267,24.0,0.46800232,0.7463989,-0.0025621709165968933,0.0
C18B,2020-03-23,-65.45,113.8202,24.0,0.46800232,0.7463989,-0.0034696064495575037,0.0
C18B,2020-03-24,-65.45,113.8131,24.0,0.46800232,0.7463989,-0.0037898778141273745,0.0
C18B,2020-03-25,-65.45,113.8066,24.0,0.46800232,0.7463989,-0.0034696064495575037,0.0
C18B,2020-03-26,-65.45,113.8018,24.0,0.46800232,0.7463989,-0.0025621709165968933,0.0
C18B,2020-03-27,-65.45,113.8,24.0,0.46800232,0.7463989,-0.0009608140937247833,0.0
C18B,2020-03-28,-65.45,113.8,24.0,0.46800232,0.7463989,0.0,0.0
C18B,2020-03-29,-65.45,113.8,24.0,0.46800232,0.7463989,0.0,0.0
C18B,2020-03-30,-65.45,113.8,24.0,0.46800232,0.7463989,0.0,0.0
C18B,2020-03-31,-65.45,113.8,24.0,0.46800232,0.7463989,0.0,0.0
C18B,2020-04-01,-65.45,113.8,24.0,0.46800232,0.7463989,0.0,0.0
C18B,2020-04-02,-65.45,113.8,24.0,0.46800232,0.7463989,0.0,0.0
C18B,2020-04-03,-65.45,113.8,24.0,0.46800232,0.7463989,0.0,0.0
C18B,2020-04-04,-65.45,113.8,24.0,0.46800232,0.7463989,0.0,0.0
C18B,2020-04-05,-65.45,113.8,24.0,0.46800232,0.7463989,0.0,0.0
C18B,2020-04-06,-65.45,113.8,24.0,0.46800232,0.7463989,0.0,0.0
C18B,2020-04-07,-65.45,113.8,24.0,0.46800232,0.7463989,0.0,0.0
C18B,2020-04-08,-65.45,113.8,24.0,0.46800232,0.7463989,0.0,0.0
C18B,2020-04-09,-65.45,113.8,24.0,0.46800232,0.7463989,0.0,0.0
C18B,2020-04-10,-65.45,113.8,24.0,0.46800232,0.7463989,0.0,0.0
C18B,2020-04-11,-65.45,113.8,24.0,0.46800232,0.7463989,0.0,0.0
C18B,2020-04-12,-65.45,113.8,24.0,0.46800232,0.7463989,0.0,0.0
C18B,2020-04-13,-65.45,113.8,24.0,0.46800232,0.7463989,0.0,0.0
C18B,2020-04-14,-65.45,113.8,24.0,0.46800232,0.7463989,0.0,0.0
C18B,2020-04-15,-65.45,113.8,24.0,0.46800232,0.7463989,0.0,0.0
C18B,2020-04-16,-65.45,113.8,24.0,0.46800232,0.7463989,0.0,0.0
C18B,2020-04-17,-65.45,113.8,24.0,0.46800232,0.7463989,0.0,0.0
C18B,2020-04-18,-65.45,113.8,24.0,0.46800232,0.7463989,0.0,0.0
C18B,2020-04-19,-65.45,113.8,24.0,0.46800232,0.7463989,0.0,0.0
C18B,2020-04-20,-65.45,113.8,24.0,0.46800232,0.7463989,0.0,0.0
C18B,2020-04-21,-65.45,113.8,24.0,0.46800232,0.7463989,0.0,0.0
C18B,2020-04-22,-65.45,113.8,24.0,0.46800232,0.7463989,0.0,0.0
C18B,2020-04-23,-65.45,113.8,24.0,0.46800232,0.7463989,0.0,0.0
C18B,2020-04-24,-65.45,113.8,24.0,0.46800232,0.7463989,0.0,0.0
C18B,2020-04-25,-65.45,113.8,24.0,0.46800232,0.7463989,0.0,0.0
C18B,2020-04-26,-65.45,113.8,24.0,0.46800232,0.7463989,0.0,0.0
C18B,2020-04-27,-65.45,113.8,24.0,0.46800232,0.7463989,0.0,0.0
C18B,2020-04-28,-65.45,113.8,24.0,0.46800232,0.7463989,0.0,0.0
C18B,2020-04-29,-65.45,113.8,24.0,0.46800232,0.7463989,0.0,0.0
C18B,2020-04-30,-65.45,113.8,24.0,0.46800232,0.7463989,0.0,0.0
C18B,2020-05-01,-65.45,113.8,24.0,0.46800232,0.7463989,0.0,0.0
C18B,2020-05-02,-65.45,113.8,24.0,0.46800232,0.7463989,0.0,0.0
C18B,2020-05-03,-65.45,113.8,24.0,0.46800232,0.7463989,0.0,0.0
C18B,2020-05-04,-65.45,113.8,24.0,0.46800232,0.7463989,0.0,0.0
C18B,2020-05-05,-65.45,113.8,24.0,0.46800232,0.7463989,0.0,0.0
C18B,2020-05-06,-65.45,113.8,24.0,0.46800232,0.7463989,0.0,0.0
C18B,2020-05-07,-65.45,113.8,24.0,0.46800232,0.7463989,0.0,0.0
C18B,2020-05-08,-65.45,113.8,24.0,0.46800232,0.7463989,0.0,0.0
C18B,2020-05-09,-65.4509,113.8009,24.0,0.46800232,0.7463989,0.00048039052636295916,-0.0011562500000018695
C18B,2020-05-10,-65.4533,113.8033,24.0,0.46800232,0.7463989,0.001280923922977156,-0.0030833333333261472
C18B,2020-05-11,-65.4566,113.8066,24.0,0.46800232,0.7463989,0.001761048277198876,-0.004239583333328017
C18B,2020-05-12,-65.4601,113.8101,24.0,0.46800232,0.7463989,0.001867528613020335,-0.004496527777780991
C18B,2020-05-13,-65.4634,113.8134,24.0,0.46800232,0.7463989,0.0017605905633316136,-0.004239583333328017
C18B,2020-05-14,-65.4658,113.8158,24.0,0.46800232,0.7463989,0.001280312008247592,-0.0030833333333444043
C18B,2020-05-15,-65.4667,113.8167,24.0,0.46800232,0.7463989,0.00048010048051501413,-0.0011562500000018695
C18B,2020-05-16,-65.4667,113.8167,24.0,0.46800232,0.7463989,0.0,0.0
C18B,2020-05-17,-65.4667,113.8167,24.0,0.46800232,0.7463989,0.0,0.0
C18B,2020-05-18,-65.4667,113.8167,24.0,0.46800232,0.7463989,0.0,0.0
C18B,2020-05-19,-65.4667,113.8167,24.0,0.46800232,0.7463989,0.0,0.0
C18B,2020-05-20,-65.4667,113.8167,24.0,0.46800232,0.7463989,0.0,0.0
C18B,2020-05-21,-65.4667,113.8167,24.0,0.46800232,0.7463989,0.0,0.0
C18B,2020-05-22,-65.4667,113.8167,24.0,0.46800232,0.7463989,0.0,0.0
C18B,2020-05-23,-65.4667,113.8112,24.0,0.46800232,0.7463989,-0.002933947380919191,0.0
C18B,2020-05-24,-65.4667,113.7969,24.0,0.46800232,0.7463989,-0.007628263190395959,0.0
C18B,2020-05-25,-65.4667,113.7773,24.0,0.46800232,0.7463989,-0.010455521575641778,0.0
C18B,2020-05-26,-65.4667,113.7561,24.0,0.46800232,0.7463989,-0.011309033540998433,0.0
C18B,2020-05-27,-65.4667,113.7365,24.0,0.46800232,0.7463989,-0.010455521575641778,0.0
C18B,2020-05-28,-65.4667,113.7222,24.0,0.46800232,0.7463989,-0.007628263190395959,0.0
C18B,2020-05-29,-65.4667,113.7167,24.0,0.46800232,0.7463989,-0.002933947380919191,0.0
C18B,2020-05-30,-65.4667,113.7167,24.0,0.46800232,0.7463989,0.0,0.0
C18B,2020-05-31,-65.4667,113.7167,24.0,0.46800232,0.7463989,0.0,0.0
C18B,2020-06-01,-65.4667,113.7167,24.0,0.46800232,0.7463989,0.0,0.0
C18B,2020-06-02,-65.4667,113.7167,24.0,5.1737823,-0.9777832,0.0,0.0
C18B,2020-06-03,-65.4667,113.7167,24.0,-10.862396,10.243652,0.0,0.0
C18B,2020-06-04,-65.4667,113.7167,24.0,13.841248,-0.7610779,0.0,0.0
C18B,2020-06-05,-65.4667,113.7167,24.0,-0.3808899,-0.9492798,0.0,0.0
C18B,2020-06-06,-65.4667,113.7148,24.0,-11.063446,9.7599945,-0.0010135454588667146,0.0
C18B,2020-06-07,-65.4667,113.7101,24.0,-2.1151733,5.517212,-0.0025071913982408624,0.0
C18B,2020-06-08,-65.4667,113.7036,24.0,-7.205307,2.4634857,-0.003467392359270891,0.0
C18B,2020-06-09,-65.4667,113.6964,24.0,-1.3282013,3.8412933,-0.003840803844112532,0.0
C18B,2020-06-10,-65.4667,113.6899,24.0,-1.5076141,0.25299072,-0.003467392359270891,0.0
C18B,2020-06-11,-65.4667,113.6852,24.0,-17.41452,11.434616,-0.0025071913982408624,0.0
C18B,2020-06-12,-65.4667,113.6833,24.0,-12.201706,11.538712,-0.0010135454588591339,0.0
C18B,2020-06-13,-65.4667,113.6833,24.0,-11.35585,13.551392,0.0,0.0
C18B,2020-06-14,-65.4667,113.6833,24.0,-12.2778015,8.745468,0.0,0.0
C18B,2020-06-15,-65.4667,113.6833,24.0,-0.5841217,1.4408569,0.0,0.0
C18B,2020-06-16,-65.4667,113.6833,24.0,2.3618011,-1.7801056,0.0,0.0
C18B,2020-06-17,-65.4667,113.6833,24.0,-11.733475,12.98381,0.0,0.0
C18B,2020-06-18,-65.4667,113.6833,24.0,16.371948,0.52207947,0.0,0.0
C18B,2020-06-19,-65.4667,113.6833,24.0,-12.950378,5.128174,0.0,0.0
C18B,2020-06-20,-65.4626,113.6701,24.0,-6.165802,8.246475,-0.007042577653240571,0.005267361111121656
C18B,2020-06-21,-65.4515,113.6319,24.0,-13.753571,11.931992,-0.020389441536076948,0.01426041666666538
C18B,2020-06-22,-65.4357,113.5712,24.0,-4.673691,3.048172,-0.032418488962669724,0.020298611111109446
C18B,2020-06-23,-65.4173,113.4903,24.0,-7.3573,5.1807404,-0.043237203766645964,0.023638888888888567
C18B,2020-06-24,-65.3982,113.3915,24.0,-10.480713,12.74971,-0.052842377909844966,0.024538194444437465
C18B,2020-06-25,-65.3806,113.2773,24.0,-15.50766,13.228958,-0.06111991659437211,0.022611111111113184
C18B,2020-06-26,-65.3667,113.15,24.0,-11.341141,11.407837,-0.06816711279273928,0.01785763888889748
C18B,2020-06-27,-65.3566,112.8802,24.0,-8.237366,-2.4822998,-0.14452912074046387,0.012975694444437025
C18B,2020-06-28,-65.3484,112.3906,24.0,-7.0832825,5.575638,-0.26235556800500337,0.010534722222225056
C18B,2020-06-29,-65.3411,111.7619,24.0,-3.10849,1.9904022,-0.3369867983838768,0.009378472222223187
C18B,2020-06-30,-65.3336,111.0746,24.0,0.61743164,-3.3265228,-0.3685017734059495,0.009635416666657903
C18B,2020-07-01,-65.325,110.4092,24.0,-0.8293915,4.353668,-0.3568765011573555,0.011048611111112747
C18B,2020-07-02,-65.3141,109.8464,24.0,-2.176422,1.8451233,-0.3019736415236359,0.014003472222230666
C18B,2020-07-03,-65.3,109.4667,24.0,-3.1138916,2.4578857,-0.20383933101124807,0.018114583333332195
C18B,2020-07-04,-65.2678,109.2352,24.0,3.0735626,-3.3047333,-0.12443101426598276,0.04136805555555956
C18B,2020-07-05,-65.2108,109.0519,24.0,7.9118805,2.1635284,-0.09873629926988688,0.07322916666665118
C18B,2020-07-06,-65.1399,108.8993,24.0,6.2007904,-1.4459381,-0.08241963172286332,0.09108680555556692
C18B,2020-07-07,-65.0658,108.7602,24.0,9.611389,3.3024292,-0.0753378869789956,0.09519791666666844
C18B,2020-07-08,-64.9994,108.6171,24.0,18.752686,1.1299438,-0.07769747088295427,0.08530555555555758
C18B,2020-07-09,-64.9516,108.4529,24.0,1.2509155,6.2539825,-0.08931338054378492,0.06140972222221602
C18B,2020-07-10,-64.9333,108.25,24.0,-3.9716797,7.9980316,-0.11043891002322076,0.02351041666666208
C18B,2020-07-11,-64.9342,107.9898,24.0,-15.457809,3.5535889,-0.14162266789647618,-0.0011562500000018695
C18B,2020-07-12,-64.9366,107.6769,24.0,-4.146454,5.363388,-0.17029117601167965,-0.0030833333333261472
C18B,2020-07-13,-64.9399,107.3286,24.0,-15.002045,8.580795,-0.18953375411833012,-0.004239583333328017
C18B,2020-07-14,-64.9434,106.9626,24.0,-5.1132965,-9.4891815,-0.19913950987828416,-0.004496527777780991
C18B,2020-07-15,-64.9467,106.5964,24.0,-18.473282,2.8026276,-0.1992237821861725,-0.004239583333346274
C18B,2020-07-16,-64.9491,106.2475,24.0,-14.165909,3.5596008,-0.18979505392078228,-0.0030833333333261472
C18B,2020-07-17,-64.95,105.9333,24.0,-5.5449066,5.201233,-0.17091316072516333,-0.0011562500000018695
C18B,2020-07-18,-64.9481,105.6518,24.0,-7.831894,6.702545,-0.15313643667616594,0.002440972222230226
C18B,2020-07-19,-64.9428,105.386,24.0,-12.760117,0.2564087,-0.14462422774074407,0.006809027777766473
C18B,2020-07-20,-64.9346,105.1308,24.0,-10.250305,-0.28175354,-0.1388991751107563,0.010534722222225056
C18B,2020-07-21,-64.9241,104.8812,24.0,-11.319031,2.2112732,-0.13590445955593736,0.013489583333342972
C18B,2020-07-22,-64.9116,104.6323,24.0,-14.82756,2.5816803,-0.1355865011251995,0.016059027777763173
C18B,2020-07-23,-64.8979,104.3791,24.0,-10.490631,2.7256012,-0.1379993338316137,0.017600694444444502
C18B,2020-07-24,-64.8833,104.1167,24.0,-9.759399,3.350586,-0.14309131183001575,0.018756944444446373
C18B,2020-07-25,-64.8595,103.8328,24.0,-16.326767,3.9489746,-0.15495280479624846,0.030576388888899787
C18B,2020-07-26,-64.8219,103.5277,24.0,-11.7161255,3.9726105,-0.16675660233553977,0.04830555555555252
C18B,2020-07-27,-64.777,103.2152,24.0,-8.653427,5.4099884,-0.17108584733066037,0.0576840277777757
C18B,2020-07-28,-64.7309,102.9091,24.0,-2.707199,5.1285553,-0.16786819756015112,0.05922569444443877
C18B,2020-07-29,-64.6902,102.6231,24.0,12.235779,2.9397736,-0.15708115298032255,0.052288194444445824
C18B,2020-07-30,-64.6611,102.3711,24.0,4.648239,1.4570312,-0.1385557978575045,0.03738541666666626
C18B,2020-07-31,-64.65,102.1667,24.0,4.6840515,0.9247589,-0.11243012399295356,0.01426041666666538
C18B,2020-08-01,-64.6566,101.9958,24.0,8.1910095,3.2708282,-0.09398060804594384,-0.008479166666656034
C18B,2020-08-02,-64.6744,101.8361,24.0,-15.033218,-2.9894714,-0.0877639414907175,-0.022868055555566157
C18B,2020-08-03,-64.7001,101.6893,24.0,-16.75322,5.5913086,-0.08059820833787175,-0.033017361111111754
C18B,2020-08-04,-64.7304,101.5572,24.0,-16.731277,4.86055,-0.07244625565778494,-0.03892708333332933
C18B,2020-08-05,-64.7621,101.4416,24.0,-9.766205,-1.5007935,-0.06332301380444054,-0.040725694444445376
C18B,2020-08-06,-64.7919,101.3442,24.0,-13.622864,4.391968,-0.05329459661703973,-0.03828472222221515
C18B,2020-08-07,-64.8167,101.2667,24.0,-3.6999664,1.91745,-0.04236686878975459,-0.03186111111110988
C18B,2020-08-08,-64.8396,101.2005,24.0,6.8204346,2.02948,-0.03615874175969937,-0.029420138888897916
C18B,2020-08-09,-64.8647,101.1375,24.0,1.1668701,-0.80703735,-0.034378791075105525,-0.03224652777777109
C18B,2020-08-10,-64.8899,101.0798,24.0,0.05419922,0.4033203,-0.0314570879197761,-0.03237499999999758
C18B,2020-08-11,-64.9131,101.0299,24.0,-25.639252,3.4269104,-0.02718114936943658,-0.02980555555555912
C18B,2020-08-12,-64.9322,100.9901,24.0,-16.33075,3.0513153,-0.021664115514218877,-0.024538194444437465
C18B,2020-08-13,-64.9452,100.9627,24.0,2.3573456,4.050583,-0.014907256573113764,-0.016701388888895607
C18B,2020-08-14,-64.95,100.95,24.0,-4.401947,3.767456,-0.006908329539174947,-0.0061666666666705516
C18B,2020-08-15,-64.95,100.9462,24.0,5.52092,0.58688354,-0.0020670592321938965,0.0
C18B,2020-08-16,-64.95,100.9435,24.0,-7.101242,-1.4700012,-0.001468699980772399,0.0
C18B,2020-08-17,-64.95,100.9416,24.0,-15.146149,-1.7414093,-0.0010335296161008134,0.0
C18B,2020-08-18,-64.95,100.94,24.0,-16.683945,1.5272522,-0.0008703407293431711,0.0
C18B,2020-08-19,-64.95,100.9384,24.0,-2.7173157,0.22273254,-0.0008703407293431711,0.0
C18B,2020-08-20,-64.95,100.9363,24.0,-18.832275,2.7279358,-0.0011423222072648445,0.0
C18B,2020-08-21,-64.95,100.9333,24.0,-0.33374023,-5.3358307,-0.001631888867522311,0.0
C18B,2020-08-22,-64.9494,100.9279,24.0,-6.943161,5.151413,-0.0029374657772189105,0.0007708333333406654
C18B,2020-08-23,-64.9477,100.9197,24.0,7.37381,2.5393372,-0.004460879347457642,0.002184027777777252
C18B,2020-08-24,-64.9452,100.9101,24.0,0.8301697,-2.5018463,-0.005222980405181818,0.0032118055555526346
C18B,2020-08-25,-64.9422,100.9004,24.0,-11.739044,2.440567,-0.005277977544386439,0.003854166666666813
C18B,2020-08-26,-64.939,100.8918,24.0,-16.042892,4.654999,-0.0046800029938841615,0.004111111111119787
C18B,2020-08-27,-64.936,100.8856,24.0,-14.578934,5.472885,-0.0033743334398688807,0.003854166666648556
C18B,2020-08-28,-64.9333,100.8833,24.0,-4.981018,4.2865906,-0.0012518949879370322,0.0034687500000056084
C18B,2020-08-29,-64.9311,100.8833,24.0,2.7623901,0.37503052,0.0,0.00282638888889143
C18B,2020-08-30,-64.9292,100.8833,24.0,2.70253,3.5494232,0.0,0.002440972222230226
C18B,2020-08-31,-64.9274,100.8833,24.0,2.2405548,0.3610077,0.0,0.002312499999985482
C18B,2020-09-01,-64.9255,100.8833,24.0,-4.6066437,1.187561,0.0,0.002440972222230226
C18B,2020-09-02,-64.9232,100.8833,24.0,-4.6066437,1.187561,0.0,0.0029548611111179174
C18B,2020-09-03,-64.9203,100.8833,24.0,-4.6066437,1.187561,0.0,0.0037256944444403256
C18B,2020-09-04,-64.9167,100.8833,24.0,-4.6066437,1.187561,0.0,0.004624999999989221
C18B,2020-09-05,-64.9082,100.8725,24.0,-4.6828156,0.5586548,-0.005883968698568368,0.010920138888904517
C18B,2020-09-06,-64.8927,100.8439,24.0,-4.6828156,0.5586548,-0.015590622157347859,0.019913194444429985
C18B,2020-09-07,-64.8734,100.8032,24.0,-4.346878,0.32232666,-0.022202602363851798,0.024795138888890438
C18B,2020-09-08,-64.8531,100.756,24.0,-4.346878,0.32232666,-0.025767922336045853,0.026079861111118794
C18B,2020-09-09,-64.8349,100.7082,24.0,-4.346878,0.32232666,-0.026113137318321905,0.023381944444435594
C18B,2020-09-10,-64.8217,100.6654,24.0,-4.346878,0.32232666,-0.023393102511635552,0.016958333333330324
C18B,2020-09-11,-64.8167,100.6333,24.0,-4.346878,0.32232666,-0.017548083718078755,0.006423611111123526
C18B,2020-09-12,-64.8263,100.6082,24.0,-4.4709015,-0.012634277,-0.013716509190058712,-0.012333333333341103
C18B,2020-09-13,-64.8513,100.5833,24.0,-4.4709015,-0.012634277,-0.013594580618109576,-0.0321180555555446
C18B,2020-09-14,-64.8856,100.5596,24.0,-4.633011,0.0010375977,-0.01292291803695032,-0.0440659722222245
C18B,2020-09-15,-64.9236,100.5384,24.0,-4.633011,0.0010375977,-0.011543382515387227,-0.04881944444444021
C18B,2020-09-16,-64.9592,100.5206,24.0,-4.633011,0.0010375977,-0.009679213945584417,-0.045736111111114065
C18B,2020-09-17,-64.9866,100.5075,24.0,-4.633011,0.0010375977,-0.007116173743510376,-0.035201388888889004
C18B,2020-09-18,-65.0,100.5,24.0,-4.633011,0.0010375977,-0.004072103042810328,-0.0172152777777833
C18B,2020-09-19,-65.0038,100.496,24.0,-4.633011,0.0010375977,-0.0021714793932658414,-0.004881944444442195
C18B,2020-09-20,-65.0066,100.4924,24.0,-4.633011,0.0010375977,-0.001954126601452819,-0.0035972222222320958
C18B,2020-09-21,-65.0088,100.4893,24.0,-4.633011,0.0010375977,-0.0016825815256290345,-0.0028263888888731734
C18B,2020-09-22,-65.0106,100.4868,24.0,-4.633011,0.0010375977,-0.0013568291298339515,-0.002312500000003739
C18B,2020-09-23,-65.0123,100.4849,24.0,-4.633011,0.0010375977,-0.001031124493127153,-0.002184027777777252
C18B,2020-09-24,-65.0143,100.4837,24.0,-4.633011,0.0010375977,-0.0006511877443574183,-0.0025694444444567133
C18B,2020-09-25,-65.0167,100.4833,24.0,-4.633011,0.0010375977,-0.00021704307005776638,-0.0030833333333261472
C18B,2020-10-10,-65.0613,100.4768,24.0,-4.633011,0.0010375977,-0.0035210567282801665,0.00693749999999296
C18B,2020-10-11,-65.0469,100.4602,24.0,-4.633011,0.0010375977,-0.00899709704432329,0.018500000000011653
C18B,2020-10-12,-65.0262,100.4374,24.0,-4.633011,0.0010375977,-0.012367052521893884,0.026593749999988228
C18B,2020-10-13,-65.0018,100.4126,24.0,-4.633011,0.0010375977,-0.01346418022281026,0.03134722222222219
C18B,2020-10-14,-64.9764,100.3898,24.0,-4.633011,0.0010375977,-0.01239012695745439,0.03263194444445055
C18B,2020-10-15,-64.9527,100.3732,24.0,-4.456253,-0.4862671,-0.009028874604542448,0.030447916666673295
C18B,2020-10-16,-64.9333,100.3667,24.0,-4.456253,-0.4862671,-0.0035379640963589206,0.024923611111098663
C18B,2020-10-17,-64.9179,100.3686,24.0,-4.456253,-0.4862671,0.0010347683759899997,0.019784722222221756
C18B,2020-10-18,-64.9038,100.3737,24.0,-4.456253,-0.4862671,0.0027789964461809673,0.018114583333332195
C18B,2020-10-19,-64.8905,100.3811,24.0,-4.633011,0.0010375977,0.004034267748100415,0.01708680555555681
C18B,2020-10-20,-64.8775,100.39,24.0,-4.633011,0.0010375977,0.004854373732524145,0.016701388888895607
C18B,2020-10-21,-64.864,100.3995,24.0,-4.4709015,-0.012634277,0.005184238406529574,0.01734374999999153
C18B,2020-10-22,-64.8494,100.4087,24.0,-4.4709015,-0.012634277,0.005023252047811538,0.018756944444446373
C18B,2020-10-23,-64.8333,100.4167,24.0,-4.4709015,-0.012634277,0.004370659318013411,0.020684027777788907
C18B,2020-10-24,-64.8124,100.4247,24.0,-4.4709015,-0.012634277,0.004374052209029419,0.026850694444441204
C18B,2020-10-25,-64.7861,100.4339,24.0,-4.4709015,-0.012634277,0.005035069040894554,0.033788194444434164
C18B,2020-10-26,-64.7575,100.4434,24.0,-4.4709015,-0.012634277,0.005204767211319465,0.036743055555570336
C18B,2020-10-27,-64.7297,100.4523,24.0,-4.4709015,-0.012634277,0.004881062550537132,0.035715277777776694
C18B,2020-10-28,-64.706,100.4597,24.0,-4.4709015,-0.012634277,0.004061967369997368,0.030447916666655042
C18B,2020-10-29,-64.6895,100.4648,24.0,-4.4709015,-0.012634277,0.0028011698478757055,0.0211979166666766
C18B,2020-10-30,-64.6833,100.4667,24.0,-4.4709015,-0.012634277,0.0010438118568952695,0.007965277777768343
C18B,2020-10-31,-64.6886,100.4667,24.0,-4.4709015,-0.012634277,0.0,-0.006809027777766473
C18B,2020-11-01,-64.7024,100.4667,24.0,-4.4709015,-0.012634277,0.0,-0.01772916666667099
C18B,2020-11-02,-64.7213,100.4667,24.0,-4.4709015,-0.012634277,0.0,-0.02428125000000274
C18B,2020-11-03,-64.7422,100.4667,24.0,-4.4709015,-0.012634277,0.0,-0.026850694444441204
C18B,2020-11-04,-64.7616,100.4667,24.0,-4.4709015,-0.012634277,0.0,-0.024923611111116923
C18B,2020-11-05,-64.7764,100.4667,24.0,-4.4709015,-0.012634277,0.0,-0.01901388888888109
C18B,2020-11-06,-64.7833,100.4667,24.0,-4.4709015,-0.012634277,0.0,-0.008864583333335495
C18B,2020-11-07,-64.7848,100.4632,24.0,-4.4709015,-0.012634277,-0.0019156076981125749,-0.0019270833333425348
C18B,2020-11-08,-64.7857,100.4535,24.0,-4.4709015,-0.012634277,-0.00530879280813439,-0.0011562500000018695
C18B,2020-11-09,-64.7863,100.4387,24.0,-4.4709015,-0.012634277,-0.00809983362703162,-0.0007708333333224084
C18B,2020-11-10,-64.7869,100.4199,24.0,-4.4709015,-0.012634277,-0.01028874902027879,-0.0007708333333406654
C18B,2020-11-11,-64.7875,100.3981,24.0,-4.4709015,-0.012634277,-0.011930305325405807,-0.0007708333333224084
C18B,2020-11-12,-64.7885,100.3744,24.0,-4.4308624,-0.36712646,-0.012969621786009163,-0.0012847222222283567
C18B,2020-11-13,-64.79,100.35,24.0,-4.4308624,-0.36712646,-0.01335194828654615,-0.0019270833333425348
C18B,2020-11-14,-64.8008,100.315,24.0,-4.4308624,-0.36712646,-0.019144716034449224,-0.01387499999998592
C18B,2020-11-15,-64.8256,100.2638,24.0,-4.4308624,-0.36712646,-0.027980220148317886,-0.03186111111110988
C18B,2020-11-16,-64.8587,100.2041,24.0,-4.4308624,-0.36712646,-0.03258526831351396,-0.04252430555556143
C18B,2020-11-17,-64.8944,100.1433,24.0,-4.456253,-0.4862671,-0.03314160161202043,-0.04586458333334055
C18B,2020-11-18,-64.927,100.089,24.0,-4.351761,-0.90130615,-0.029562555688456296,-0.04188194444444725
C18B,2020-11-19,-64.9508,100.0487,24.0,-4.351761,-0.90130615,-0.021921052210059414,-0.030576388888881527
C18B,2020-11-20,-64.96,100.03,24.0,-4.351761,-0.90130615,-0.01016830848931575,-0.011819444444435155
C18B,2020-11-21,-64.96,100.0255,24.0,-4.351761,-0.90130615,-0.00244691915518748,0.0
C18B,2020-11-22,-64.96,100.0225,24.0,-4.351761,-0.90130615,-0.0016312794367890778,0.0
C18B,2020-11-23,-64.96,100.0203,24.0,-4.351761,-0.90130615,-0.0011962715869719598,0.0
C18B,2020-11-24,-64.96,100.0185,24.0,-4.351761,-0.90130615,-0.000978767662074992,0.0
C18B,2020-11-25,-64.96,100.0165,24.0,-4.351761,-0.90130615,-0.0010875196245312033,0.0
C18B,2020-11-26,-64.96,100.0139,24.0,-4.351761,-0.90130615,-0.0014137755118766551,0.0
C18B,2020-11-27,-64.96,100.01,24.0,-4.351761,-0.90130615,-0.002120663267826574,0.0
C18B,2020-11-28,-64.9523,100.0034,24.0,-4.351761,-0.90130615,-0.003589847146283719,0.009892361111110878
C18B,2020-11-29,-64.9317,99.9936,24.0,-4.351761,-0.90130615,-0.00533447972362642,0.02646527777776174
C18B,2020-11-30,-64.9021,99.9812,24.0,-4.351761,-0.90130615,-0.006757203717779492,0.038027777777780436
C18B,2020-12-01,-64.8673,99.9669,24.0,-4.389847,-0.7206421,-0.0078026851402475976,0.04470833333333868
C18B,2020-12-02,-64.8312,99.9514,24.0,-4.389847,-0.7206421,-0.008468812997528708,0.04637847222222824
C18B,2020-12-03,-64.7974,99.9356,24.0,-4.389847,-0.7206421,-0.00864356170563308,0.04342361111111032
C18B,2020-12-04,-64.77,99.92,24.0,-4.389847,-0.7206421,-0.008542820531948542,0.035201388888889004
C18B,2020-12-05,-64.747,99.904,24.0,-4.389847,-0.7206421,-0.008769330872037958,0.029548611111106144
C18B,2020-12-06,-64.7242,99.8866,24.0,-4.389847,-0.7206421,-0.009544691956310521,0.029291666666671427
C18B,2020-12-07,-64.7021,99.8681,24.0,-4.6066437,-0.6893921,-0.01015638109223389,0.028392361111104273
C18B,2020-12-08,-64.6812,99.8489,24.0,-4.6066437,-0.6893921,-0.01054881074493888,0.026850694444441204
C18B,2020-12-09,-64.662,99.8292,24.0,-4.6066437,-0.6893921,-0.010831185208165084,0.02466666666666395
C18B,2020-12-10,-64.6447,99.8095,24.0,-4.6066437,-0.6893921,-0.010838091416824916,0.02222569444445198
C18B,2020-12-11,-64.63,99.79,24.0,-4.6066437,-0.6893921,-0.01073386796816706,0.018885416666672858
C18B,2020-12-12,-64.6181,99.7704,24.0,-4.8751984,-0.7079468,-0.010793638698601806,0.015288194444440763
C18B,2020-12-13,-64.6083,99.7501,24.0,-4.8751984,-0.7079468,-0.011183155796307668,0.012590277777775822
C18B,2020-12-14,-64.5998,99.7296,24.0,-4.8751984,-0.7079468,-0.011296864250452881,0.010920138888886259
C18B,2020-12-15,-64.5916,99.709,24.0,-4.8751984,-0.7079468,-0.011355392284264921,0.010534722222225056
C18B,2020-12-16,-64.5829,99.6887,24.0,-4.8751984,-0.7079468,-0.011193599378654023,0.011177083333339234
C18B,2020-12-17,-64.5727,99.669,24.0,-4.8751984,-0.7079468,-0.010866823398643052,0.013104166666663511
C18B,2020-12-18,-64.56,99.65,24.0,-4.8751984,-0.7079468,-0.010485578823143852,0.016315972222216146
C18B,2020-12-19,-64.5402,99.6332,24.0,-4.8751984,-0.7079468,-0.009278194055971179,0.025437500000004613
C18B,2020-12-20,-64.5118,99.6188,24.0,-4.8595734,-0.59661865,-0.007961016223623139,0.03648611111111736
C18B,2020-12-21,-64.4792,99.6053,24.0,-4.8595734,-0.59661865,-0.007472359268535771,0.04188194444442899
C18B,2020-12-22,-64.4465,99.5912,24.0,-4.8595734,-0.59661865,-0.007813792527645498,0.04201041666667374
C18B,2020-12-23,-64.4179,99.5749,24.0,-4.8595734,-0.59661865,-0.009042395206558198,0.03674305555555208
C18B,2020-12-24,-64.3977,99.555,24.0,-4.8595734,-0.59661865,-0.011047617778788075,0.02595138888889231
C18B,2020-12-25,-64.39,99.53,24.0,-4.8595734,-0.59661865,-0.013882809238278795,0.009892361111110878
C18B,2020-12-26,-64.3922,99.4889,24.0,-4.8595734,-0.59661865,-0.022821510099453695,-0.00282638888889143
C18B,2020-12-27,-64.3978,99.4265,24.0,-4.8595734,-0.59661865,-0.03464165017205419,-0.007194444444445934
C18B,2020-12-28,-64.405,99.3496,24.0,-4.7814484,-0.5272827,-0.042680196251078356,-0.009249999999996698
C18B,2020-12-29,-64.4122,99.265,24.0,-4.7814484,-0.5272827,-0.046941447785628594,-0.009249999999996698
C18B,2020-12-30,-64.4178,99.1795,24.0,-4.7814484,-0.5272827,-0.047431141640789355,-0.007194444444445934
C18B,2020-12-31,-64.42,99.1,24.0,-4.639847,-0.5018921,-0.044099103180974715,-0.00282638888889143
C21B,2020-01-01,-64.9833,95.8667,24.0,-0.8835602,3.2805786,0.0,0.0
C21B,2020-01-02,-64.9833,95.8667,24.0,-0.8835602,3.2805786,0.0,0.0
C21B,2020-01-03,-64.9833,95.8667,24.0,-0.8835602,3.2805786,0.0,0.0
C21B,2020-01-04,-64.9833,95.8667,24.0,-0.8835602,3.2805786,0.0,0.0
C21B,2020-01-05,-64.9833,95.8667,24.0,-0.8835602,3.2805786,0.0,0.0
C21B,2020-01-06,-64.9833,95.8667,24.0,-0.8835602,3.2805786,0.0,0.0
C21B,2020-01-07,-64.9833,95.8667,24.0,-0.8835602,3.2805786,0.0,0.0
C21B,2020-01-08,-64.9833,95.8667,24.0,-0.8835602,3.2805786,0.0,0.0
C21B,2020-01-09,-64.9833,95.8667,24.0,-0.8835602,3.2805786,0.0,0.0
C21B,2020-01-10,-64.9833,95.8667,24.0,-0.8835602,3.2805786,0.0,0.0
C21B,2020-01-11,-64.9833,95.8667,24.0,-0.8835602,3.2805786,0.0,0.0
C21B,2020-01-12,-64.9833,95.8667,24.0,-0.8835602,3.2805786,0.0,0.0
C21B,2020-01-13,-64.9833,95.8667,24.0,-0.8835602,3.2805786,0.0,0.0
C21B,2020-01-14,-64.9833,95.8667,24.0,-0.8835602,3.2805786,0.0,0.0
C21B,2020-01-15,-64.9833,95.8667,24.0,-0.8835602,3.2805786,0.0,0.0
C21B,2020-01-16,-64.9833,95.8667,24.0,-0.8835602,3.2805786,0.0,0.0
C21B,2020-01-17,-64.9833,95.8667,24.0,-0.8835602,3.2805786,0.0,0.0
C21B,2020-01-18,-64.9833,95.8667,24.0,-0.8835602,3.2805786,0.0,0.0
C21B,2020-01-19,-64.9833,95.8667,24.0,-0.8835602,3.2805786,0.0,0.0
C21B,2020-01-20,-64.9833,95.8667,24.0,-0.8835602,3.2805786,0.0,0.0
C21B,2020-01-21,-64.9833,95.8667,24.0,-0.8835602,3.2805786,0.0,0.0
C21B,2020-01-22,-64.9833,95.8667,24.0,-0.8835602,3.2805786,0.0,0.0
C21B,2020-01-23,-64.9833,95.8667,24.0,-0.8835602,3.2805786,0.0,0.0
C21B,2020-01-24,-64.9833,95.8667,24.0,-0.8835602,3.2805786,0.0,0.0
C21B,2020-01-25,-64.9833,95.8667,24.0,-0.8835602,3.2805786,0.0,0.0
C21B,2020-01-26,-64.9833,95.8667,24.0,-0.8835602,3.2805786,0.0,0.0
C21B,2020-01-27,-64.9833,95.8667,24.0,-0.8835602,3.2805786,0.0,0.0
C21B,2020-01-28,-64.9833,95.8667,24.0,-0.8835602,3.2805786,0.0,0.0
C21B,2020-01-29,-64.9833,95.8667,24.0,-0.8835602,3.2805786,0.0,0.0
C21B,2020-01-30,-64.9833,95.8667,24.0,-0.8835602,3.2805786,0.0,0.0
C21B,2020-01-31,-64.9833,95.8667,24.0,-0.8835602,3.2805786,0.0,0.0
C21B,2020-02-01,-64.9833,95.8667,24.0,-0.8835602,3.2805786,0.0,0.0
C21B,2020-02-02,-64.9833,95.8667,24.0,-0.8835602,3.2805786,0.0,0.0
C21B,2020-02-03,-64.9833,95.8667,24.0,-0.8835602,3.2805786,0.0,0.0
C21B,2020-02-04,-64.9833,95.8667,24.0,-0.8835602,3.2805786,0.0,0.0
C21B,2020-02-05,-64.9833,95.8667,24.0,-0.8835602,3.2805786,0.0,0.0
C21B,2020-02-06,-64.9833,95.8667,24.0,-0.8835602,3.2805786,0.0,0.0
C21B,2020-02-07,-64.9833,95.8667,24.0,-0.8835602,3.2805786,0.0,0.0
C21B,2020-02-08,-64.9833,95.8667,24.0,-0.8835602,3.2805786,0.0,0.0
C21B,2020-02-09,-64.9833,95.8667,24.0,-0.8835602,3.2805786,0.0,0.0
C21B,2020-02-10,-64.9833,95.8667,24.0,-0.8835602,3.2805786,0.0,0.0
C21B,2020-02-11,-64.9833,95.8667,24.0,-0.8835602,3.2805786,0.0,0.0
C21B,2020-02-12,-64.9833,95.8667,24.0,-0.8835602,3.2805786,0.0,0.0
C21B,2020-02-13,-64.9833,95.8667,24.0,-0.8835602,3.2805786,0.0,0.0
C21B,2020-02-14,-64.9833,95.8667,24.0,-0.8835602,3.2805786,0.0,0.0
C21B,2020-02-15,-64.9833,95.8667,24.0,-0.8835602,3.2805786,0.0,0.0
C21B,2020-02-16,-64.9833,95.8667,24.0,-0.8835602,3.2805786,0.0,0.0
C21B,2020-02-17,-64.9833,95.8667,24.0,-0.8835602,3.2805786,0.0,0.0
C21B,2020-02-18,-64.9833,95.8667,24.0,-0.8835602,3.2805786,0.0,0.0
C21B,2020-02-19,-64.9833,95.8667,24.0,-0.8835602,3.2805786,0.0,0.0
C21B,2020-02-20,-64.9833,95.8667,24.0,-0.8835602,3.2805786,0.0,0.0
C21B,2020-02-21,-64.9833,95.8667,24.0,-0.8835602,3.2805786,0.0,0.0
C21B,2020-02-22,-64.9833,95.8667,24.0,-0.8835602,3.2805786,0.0,0.0
C21B,2020-02-23,-64.9833,95.8667,24.0,-0.8835602,3.2805786,0.0,0.0
C21B,2020-02-24,-64.9833,95.8667,24.0,-0.8835602,3.2805786,0.0,0.0
C21B,2020-02-25,-64.9833,95.8667,24.0,-0.8835602,3.2805786,0.0,0.0
C21B,2020-02-26,-64.9833,95.8667,24.0,-0.8835602,3.2805786,0.0,0.0
C21B,2020-02-27,-64.9833,95.8667,24.0,-0.8835602,3.2805786,0.0,0.0
C21B,2020-02-28,-64.9833,95.8667,24.0,-0.8835602,3.2805786,0.0,0.0
C21B,2020-02-29,-64.9833,95.8667,24.0,-0.8835602,3.2805786,0.0,0.0
C21B,2020-03-01,-64.9833,95.8667,24.0,-0.8835602,3.2805786,0.0,0.0
C21B,2020-03-02,-64.9833,95.8667,24.0,-0.8835602,3.2805786,0.0,0.0
C21B,2020-03-03,-64.9833,95.8667,24.0,-0.8835602,3.2805786,0.0,0.0
C21B,2020-03-04,-64.9833,95.8667,24.0,-0.8835602,3.2805786,0.0,0.0
C21B,2020-03-05,-64.9833,95.8667,24.0,-0.8835602,3.2805786,0.0,0.0
C21B,2020-03-06,-64.9833,95.8667,24.0,-0.8835602,3.2805786,0.0,0.0
C21B,2020-03-07,-64.9833,95.8667,24.0,-0.8835602,3.2805786,0.0,0.0
C21B,2020-03-08,-64.9833,95.8667,24.0,-0.8835602,3.2805786,0.0,0.0
C21B,2020-03-09,-64.9833,95.8667,24.0,-0.8835602,3.2805786,0.0,0.0
C21B,2020-03-10,-64.9833,95.8667,24.0,-0.8835602,3.2805786,0.0,0.0
C21B,2020-03-11,-64.9833,95.8667,24.0,-0.8835602,3.2805786,0.0,0.0
C21B,2020-03-12,-64.9833,95.8667,24.0,-0.8835602,3.2805786,0.0,0.0
C21B,2020-03-13,-64.9833,95.8667,24.0,-0.8835602,3.2805786,0.0,0.0
C21B,2020-03-14,-64.9833,95.8667,24.0,-0.8835602,3.2805786,0.0,0.0
C21B,2020-03-15,-64.9833,95.8667,24.0,-0.8835602,3.2805786,0.0,0.0
C21B,2020-03-16,-64.9833,95.8667,24.0,-0.8835602,3.2805786,0.0,0.0
C21B,2020-03-17,-64.9833,95.8667,24.0,-0.8835602,3.2805786,0.0,0.0
C21B,2020-03-18,-64.9833,95.8667,24.0,-0.8835602,3.2805786,0.0,0.0
C21B,2020-03-19,-64.9833,95.8667,24.0,-0.8835602,3.2805786,0.0,0.0
C21B,2020-03-20,-64.9833,95.8667,24.0,-0.8835602,3.2805786,0.0,0.0
C21B,2020-03-21,-64.9833,95.8667,24.0,-0.8835602,3.2805786,0.0,0.0
C21B,2020-03-22,-64.9833,95.8667,24.0,-0.8835602,3.2805786,0.0,0.0
C21B,2020-03-23,-64.9833,95.8667,24.0,-0.8835602,3.2805786,0.0,0.0
C21B,2020-03-24,-64.9833,95.8667,24.0,-0.8835602,3.2805786,0.0,0.0
C21B,2020-03-25,-64.9833,95.8667,24.0,-0.8835602,3.2805786,0.0,0.0
C21B,2020-03-26,-64.9833,95.8667,24.0,-0.8835602,3.2805786,0.0,0.0
C21B,2020-03-27,-64.9833,95.8667,24.0,-0.8835602,3.2805786,0.0,0.0
C21B,2020-03-28,-64.9833,95.8667,24.0,-0.8835602,3.2805786,0.0,0.0
C21B,2020-03-29,-64.9833,95.8667,24.0,-0.8835602,3.2805786,0.0,0.0
C21B,2020-03-30,-64.9833,95.8667,24.0,-0.8835602,3.2805786,0.0,0.0
C21B,2020-03-31,-64.9833,95.8667,24.0,-0.8835602,3.2805786,0.0,0.0
C21B,2020-04-01,-64.9833,95.8667,24.0,-0.8835602,3.2805786,0.0,0.0
C21B,2020-04-02,-64.9833,95.8667,24.0,-0.8835602,3.2805786,0.0,0.0
C21B,2020-04-03,-64.9833,95.8667,24.0,-0.8835602,3.2805786,0.0,0.0
C21B,2020-04-04,-64.9833,95.8667,24.0,-0.8835602,3.2805786,0.0,0.0
C21B,2020-04-05,-64.9833,95.8667,24.0,-0.8835602,3.2805786,0.0,0.0
C21B,2020-04-06,-64.9833,95.8667,24.0,-0.8835602,3.2805786,0.0,0.0
C21B,2020-04-07,-64.9833,95.8667,24.0,-0.8835602,3.2805786,0.0,0.0
C21B,2020-04-08,-64.9833,95.8667,24.0,-0.8835602,3.2805786,0.0,0.0
C21B,2020-04-09,-64.9833,95.8667,24.0,-0.8835602,3.2805786,0.0,0.0
C21B,2020-04-10,-64.9833,95.8667,24.0,-0.8835602,3.2805786,0.0,0.0
C21B,2020-04-11,-64.9833,95.8667,24.0,-0.8835602,3.2805786,0.0,0.0
C21B,2020-04-12,-64.9833,95.8667,24.0,-0.8835602,3.2805786,0.0,0.0
C21B,2020-04-13,-64.9833,95.8667,24.0,-0.8835602,3.2805786,0.0,0.0
C21B,2020-04-14,-64.9833,95.8667,24.0,-0.8835602,3.2805786,0.0,0.0
C21B,2020-04-15,-64.9833,95.8667,24.0,-0.8835602,3.2805786,0.0,0.0
C21B,2020-04-16,-64.9833,95.8667,24.0,-0.8835602,3.2805786,0.0,0.0
C21B,2020-04-17,-64.9833,95.8667,24.0,-0.8835602,3.2805786,0.0,0.0
C21B,2020-04-18,-64.9833,95.8667,24.0,-0.8835602,3.2805786,0.0,0.0
C21B,2020-04-19,-64.9833,95.8667,24.0,-0.8835602,3.2805786,0.0,0.0
C21B,2020-04-20,-64.9833,95.8667,24.0,-0.8835602,3.2805786,0.0,0.0
C21B,2020-04-21,-64.9833,95.8667,24.0,-0.8835602,3.2805786,0.0,0.0
C21B,2020-04-22,-64.9833,95.8667,24.0,-0.8835602,3.2805786,0.0,0.0
C21B,2020-04-23,-64.9833,95.8667,24.0,-0.8835602,3.2805786,0.0,0.0
C21B,2020-04-24,-64.9833,95.8667,24.0,-0.8835602,3.2805786,0.0,0.0
C21B,2020-04-25,-64.9833,95.8667,24.0,-0.8835602,3.2805786,0.0,0.0
C21B,2020-04-26,-64.9833,95.8667,24.0,-0.8835602,3.2805786,0.0,0.0
C21B,2020-04-27,-64.9833,95.8667,24.0,-0.8835602,3.2805786,0.0,0.0
C21B,2020-04-28,-64.9833,95.8667,24.0,-0.8835602,3.2805786,0.0,0.0
C21B,2020-04-29,-64.9833,95.8667,24.0,-0.8835602,3.2805786,0.0,0.0
C21B,2020-04-30,-64.9833,95.8667,24.0,-0.8835602,3.2805786,0.0,0.0
C21B,2020-05-01,-64.9833,95.8667,24.0,-0.8835602,3.2805786,0.0,0.0
C21B,2020-05-02,-64.9833,95.8667,24.0,-0.8835602,3.2805786,0.0,0.0
C21B,2020-05-03,-64.9833,95.8667,24.0,-0.8835602,3.2805786,0.0,0.0
C21B,2020-05-04,-64.9833,95.8667,24.0,-0.8835602,3.2805786,0.0,0.0
C21B,2020-05-05,-64.9833,95.8667,24.0,-0.8835602,3.2805786,0.0,0.0
C21B,2020-05-06,-64.9833,95.8667,24.0,-0.8835602,3.2805786,0.0,0.0
C21B,2020-05-07,-64.9833,95.8667,24.0,-0.8835602,3.2805786,0.0,0.0
C21B,2020-05-08,-64.9833,95.8667,24.0,-0.8835602,3.2805786,0.0,0.0
C21B,2020-05-09,-64.9833,95.8667,24.0,-0.8835602,3.2805786,0.0,0.0
C21B,2020-05-10,-64.9833,95.8667,24.0,-0.8835602,3.2805786,0.0,0.0
C21B,2020-05-11,-64.9833,95.8667,24.0,-0.8835602,3.2805786,0.0,0.0
C21B,2020-05-12,-64.9833,95.8667,24.0,-0.8835602,3.2805786,0.0,0.0
C21B,2020-05-13,-64.9833,95.8667,24.0,-0.8835602,3.2805786,0.0,0.0
C21B,2020-05-14,-64.9833,95.8667,24.0,-0.8835602,3.2805786,0.0,0.0
C21B,2020-05-15,-64.9833,95.8667,24.0,-0.8835602,3.2805786,0.0,0.0
C21B,2020-05-16,-64.9833,95.8667,24.0,-0.8835602,3.2805786,0.0,0.0
C21B,2020-05-17,-64.9833,95.8667,24.0,-0.8835602,3.2805786,0.0,0.0
C21B,2020-05-18,-64.9833,95.8667,24.0,-0.8835602,3.2805786,0.0,0.0
C21B,2020-05-19,-64.9833,95.8667,24.0,-0.8835602,3.2805786,0.0,0.0
C21B,2020-05-20,-64.9833,95.8667,24.0,-0.8835602,3.2805786,0.0,0.0
C21B,2020-05-21,-64.9833,95.8667,24.0,-0.8835602,3.2805786,0.0,0.0
C21B,2020-05-22,-64.9833,95.8667,24.0,-0.8835602,3.2805786,0.0,0.0
C21B,2020-05-23,-64.9833,95.8667,24.0,-0.8835602,3.2805786,0.0,0.0
C21B,2020-05-24,-64.9833,95.8667,24.0,-0.8835602,3.2805786,0.0,0.0
C21B,2020-05-25,-64.9833,95.8667,24.0,-0.8835602,3.2805786,0.0,0.0
C21B,2020-05-26,-64.9833,95.8667,24.0,-0.8835602,3.2805786,0.0,0.0
C21B,2020-05-27,-64.9833,95.8667,24.0,-0.8835602,3.2805786,0.0,0.0
C21B,2020-05-28,-64.9833,95.8667,24.0,-0.8835602,3.2805786,0.0,0.0
C21B,2020-05-29,-64.9833,95.8667,24.0,-0.8835602,3.2805786,0.0,0.0
C21B,2020-05-30,-64.9833,95.8667,24.0,-0.8835602,3.2805786,0.0,0.0
C21B,2020-05-31,-64.9833,95.8667,24.0,-0.8835602,3.2805786,0.0,0.0
C21B,2020-06-01,-64.9833,95.8667,24.0,-0.8835602,3.2805786,0.0,0.0
C21B,2020-06-02,-64.9833,95.8667,24.0,-7.3291473,0.29858398,0.0,0.0
C21B,2020-06-03,-64.9833,95.8667,24.0,-3.7539978,-2.8881836,0.0,0.0
C21B,2020-06-04,-64.9833,95.8667,24.0,-11.470276,-1.0276794,0.0,0.0
C21B,2020-06-05,-64.9833,95.8667,24.0,-5.0713196,-7.620178,0.0,0.0
C21B,2020-06-06,-64.9833,95.8667,24.0,-3.6181335,-9.247818,0.0,0.0
C21B,2020-06-07,-64.9833,95.8667,24.0,-13.028259,0.13049316,0.0,0.0
C21B,2020-06-08,-64.9833,95.8667,24.0,-2.062729,4.205673,0.0,0.0
C21B,2020-06-09,-64.9833,95.8667,24.0,-7.485428,2.6518402,0.0,0.0
C21B,2020-06-10,-64.9833,95.8667,24.0,-16.41484,1.647522,0.0,0.0
C21B,2020-06-11,-64.9833,95.8667,24.0,-16.334442,2.2500458,0.0,0.0
C21B,2020-06-12,-64.9833,95.8667,24.0,-17.417526,-1.3773041,0.0,0.0
C21B,2020-06-13,-64.9833,95.8667,24.0,-6.965225,5.952759,0.0,0.0
C21B,2020-06-14,-64.9833,95.8667,24.0,-4.106903,5.098007,0.0,0.0
C21B,2020-06-15,-64.9833,95.8667,24.0,3.5623627,-0.05718994,0.0,0.0
C21B,2020-06-16,-64.9833,95.8667,24.0,-2.6323395,4.428879,0.0,0.0
C21B,2020-06-17,-64.9833,95.8667,24.0,0.91593933,4.1556854,0.0,0.0
C21B,2020-06-18,-64.9833,95.8667,24.0,-10.056763,3.0240326,0.0,0.0
C21B,2020-06-19,-64.9833,95.8667,24.0,-8.377136,-4.2302246,0.0,0.0
C21B,2020-06-20,-64.9833,95.8667,24.0,2.0500183,-2.938095,0.0,0.0
C21B,2020-06-21,-64.9833,95.8667,24.0,-5.313141,6.0394135,0.0,0.0
C21B,2020-06-22,-64.9833,95.8667,24.0,-6.9803314,6.8489532,0.0,0.0
C21B,2020-06-23,-64.9833,95.8667,24.0,-8.078003,6.7500763,0.0,0.0
C21B,2020-06-24,-64.9833,95.8667,24.0,-6.41333,5.3024445,0.0,0.0
C21B,2020-06-25,-64.9833,95.8667,24.0,-8.018402,8.340286,0.0,0.0
C21B,2020-06-26,-64.9833,95.8667,24.0,-6.933914,6.389282,0.0,0.0
C21B,2020-06-27,-64.9833,95.8667,24.0,-2.2529907,5.1866455,0.0,0.0
C21B,2020-06-28,-64.9833,95.8667,24.0,-8.469025,-1.0747528,0.0,0.0
C21B,2020-06-29,-64.9833,95.8667,24.0,-6.2745056,1.4210663,0.0,0.0
C21B,2020-06-30,-64.9833,95.8667,24.0,-6.852295,2.1012115,0.0,0.0
C21B,2020-07-01,-64.9833,95.8667,24.0,-10.163376,2.1681213,0.0,0.0
C21B,2020-07-02,-64.9833,95.8667,24.0,-4.238922,4.174225,0.0,0.0
C21B,2020-07-03,-64.9833,95.8667,24.0,5.2337646,4.5809326,0.0,0.0
C21B,2020-07-04,-64.9833,95.8667,24.0,9.6595,2.6532745,0.0,0.0
C21B,2020-07-05,-64.9833,95.8667,24.0,10.697037,1.7143097,0.0,0.0
C21B,2020-07-06,-64.9833,95.8667,24.0,9.574814,-3.109024,0.0,0.0
C21B,2020-07-07,-64.9833,95.8667,24.0,15.134827,2.5680542,0.0,0.0
C21B,2020-07-08,-64.9833,95.8667,24.0,3.2683105,1.2705688,0.0,0.0
C21B,2020-07-09,-64.9833,95.8667,24.0,-7.1123657,3.4395294,0.0,0.0
C21B,2020-07-10,-64.9833,95.8667,24.0,-19.79004,-0.14064026,0.0,0.0
C21B,2020-07-11,-64.9833,95.8667,24.0,-14.177536,-1.6768799,0.0,0.0
C21B,2020-07-12,-64.9833,95.8667,24.0,-9.707977,4.517685,0.0,0.0
C21B,2020-07-13,-64.9833,95.8667,24.0,-8.320404,3.3845062,0.0,0.0
C21B,2020-07-14,-64.9833,95.8667,24.0,-3.089859,6.1690216,0.0,0.0
C21B,2020-07-15,-64.9833,95.8667,24.0,-1.5211334,3.3289948,0.0,0.0
C21B,2020-07-16,-64.9833,95.8667,24.0,-14.28212,0.18069458,0.0,0.0
C21B,2020-07-17,-64.9833,95.8667,24.0,-8.639633,-0.41693115,0.0,0.0
C21B,2020-07-18,-64.9833,95.8667,24.0,-8.409042,0.18399048,0.0,0.0
C21B,2020-07-19,-64.9833,95.8667,24.0,-20.118515,-0.9359741,0.0,0.0
C21B,2020-07-20,-64.9833,95.8667,24.0,-5.512024,-6.916519,0.0,0.0
C21B,2020-07-21,-64.9833,95.8667,24.0,-12.3151245,-1.558258,0.0,0.0
C21B,2020-07-22,-64.9833,95.8667,24.0,-9.426193,-8.806015,0.0,0.0
C21B,2020-07-23,-64.9833,95.8667,24.0,-11.615631,4.6845856,0.0,0.0
C21B,2020-07-24,-64.9833,95.8667,24.0,-12.485962,2.3359375,0.0,0.0
C21B,2020-07-25,-64.9833,95.8667,24.0,-13.39415,1.204834,0.0,0.0
C21B,2020-07-26,-64.9833,95.8667,24.0,-10.207336,-1.635788,0.0,0.0
C21B,2020-07-27,-64.9833,95.8667,24.0,-5.082138,1.5926056,0.0,0.0
C21B,2020-07-28,-64.9833,95.8667,24.0,0.935379,3.0416412,0.0,0.0
C21B,2020-07-29,-64.9833,95.8667,24.0,12.933044,1.0579376,0.0,0.0
C21B,2020-07-30,-64.9833,95.8667,24.0,-0.36543274,-0.8779297,0.0,0.0
C21B,2020-07-31,-64.9833,95.8667,24.0,-2.450714,2.676712,0.0,0.0
C21B,2020-08-01,-64.9833,95.8667,24.0,-8.077545,-4.6891327,0.0,0.0
C21B,2020-08-02,-64.9833,95.8667,24.0,3.8554535,-17.479706,0.0,0.0
C21B,2020-08-03,-64.9833,95.8667,24.0,-15.392868,4.6586914,0.0,0.0
C21B,2020-08-04,-64.9833,95.8667,24.0,-13.004715,1.7199249,0.0,0.0
C21B,2020-08-05,-64.9833,95.8667,24.0,-14.683197,-2.531067,0.0,0.0
C21B,2020-08-06,-64.9833,95.8667,24.0,-4.874817,6.757202,0.0,0.0
C21B,2020-08-07,-64.9833,95.8667,24.0,-4.0661774,6.5346375,0.0,0.0
C21B,2020-08-08,-64.9833,95.8667,24.0,6.496216,1.138855,0.0,0.0
C21B,2020-08-09,-64.9833,95.8667,24.0,2.1697998,-0.9798889,0.0,0.0
C21B,2020-08-10,-64.9833,95.8667,24.0,-6.145996,3.0878906,0.0,0.0
C21B,2020-08-11,-64.9833,95.8667,24.0,-23.767181,2.0714417,0.0,0.0
C21B,2020-08-12,-64.9833,95.8667,24.0,-10.508484,-3.6908722,0.0,0.0
C21B,2020-08-13,-64.9833,95.8667,24.0,-3.9668732,1.5759735,0.0,0.0
C21B,2020-08-14,-64.9833,95.8667,24.0,-5.607025,2.6141357,0.0,0.0
C21B,2020-08-15,-64.9833,95.8667,24.0,-6.151932,-0.86135864,0.0,0.0
C21B,2020-08-16,-64.9833,95.8667,24.0,-14.4908905,-2.6838684,0.0,0.0
C21B,2020-08-17,-64.9833,95.8667,24.0,-10.486969,-2.9464874,0.0,0.0
C21B,2020-08-18,-64.9833,95.8667,24.0,-16.75914,-2.8223572,0.0,0.0
C21B,2020-08-19,-64.9833,95.8667,24.0,-9.743683,-1.496994,0.0,0.0
C21B,2020-08-20,-64.9833,95.8667,24.0,-16.457275,4.8353577,0.0,0.0
C21B,2020-08-21,-64.9833,95.8667,24.0,-4.378662,-4.415909,0.0,0.0
C21B,2020-08-22,-64.9833,95.8667,24.0,-2.7048798,3.5947723,0.0,0.0
C21B,2020-08-23,-64.9833,95.8667,24.0,1.087677,2.2414856,0.0,0.0
C21B,2020-08-24,-64.9833,95.8667,24.0,-6.3661194,2.4131927,0.0,0.0
C21B,2020-08-25,-64.9833,95.8667,24.0,-15.672638,1.9288483,0.0,0.0
C21B,2020-08-26,-64.9833,95.8667,24.0,-16.888596,4.1618347,0.0,0.0
C21B,2020-08-27,-64.9833,95.8667,24.0,-8.400223,6.872299,0.0,0.0
C21B,2020-08-28,-64.9833,95.8667,24.0,-3.9087524,3.0658875,0.0,0.0
C21B,2020-08-29,-64.9833,95.8667,24.0,-0.8303833,3.7705383,0.0,0.0
C21B,2020-08-30,-64.9833,95.8667,24.0,4.4398346,3.5904388,0.0,0.0
C21B,2020-08-31,-64.9833,95.8667,24.0,-4.536789,0.23405457,0.0,0.0
C21B,2020-09-01,-64.9833,95.8667,24.0,-8.193558,4.933655,0.0,0.0
C21B,2020-09-02,-64.9833,95.8667,24.0,-8.193558,4.933655,0.0,0.0
C21B,2020-09-03,-64.9833,95.8667,24.0,-8.193558,4.933655,0.0,0.0
C21B,2020-09-04,-64.9833,95.8667,24.0,-8.193558,4.933655,0.0,0.0
C21B,2020-09-05,-64.9833,95.8667,24.0,-8.193558,4.933655,0.0,0.0
C21B,2020-09-06,-64.9833,95.8667,24.0,-8.193558,4.933655,0.0,0.0
C21B,2020-09-07,-64.9833,95.8667,24.0,-8.193558,4.933655,0.0,0.0
C21B,2020-09-08,-64.9833,95.8667,24.0,-8.193558,4.933655,0.0,0.0
C21B,2020-09-09,-64.9833,95.8667,24.0,-8.193558,4.933655,0.0,0.0
C21B,2020-09-10,-64.9833,95.8667,24.0,-8.193558,4.933655,0.0,0.0
C21B,2020-09-11,-64.9833,95.8667,24.0,-8.193558,4.933655,0.0,0.0
C21B,2020-09-12,-64.9833,95.8667,24.0,-8.193558,4.933655,0.0,0.0
C21B,2020-09-13,-64.9833,95.8667,24.0,-8.193558,4.933655,0.0,0.0
C21B,2020-09-14,-64.9833,95.8667,24.0,-8.193558,4.933655,0.0,0.0
C21B,2020-09-15,-64.9833,95.8667,24.0,-8.193558,4.933655,0.0,0.0
C21B,2020-09-16,-64.9833,95.8667,24.0,-8.193558,4.933655,0.0,0.0
C21B,2020-09-17,-64.9833,95.8667,24.0,-8.193558,4.933655,0.0,0.0
C21B,2020-09-18,-64.9833,95.8667,24.0,-8.193558,4.933655,0.0,0.0
C21B,2020-09-19,-64.9833,95.8667,24.0,-8.193558,4.933655,0.0,0.0
C21B,2020-09-20,-64.9833,95.8667,24.0,-8.193558,4.933655,0.0,0.0
C21B,2020-09-21,-64.9833,95.8667,24.0,-8.193558,4.933655,0.0,0.0
C21B,2020-09-22,-64.9833,95.8667,24.0,-8.193558,4.933655,0.0,0.0
C21B,2020-09-23,-64.9833,95.8667,24.0,-8.193558,4.933655,0.0,0.0
C21B,2020-09-24,-64.9833,95.8667,24.0,-8.193558,4.933655,0.0,0.0
C21B,2020-09-25,-64.9833,95.8667,24.0,-8.193558,4.933655,0.0,0.0
C21B,2020-10-10,-64.9833,95.8667,24.0,-8.193558,4.933655,0.0,0.0
C21B,2020-10-11,-64.9833,95.8667,24.0,-8.193558,4.933655,0.0,0.0
C21B,2020-10-12,-64.9833,95.8667,24.0,-8.193558,4.933655,0.0,0.0
C21B,2020-10-13,-64.9833,95.8667,24.0,-8.193558,4.933655,0.0,0.0
C21B,2020-10-14,-64.9833,95.8667,24.0,-8.193558,4.933655,0.0,0.0
C21B,2020-10-15,-64.9833,95.8667,24.0,-8.193558,4.933655,0.0,0.0
C21B,2020-10-16,-64.9833,95.8667,24.0,-8.193558,4.933655,0.0,0.0
C21B,2020-10-17,-64.9833,95.8667,24.0,-8.193558,4.933655,0.0,0.0
C21B,2020-10-18,-64.9833,95.8667,24.0,-8.193558,4.933655,0.0,0.0
C21B,2020-10-19,-64.9833,95.8667,24.0,-8.193558,4.933655,0.0,0.0
C21B,2020-10-20,-64.9833,95.8667,24.0,-8.193558,4.933655,0.0,0.0
C21B,2020-10-21,-64.9833,95.8667,24.0,-8.193558,4.933655,0.0,0.0
C21B,2020-10-22,-64.9833,95.8667,24.0,-8.193558,4.933655,0.0,0.0
C21B,2020-10-23,-64.9833,95.8667,24.0,-8.193558,4.933655,0.0,0.0
C21B,2020-10-24,-64.9833,95.8667,24.0,-8.193558,4.933655,0.0,0.0
C21B,2020-10-25,-64.9833,95.8667,24.0,-8.193558,4.933655,0.0,0.0
C21B,2020-10-26,-64.9833,95.8667,24.0,-8.193558,4.933655,0.0,0.0
C21B,2020-10-27,-64.9833,95.8667,24.0,-8.193558,4.933655,0.0,0.0
C21B,2020-10-28,-64.9833,95.8667,24.0,-8.193558,4.933655,0.0,0.0
C21B,2020-10-29,-64.9833,95.8667,24.0,-8.193558,4.933655,0.0,0.0
C21B,2020-10-30,-64.9833,95.8667,24.0,-8.193558,4.933655,0.0,0.0
C21B,2020-10-31,-64.9833,95.8667,24.0,-8.193558,4.933655,0.0,0.0
C21B,2020-11-01,-64.9833,95.8667,24.0,-8.193558,4.933655,0.0,0.0
C21B,2020-11-02,-64.9833,95.8667,24.0,-8.193558,4.933655,0.0,0.0
C21B,2020-11-03,-64.9833,95.8667,24.0,-8.193558,4.933655,0.0,0.0
C21B,2020-11-04,-64.9833,95.8667,24.0,-8.193558,4.933655,0.0,0.0
C21B,2020-11-05,-64.9833,95.8667,24.0,-8.193558,4.933655,0.0,0.0
C21B,2020-11-06,-64.9833,95.8667,24.0,-8.193558,4.933655,0.0,0.0
C21B,2020-11-07,-64.9837,95.8663,24.0,-8.193558,4.933655,-0.00021731131833871163,-0.0005138888888876912
C24,2020-01-01,-64.8333,96.0304,24.0,-1.2341461,3.4407349,0.0025131291078526645,0.0
C24,2020-01-02,-64.8333,96.0325,24.0,-1.2341461,3.4407349,0.0011472980709763853,0.0
C24,2020-01-03,-64.8333,96.0333,24.0,-1.2341461,3.4407349,0.0004370659317997883,0.0
C24,2020-01-04,-64.8333,96.0324,24.0,-1.2341461,3.4407349,-0.0004916991732767028,0.0
C24,2020-01-05,-64.8333,96.03,24.0,-1.2341461,3.4407349,-0.001311197795399365,0.0
C24,2020-01-06,-64.8333,96.0268,24.0,-1.2341461,3.4407349,-0.0017482637272069168,0.0
C24,2020-01-07,-64.8333,96.0232,24.0,-1.2341461,3.4407349,-0.0019667966930990476,0.0
C24,2020-01-08,-64.8333,96.02,24.0,-1.2341461,3.4407349,-0.0017482637272069168,0.0
C24,2020-01-09,-64.8333,96.0176,24.0,-1.2341461,3.4407349,-0.001311197795399365,0.0
C24,2020-01-10,-64.8333,96.0167,24.0,-1.2341461,3.4407349,-0.0004916991732767028,0.0
C24,2020-01-11,-64.8333,96.0167,24.0,-1.2341461,3.4407349,0.0,0.0
C24,2020-01-12,-64.8333,96.0167,24.0,-1.2341461,3.4407349,0.0,0.0
C24,2020-01-13,-64.8333,96.0167,24.0,-1.2341461,3.4407349,0.0,0.0
C24,2020-01-14,-64.8333,96.0167,24.0,-1.2341461,3.4407349,0.0,0.0
C24,2020-01-15,-64.8333,96.0167,24.0,-1.2341461,3.4407349,0.0,0.0
C24,2020-01-16,-64.8333,96.0167,24.0,-1.2341461,3.4407349,0.0,0.0
C24,2020-01-17,-64.8333,96.0167,24.0,-1.2341461,3.4407349,0.0,0.0
C24,2020-01-18,-64.8333,96.0167,24.0,-1.2341461,3.4407349,0.0,0.0
C24,2020-01-19,-64.8333,96.0167,24.0,-1.2341461,3.4407349,0.0,0.0
C24,2020-01-20,-64.8333,96.0167,24.0,-1.2341461,3.4407349,0.0,0.0
C24,2020-01-21,-64.8333,96.0167,24.0,-1.2341461,3.4407349,0.0,0.0
C24,2020-01-22,-64.8333,96.0167,24.0,-1.2341461,3.4407349,0.0,0.0
C24,2020-01-23,-64.8333,96.0167,24.0,-1.2341461,3.4407349,0.0,0.0
C24,2020-01-24,-64.8333,96.0167,24.0,-1.2341461,3.4407349,0.0,0.0
C24,2020-01-25,-64.8333,96.0167,24.0,-1.2341461,3.4407349,0.0,0.0
C24,2020-01-26,-64.8333,96.0167,24.0,-1.2341461,3.4407349,0.0,0.0
C24,2020-01-27,-64.8333,96.0167,24.0,-1.2341461,3.4407349,0.0,0.0
C24,2020-01-28,-64.8333,96.0167,24.0,-1.2341461,3.4407349,0.0,0.0
C24,2020-01-29,-64.8333,96.0167,24.0,-1.2341461,3.4407349,0.0,0.0
C24,2020-01-30,-64.8333,96.0167,24.0,-1.2341461,3.4407349,0.0,0.0
C24,2020-01-31,-64.8333,96.0167,24.0,-1.2341461,3.4407349,0.0,0.0
C24,2020-02-01,-64.8333,96.0167,24.0,-1.2341461,3.4407349,0.0,0.0
C24,2020-02-02,-64.8333,96.0167,24.0,-1.2341461,3.4407349,0.0,0.0
C24,2020-02-03,-64.8333,96.0167,24.0,-1.2341461,3.4407349,0.0,0.0
C24,2020-02-04,-64.8333,96.0167,24.0,-1.2341461,3.4407349,0.0,0.0
C24,2020-02-05,-64.8333,96.0167,24.0,-1.2341461,3.4407349,0.0,0.0
C24,2020-02-06,-64.8333,96.0167,24.0,-1.2341461,3.4407349,0.0,0.0
C24,2020-02-07,-64.8333,96.0167,24.0,-1.2341461,3.4407349,0.0,0.0
C24,2020-02-08,-64.8333,96.0167,24.0,-1.2341461,3.4407349,0.0,0.0
C24,2020-02-09,-64.8333,96.0167,24.0,-1.2341461,3.4407349,0.0,0.0
C24,2020-02-10,-64.8333,96.0167,24.0,-1.2341461,3.4407349,0.0,0.0
C24,2020-02-11,-64.8333,96.0167,24.0,-1.2341461,3.4407349,0.0,0.0
C24,2020-02-12,-64.8333,96.0167,24.0,-1.2341461,3.4407349,0.0,0.0
C24,2020-02-13,-64.8333,96.0167,24.0,-1.2341461,3.4407349,0.0,0.0
C24,2020-02-14,-64.8333,96.0167,24.0,-1.2341461,3.4407349,0.0,0.0
C24,2020-02-15,-64.8333,96.0167,24.0,-1.2341461,3.4407349,0.0,0.0
C24,2020-02-16,-64.8333,96.0167,24.0,-1.2341461,3.4407349,0.0,0.0
C24,2020-02-17,-64.8333,96.0167,24.0,-1.2341461,3.4407349,0.0,0.0
C24,2020-02-18,-64.8333,96.0167,24.0,-1.2341461,3.4407349,0.0,0.0
C24,2020-02-19,-64.8333,96.0167,24.0,-1.2341461,3.4407349,0.0,0.0
C24,2020-02-20,-64.8333,96.0167,24.0,-1.2341461,3.4407349,0.0,0.0
C24,2020-02-21,-64.8333,96.0167,24.0,-1.2341461,3.4407349,0.0,0.0
C24,2020-02-22,-64.8333,96.0167,24.0,-1.2341461,3.4407349,0.0,0.0
C24,2020-02-23,-64.8333,96.0167,24.0,-1.2341461,3.4407349,0.0,0.0
C24,2020-02-24,-64.8333,96.0167,24.0,-1.2341461,3.4407349,0.0,0.0
C24,2020-02-25,-64.8333,96.0167,24.0,-1.2341461,3.4407349,0.0,0.0
C24,2020-02-26,-64.8333,96.0167,24.0,-1.2341461,3.4407349,0.0,0.0
C24,2020-02-27,-64.8333,96.0167,24.0,-1.2341461,3.4407349,0.0,0.0
C24,2020-02-28,-64.8333,96.0167,24.0,-1.2341461,3.4407349,0.0,0.0
C24,2020-02-29,-64.8333,96.0167,24.0,-1.2341461,3.4407349,0.0,0.0
C24,2020-03-01,-64.8333,96.0167,24.0,-1.2341461,3.4407349,0.0,0.0
C24,2020-03-02,-64.8333,96.0167,24.0,-1.2341461,3.4407349,0.0,0.0
C24,2020-03-03,-64.8333,96.0167,24.0,-1.2341461,3.4407349,0.0,0.0
C24,2020-03-04,-64.8333,96.0167,24.0,-1.2341461,3.4407349,0.0,0.0
C24,2020-03-05,-64.8333,96.0167,24.0,-1.2341461,3.4407349,0.0,0.0
C24,2020-03-06,-64.8333,96.0167,24.0,-1.2341461,3.4407349,0.0,0.0
C24,2020-03-07,-64.8333,96.0167,24.0,-1.2341461,3.4407349,0.0,0.0
C24,2020-03-08,-64.8333,96.0167,24.0,-1.2341461,3.4407349,0.0,0.0
C24,2020-03-09,-64.8333,96.0167,24.0,-1.2341461,3.4407349,0.0,0.0
C24,2020-03-10,-64.8333,96.0167,24.0,-1.2341461,3.4407349,0.0,0.0
C24,2020-03-11,-64.8333,96.0167,24.0,-1.2341461,3.4407349,0.0,0.0
C24,2020-03-12,-64.8333,96.0167,24.0,-1.2341461,3.4407349,0.0,0.0
C24,2020-03-13,-64.8333,96.0167,24.0,-1.2341461,3.4407349,0.0,0.0
C24,2020-03-14,-64.8333,96.0167,24.0,-1.2341461,3.4407349,0.0,0.0
C24,2020-03-15,-64.8333,96.0167,24.0,-1.2341461,3.4407349,0.0,0.0
C24,2020-03-16,-64.8333,96.0167,24.0,-1.2341461,3.4407349,0.0,0.0
C24,2020-03-17,-64.8333,96.0167,24.0,-1.2341461,3.4407349,0.0,0.0
C24,2020-03-18,-64.8333,96.0167,24.0,-1.2341461,3.4407349,0.0,0.0
C24,2020-03-19,-64.8333,96.0167,24.0,-1.2341461,3.4407349,0.0,0.0
C24,2020-03-20,-64.8333,96.0167,24.0,-1.2341461,3.4407349,0.0,0.0
C24,2020-03-21,-64.8333,96.0167,24.0,-1.2341461,3.4407349,0.0,0.0
C24,2020-03-22,-64.8333,96.0167,24.0,-1.2341461,3.4407349,0.0,0.0
C24,2020-03-23,-64.8333,96.0167,24.0,-1.2341461,3.4407349,0.0,0.0
C24,2020-03-24,-64.8333,96.0167,24.0,-1.2341461,3.4407349,0.0,0.0
C24,2020-03-25,-64.8333,96.0167,24.0,-1.2341461,3.4407349,0.0,0.0
C24,2020-03-26,-64.8333,96.0167,24.0,-1.2341461,3.4407349,0.0,0.0
C24,2020-03-27,-64.8333,96.0167,24.0,-1.2341461,3.4407349,0.0,0.0
C24,2020-03-28,-64.8333,96.0167,24.0,-1.2341461,3.4407349,0.0,0.0
C24,2020-03-29,-64.8333,96.0167,24.0,-1.2341461,3.4407349,0.0,0.0
C24,2020-03-30,-64.8333,96.0167,24.0,-1.2341461,3.4407349,0.0,0.0
C24,2020-03-31,-64.8333,96.0167,24.0,-1.2341461,3.4407349,0.0,0.0
C24,2020-04-01,-64.8333,96.0167,24.0,-1.2341461,3.4407349,0.0,0.0
C24,2020-04-02,-64.8333,96.0167,24.0,-1.2341461,3.4407349,0.0,0.0
C24,2020-04-03,-64.8333,96.0167,24.0,-1.2341461,3.4407349,0.0,0.0
C24,2020-04-04,-64.8333,96.0167,24.0,-1.2341461,3.4407349,0.0,0.0
C24,2020-04-05,-64.8333,96.0167,24.0,-1.2341461,3.4407349,0.0,0.0
C24,2020-04-06,-64.8333,96.0167,24.0,-1.2341461,3.4407349,0.0,0.0
C24,2020-04-07,-64.8333,96.0167,24.0,-1.2341461,3.4407349,0.0,0.0
C24,2020-04-08,-64.8333,96.0167,24.0,-1.2341461,3.4407349,0.0,0.0
C24,2020-04-09,-64.8333,96.0167,24.0,-1.2341461,3.4407349,0.0,0.0
C24,2020-04-10,-64.8333,96.0167,24.0,-1.2341461,3.4407349,0.0,0.0
C24,2020-04-11,-64.8333,96.0167,24.0,-1.2341461,3.4407349,0.0,0.0
C24,2020-04-12,-64.8333,96.0167,24.0,-1.2341461,3.4407349,0.0,0.0
C24,2020-04-13,-64.8333,96.0167,24.0,-1.2341461,3.4407349,0.0,0.0
C24,2020-04-14,-64.8333,96.0167,24.0,-1.2341461,3.4407349,0.0,0.0
C24,2020-04-15,-64.8333,96.0167,24.0,-1.2341461,3.4407349,0.0,0.0
C24,2020-04-16,-64.8333,96.0167,24.0,-1.2341461,3.4407349,0.0,0.0
C24,2020-04-17,-64.8333,96.0167,24.0,-1.2341461,3.4407349,0.0,0.0
C24,2020-04-18,-64.8333,96.0167,24.0,-1.2341461,3.4407349,0.0,0.0
C24,2020-04-19,-64.8333,96.0167,24.0,-1.2341461,3.4407349,0.0,0.0
C24,2020-04-20,-64.8333,96.0167,24.0,-1.2341461,3.4407349,0.0,0.0
C24,2020-04-21,-64.8333,96.0167,24.0,-1.2341461,3.4407349,0.0,0.0
C24,2020-04-22,-64.8333,96.0167,24.0,-1.2341461,3.4407349,0.0,0.0
C24,2020-04-23,-64.8333,96.0167,24.0,-1.2341461,3.4407349,0.0,0.0
C24,2020-04-24,-64.8333,96.0167,24.0,-1.2341461,3.4407349,0.0,0.0
C24,2020-04-25,-64.8333,96.0167,24.0,-1.2341461,3.4407349,0.0,0.0
C24,2020-04-26,-64.8333,96.0167,24.0,-1.2341461,3.4407349,0.0,0.0
C24,2020-04-27,-64.8333,96.0167,24.0,-1.2341461,3.4407349,0.0,0.0
C24,2020-04-28,-64.8333,96.0167,24.0,-1.2341461,3.4407349,0.0,0.0
C24,2020-04-29,-64.8333,96.0167,24.0,-1.2341461,3.4407349,0.0,0.0
C24,2020-04-30,-64.8333,96.0167,24.0,-1.2341461,3.4407349,0.0,0.0
C24,2020-05-01,-64.8333,96.0167,24.0,-1.2341461,3.4407349,0.0,0.0
C24,2020-05-02,-64.8333,96.0167,24.0,-1.2341461,3.4407349,0.0,0.0
C24,2020-05-03,-64.8333,96.0167,24.0,-1.2341461,3.4407349,0.0,0.0
C24,2020-05-04,-64.8333,96.0167,24.0,-1.2341461,3.4407349,0.0,0.0
C24,2020-05-05,-64.8333,96.0167,24.0,-1.2341461,3.4407349,0.0,0.0
C24,2020-05-06,-64.8333,96.0167,24.0,-1.2341461,3.4407349,0.0,0.0
C24,2020-05-07,-64.8333,96.0167,24.0,-1.2341461,3.4407349,0.0,0.0
C24,2020-05-08,-64.8333,96.0167,24.0,-1.2341461,3.4407349,0.0,0.0
C24,2020-05-09,-64.8333,96.0167,24.0,-1.2341461,3.4407349,0.0,0.0
C24,2020-05-10,-64.8333,96.0167,24.0,-1.2341461,3.4407349,0.0,0.0
C24,2020-05-11,-64.8333,96.0167,24.0,-1.2341461,3.4407349,0.0,0.0
C24,2020-05-12,-64.8333,96.0167,24.0,-1.2341461,3.4407349,0.0,0.0
C24,2020-05-13,-64.8333,96.0167,24.0,-1.2341461,3.4407349,0.0,0.0
C24,2020-05-14,-64.8333,96.0167,24.0,-1.2341461,3.4407349,0.0,0.0
C24,2020-05-15,-64.8333,96.0167,24.0,-1.2341461,3.4407349,0.0,0.0
C24,2020-05-16,-64.8333,96.0167,24.0,-1.2341461,3.4407349,0.0,0.0
C24,2020-05-17,-64.8333,96.0167,24.0,-1.2341461,3.4407349,0.0,0.0
C24,2020-05-18,-64.8333,96.0167,24.0,-1.2341461,3.4407349,0.0,0.0
C24,2020-05-19,-64.8333,96.0167,24.0,-1.2341461,3.4407349,0.0,0.0
C24,2020-05-20,-64.8333,96.0167,24.0,-1.2341461,3.4407349,0.0,0.0
C24,2020-05-21,-64.8333,96.0167,24.0,-1.2341461,3.4407349,0.0,0.0
C24,2020-05-22,-64.8333,96.0167,24.0,-1.2341461,3.4407349,0.0,0.0
C24,2020-05-23,-64.8333,96.0167,24.0,-1.2341461,3.4407349,0.0,0.0
C24,2020-05-24,-64.8333,96.0167,24.0,-1.2341461,3.4407349,0.0,0.0
C24,2020-05-25,-64.8333,96.0167,24.0,-1.2341461,3.4407349,0.0,0.0
C24,2020-05-26,-64.8333,96.0167,24.0,-1.2341461,3.4407349,0.0,0.0
C24,2020-05-27,-64.8333,96.0167,24.0,-1.2341461,3.4407349,0.0,0.0
C24,2020-05-28,-64.8333,96.0167,24.0,-1.2341461,3.4407349,0.0,0.0
C24,2020-05-29,-64.8333,96.0167,24.0,-1.2341461,3.4407349,0.0,0.0
C24,2020-05-30,-64.8333,96.0167,24.0,-1.2341461,3.4407349,0.0,0.0
C24,2020-05-31,-64.8333,96.0167,24.0,-1.2341461,3.4407349,0.0,0.0
C24,2020-06-01,-64.8333,96.0167,24.0,-1.2341461,3.4407349,0.0,0.0
C24,2020-06-02,-64.8333,96.0167,24.0,-6.4785614,0.12670898,0.0,0.0
C24,2020-06-03,-64.8333,96.0167,24.0,-2.063568,-4.284668,0.0,0.0
C24,2020-06-04,-64.8333,96.0167,24.0,-9.758362,-1.4065857,0.0,0.0
C24,2020-06-05,-64.8333,96.0167,24.0,-5.441437,-7.725647,0.0,0.0
C24,2020-06-06,-64.8333,96.0167,24.0,-1.0419617,-11.004654,0.0,0.0
C24,2020-06-07,-64.8333,96.0167,24.0,-12.473572,0.067993164,0.0,0.0
C24,2020-06-08,-64.8333,96.0167,24.0,-1.8488617,5.5269623,0.0,0.0
C24,2020-06-09,-64.8333,96.0167,24.0,-6.482498,2.6694183,0.0,0.0
C24,2020-06-10,-64.8333,96.0167,24.0,-16.015427,1.4619751,0.0,0.0
C24,2020-06-11,-64.8333,96.0167,24.0,-15.628387,2.017624,0.0,0.0
C24,2020-06-12,-64.8333,96.0167,24.0,-16.63823,-1.0755463,0.0,0.0
C24,2020-06-13,-64.8333,96.0167,24.0,-7.60878,5.744751,0.0,0.0
C24,2020-06-14,-64.8333,96.0167,24.0,-3.1410828,5.5657806,0.0,0.0
C24,2020-06-15,-64.8333,96.0167,24.0,4.4930267,0.18695068,0.0,0.0
C24,2020-06-16,-64.8333,96.0167,24.0,-0.018081665,3.7189178,0.0,0.0
C24,2020-06-17,-64.8333,96.0167,24.0,2.331955,4.500412,0.0,0.0
C24,2020-06-18,-64.8333,96.0167,24.0,-9.941528,2.8082123,0.0,0.0
C24,2020-06-19,-64.8333,96.0167,24.0,-3.4230347,-5.505615,0.0,0.0
C24,2020-06-20,-64.8333,96.0167,24.0,2.4269714,-1.764267,0.0,0.0
C24,2020-06-21,-64.8333,96.0167,24.0,-5.681305,6.848984,0.0,0.0
C24,2020-06-22,-64.8333,96.0167,24.0,-6.7586517,6.905594,0.0,0.0
C24,2020-06-23,-64.8333,96.0167,24.0,-7.658081,6.21492,0.0,0.0
C24,2020-06-24,-64.8333,96.0167,24.0,-6.0734863,5.756546,0.0,0.0
C24,2020-06-25,-64.8333,96.0167,24.0,-6.797699,7.919388,0.0,0.0
C24,2020-06-26,-64.8333,96.0167,24.0,-5.9202423,6.7164307,0.0,0.0
C24,2020-06-27,-64.8333,96.0167,24.0,-1.0899048,5.2852783,0.0,0.0
C24,2020-06-28,-64.8333,96.0167,24.0,-6.9895325,-1.0513153,0.0,0.0
C24,2020-06-29,-64.8333,96.0167,24.0,-5.802826,0.87028503,0.0,0.0
C24,2020-06-30,-64.8333,96.0167,24.0,-6.064209,0.9537506,0.0,0.0
C24,2020-07-01,-64.8333,96.0167,24.0,-10.229782,1.3536682,0.0,0.0
C24,2020-07-02,-64.8333,96.0167,24.0,-5.344391,4.1996155,0.0,0.0
C24,2020-07-03,-64.8333,96.0167,24.0,5.0511475,5.4188232,0.0,0.0
C24,2020-07-04,-64.8333,96.0167,24.0,9.894852,2.7587433,0.0,0.0
C24,2020-07-05,-64.8333,96.0167,24.0,10.6306305,1.7260284,0.0,0.0
C24,2020-07-06,-64.8333,96.0167,24.0,9.759384,-3.185196,0.0,0.0
C24,2020-07-07,-64.8333,96.0167,24.0,14.873108,2.487976,0.0,0.0
C24,2020-07-08,-64.8333,96.0167,24.0,3.066162,0.819397,0.0,0.0
C24,2020-07-09,-64.8333,96.0167,24.0,-6.718811,4.172928,0.0,0.0
C24,2020-07-10,-64.8333,96.0167,24.0,-19.555664,-0.52149963,0.0,0.0
C24,2020-07-11,-64.8333,96.0167,24.0,-13.425583,-1.6427002,0.0,0.0
C24,2020-07-12,-64.8333,96.0167,24.0,-9.798798,2.7637787,0.0,0.0
C24,2020-07-13,-64.8333,96.0167,24.0,-8.336029,2.856186,0.0,0.0
C24,2020-07-14,-64.8333,96.0167,24.0,-1.902359,6.7071075,0.0,0.0
C24,2020-07-15,-64.8333,96.0167,24.0,0.20152283,3.6551666,0.0,0.0
C24,2020-07-16,-64.8333,96.0167,24.0,-13.2313385,-0.19430542,0.0,0.0
C24,2020-07-17,-64.8333,96.0167,24.0,-8.314438,-0.97454834,0.0,0.0
C24,2020-07-18,-64.8333,96.0167,24.0,-9.4266205,-0.36483765,0.0,0.0
C24,2020-07-19,-64.8333,96.0167,24.0,-19.445663,-1.0853882,0.0,0.0
C24,2020-07-20,-64.8333,96.0167,24.0,-1.8401489,-7.988785,0.0,0.0
C24,2020-07-21,-64.8333,96.0167,24.0,-9.560242,-2.8648987,0.0,0.0
C24,2020-07-22,-64.8333,96.0167,24.0,-8.262131,-10.32164,0.0,0.0
C24,2020-07-23,-64.8333,96.0167,24.0,-11.320709,4.4062653,0.0,0.0
C24,2020-07-24,-64.8333,96.0167,24.0,-12.337524,2.415039,0.0,0.0
C24,2020-07-25,-64.8333,96.0167,24.0,-13.166611,1.6325684,0.0,0.0
C24,2020-07-26,-64.8333,96.0167,24.0,-9.929016,-1.5215302,0.0,0.0
C24,2020-07-27,-64.8333,96.0167,24.0,-5.800888,2.107254,0.0,0.0
C24,2020-07-28,-64.8333,96.0167,24.0,-0.16325378,3.7369537,0.0,0.0
C24,2020-07-29,-64.8333,96.0167,24.0,12.965271,1.1448517,0.0,0.0
C24,2020-07-30,-64.8333,96.0167,24.0,-0.17012024,-1.2177734,0.0,0.0
C24,2020-07-31,-64.8333,96.0167,24.0,-3.0014954,3.357376,0.0,0.0
C24,2020-08-01,-64.8333,96.0167,24.0,-7.870514,-4.7135468,0.0,0.0
C24,2020-08-02,-64.8333,96.0167,24.0,5.2480316,-17.855682,0.0,0.0
C24,2020-08-03,-64.8333,96.0167,24.0,-15.328415,5.1225586,0.0,0.0
C24,2020-08-04,-64.8333,96.0167,24.0,-11.618973,0.23554993,0.0,0.0
C24,2020-08-05,-64.8333,96.0167,24.0,-13.043549,-3.3728638,0.0,0.0
C24,2020-08-06,-64.8333,96.0167,24.0,-1.1970825,6.105835,0.0,0.0
C24,2020-08-07,-64.8333,96.0167,24.0,-4.433365,7.1528015,0.0,0.0
C24,2020-08-08,-64.8333,96.0167,24.0,6.6436768,0.6613159,0.0,0.0
C24,2020-08-09,-64.8333,96.0167,24.0,7.843628,-0.9066467,0.0,0.0
C24,2020-08-10,-64.8333,96.0167,24.0,-5.5317383,3.0283203,0.0,0.0
C24,2020-08-11,-64.8333,96.0167,24.0,-23.695892,1.9767151,0.0,0.0
C24,2020-08-12,-64.8333,96.0167,24.0,-8.951843,-2.780716,0.0,0.0
C24,2020-08-13,-64.8333,96.0167,24.0,-3.3750763,1.0105438,0.0,0.0
C24,2020-08-14,-64.8333,96.0167,24.0,-4.7154236,2.3397217,0.0,0.0
C24,2020-08-15,-64.8333,96.0167,24.0,-6.69783,-1.5908508,0.0,0.0
C24,2020-08-16,-64.8333,96.0167,24.0,-14.0065155,-3.7082825,0.0,0.0
C24,2020-08-17,-64.8333,96.0167,24.0,-8.661774,-3.6828156,0.0,0.0
C24,2020-08-18,-64.8333,96.0167,24.0,-15.961288,-2.2471619,0.0,0.0
C24,2020-08-19,-64.8333,96.0167,24.0,-9.011261,-1.9872284,0.0,0.0
C24,2020-08-20,-64.8333,96.0167,24.0,-14.003174,4.6234436,0.0,0.0
C24,2020-08-21,-64.8333,96.0167,24.0,-4.220459,-4.90419,0.0,0.0
C24,2020-08-22,-64.8333,96.0167,24.0,-3.4792938,4.251999,0.0,0.0
C24,2020-08-23,-64.8333,96.0167,24.0,3.5896301,2.5969543,0.0,0.0
C24,2020-08-24,-64.8333,96.0167,24.0,-4.8700256,0.73057556,0.0,0.0
C24,2020-08-25,-64.8333,96.0167,24.0,-16.03592,1.9552155,0.0,0.0
C24,2020-08-26,-64.8333,96.0167,24.0,-17.123947,3.8141785,0.0,0.0
C24,2020-08-27,-64.8333,96.0167,24.0,-10.913895,5.8849945,0.0,0.0
C24,2020-08-28,-64.8333,96.0167,24.0,-5.1714478,3.127411,0.0,0.0
C24,2020-08-29,-64.8333,96.0167,24.0,0.82977295,4.0849915,0.0,0.0
C24,2020-08-30,-64.8333,96.0167,24.0,4.9574127,3.9869232,0.0,0.0
C24,2020-08-31,-64.8333,96.0167,24.0,-2.911789,-0.9202423,0.0,0.0
C24,2020-09-01,-64.8333,96.0167,24.0,-7.3703156,3.8516235,0.0,0.0
C24,2020-09-02,-64.8333,96.0167,24.0,-7.3703156,3.8516235,0.0,0.0
C24,2020-09-03,-64.8333,96.0167,24.0,-7.3703156,3.8516235,0.0,0.0
C24,2020-09-04,-64.8333,96.0167,24.0,-7.3703156,3.8516235,0.0,0.0
C24,2020-09-05,-64.8333,96.0167,24.0,-7.3703156,3.8516235,0.0,0.0
C24,2020-09-06,-64.8333,96.0167,24.0,-7.3703156,3.8516235,0.0,0.0
C24,2020-09-07,-64.8333,96.0167,24.0,-7.3703156,3.8516235,0.0,0.0
C24,2020-09-08,-64.8333,96.0167,24.0,-7.3703156,3.8516235,0.0,0.0
C24,2020-09-09,-64.8333,96.0167,24.0,-7.3703156,3.8516235,0.0,0.0
C24,2020-09-10,-64.8333,96.0167,24.0,-7.3703156,3.8516235,0.0,0.0
C24,2020-09-11,-64.8333,96.0167,24.0,-7.3703156,3.8516235,0.0,0.0
C24,2020-09-12,-64.8333,96.0167,24.0,-7.3703156,3.8516235,0.0,0.0
C24,2020-09-13,-64.8333,96.0167,24.0,-7.3703156,3.8516235,0.0,0.0
C24,2020-09-14,-64.8333,96.0167,24.0,-7.3703156,3.8516235,0.0,0.0
C24,2020-09-15,-64.8333,96.0167,24.0,-7.3703156,3.8516235,0.0,0.0
C24,2020-09-16,-64.8333,96.0167,24.0,-7.3703156,3.8516235,0.0,0.0
C24,2020-09-17,-64.8333,96.0167,24.0,-7.3703156,3.8516235,0.0,0.0
C24,2020-09-18,-64.8333,96.0167,24.0,-7.3703156,3.8516235,0.0,0.0
C24,2020-09-19,-64.8333,96.0167,24.0,-7.3703156,3.8516235,0.0,0.0
C24,2020-09-20,-64.8333,96.0167,24.0,-7.3703156,3.8516235,0.0,0.0
C24,2020-09-21,-64.8333,96.0167,24.0,-7.3703156,3.8516235,0.0,0.0
C24,2020-09-22,-64.8333,96.0167,24.0,-7.3703156,3.8516235,0.0,0.0
C24,2020-09-23,-64.8333,96.0167,24.0,-7.3703156,3.8516235,0.0,0.0
C24,2020-09-24,-64.8333,96.0167,24.0,-7.3703156,3.8516235,0.0,0.0
C24,2020-09-25,-64.8333,96.0167,24.0,-7.3703156,3.8516235,0.0,0.0
C24,2020-10-10,-64.8333,96.0167,24.0,-7.3703156,3.8516235,0.0,0.0
C24,2020-10-11,-64.8333,96.0167,24.0,-7.3703156,3.8516235,0.0,0.0
C24,2020-10-12,-64.8333,96.0167,24.0,-7.3703156,3.8516235,0.0,0.0
C24,2020-10-13,-64.8333,96.0167,24.0,-7.3703156,3.8516235,0.0,0.0
C24,2020-10-14,-64.8333,96.0167,24.0,-7.3703156,3.8516235,0.0,0.0
C24,2020-10-15,-64.8333,96.0167,24.0,-7.3703156,3.8516235,0.0,0.0
C24,2020-10-16,-64.8333,96.0167,24.0,-7.3703156,3.8516235,0.0,0.0
C24,2020-10-17,-64.8333,96.0167,24.0,-7.3703156,3.8516235,0.0,0.0
C24,2020-10-18,-64.8333,96.0167,24.0,-7.3703156,3.8516235,0.0,0.0
C24,2020-10-19,-64.8333,96.0167,24.0,-7.3703156,3.8516235,0.0,0.0
C24,2020-10-20,-64.8333,96.0167,24.0,-7.3703156,3.8516235,0.0,0.0
C24,2020-10-21,-64.8333,96.0167,24.0,-7.3703156,3.8516235,0.0,0.0
C24,2020-10-22,-64.8333,96.0167,24.0,-7.3703156,3.8516235,0.0,0.0
C24,2020-10-23,-64.8333,96.0167,24.0,-7.3703156,3.8516235,0.0,0.0
C24,2020-10-24,-64.8333,96.0167,24.0,-7.3703156,3.8516235,0.0,0.0
C24,2020-10-25,-64.8333,96.0167,24.0,-7.3703156,3.8516235,0.0,0.0
C24,2020-10-26,-64.8333,96.0167,24.0,-7.3703156,3.8516235,0.0,0.0
C24,2020-10-27,-64.8333,96.0167,24.0,-7.3703156,3.8516235,0.0,0.0
C24,2020-10-28,-64.8333,96.0167,24.0,-7.3703156,3.8516235,0.0,0.0
C24,2020-10-29,-64.8333,96.0167,24.0,-7.3703156,3.8516235,0.0,0.0
C24,2020-10-30,-64.8333,96.0167,24.0,-7.3703156,3.8516235,0.0,0.0
C24,2020-10-31,-64.8333,96.0167,24.0,-7.3703156,3.8516235,0.0,0.0
C24,2020-11-01,-64.8333,96.0167,24.0,-7.3703156,3.8516235,0.0,0.0
C24,2020-11-02,-64.8333,96.0167,24.0,-7.3703156,3.8516235,0.0,0.0
C24,2020-11-03,-64.8333,96.0167,24.0,-7.3703156,3.8516235,0.0,0.0
C24,2020-11-04,-64.8333,96.0167,24.0,-7.3703156,3.8516235,0.0,0.0
C24,2020-11-05,-64.8333,96.0167,24.0,-7.3703156,3.8516235,0.0,0.0
C24,2020-11-06,-64.8333,96.0167,24.0,-7.3703156,3.8516235,0.0,0.0
C29,2020-01-01,-66.1,142.85,24.0,5.216049,-0.124694824,0.0,0.0
C29,2020-01-02,-66.1,142.85,24.0,5.216049,-0.124694824,0.0,0.0
C29,2020-01-03,-66.1,142.85,24.0,5.216049,-0.124694824,0.0,0.0
C29,2020-01-04,-66.1,142.85,24.0,5.216049,-0.124694824,0.0,0.0
C29,2020-01-05,-66.1,142.85,24.0,5.216049,-0.124694824,0.0,0.0
C29,2020-01-06,-66.1,142.85,24.0,5.216049,-0.124694824,0.0,0.0
C29,2020-01-07,-66.1,142.85,24.0,5.216049,-0.124694824,0.0,0.0
C29,2020-01-08,-66.1,142.85,24.0,5.216049,-0.124694824,0.0,0.0
C29,2020-01-09,-66.1,142.85,24.0,5.216049,-0.124694824,0.0,0.0
C29,2020-01-10,-66.1,142.85,24.0,5.216049,-0.124694824,0.0,0.0
C29,2020-01-11,-66.1,142.85,24.0,5.216049,-0.124694824,0.0,0.0
C29,2020-01-12,-66.1,142.85,24.0,5.216049,-0.124694824,0.0,0.0
C29,2020-01-13,-66.1,142.85,24.0,5.216049,-0.124694824,0.0,0.0
C29,2020-01-14,-66.1,142.85,24.0,5.216049,-0.124694824,0.0,0.0
C29,2020-01-15,-66.1,142.85,24.0,5.216049,-0.124694824,0.0,0.0
C29,2020-01-16,-66.1,142.85,24.0,5.216049,-0.124694824,0.0,0.0
C29,2020-01-17,-66.1,142.85,24.0,5.216049,-0.124694824,0.0,0.0
C29,2020-01-18,-66.1,142.85,24.0,5.216049,-0.124694824,0.0,0.0
C29,2020-01-19,-66.1,142.85,24.0,5.216049,-0.124694824,0.0,0.0
C29,2020-01-20,-66.1,142.85,24.0,5.216049,-0.124694824,0.0,0.0
C29,2020-01-21,-66.1,142.85,24.0,5.216049,-0.124694824,0.0,0.0
C29,2020-01-22,-66.1,142.85,24.0,5.216049,-0.124694824,0.0,0.0
C29,2020-01-23,-66.1,142.85,24.0,5.216049,-0.124694824,0.0,0.0
C29,2020-01-24,-66.1,142.85,24.0,5.216049,-0.124694824,0.0,0.0
C29,2020-01-25,-66.1,142.8509,24.0,5.216049,-0.124694824,0.00046844495971497355,0.0
C29,2020-01-26,-66.1,142.8533,24.0,5.216049,-0.124694824,0.0012491865592349984,0.0
C29,2020-01-27,-66.1,142.8566,24.0,5.216049,-0.124694824,0.0017176315189499718,0.0
C29,2020-01-28,-66.1,142.8601,24.0,5.216049,-0.124694824,0.0018217303988899201,0.0
C29,2020-01-29,-66.1,142.8634,24.0,5.216049,-0.124694824,0.0017176315189647653,0.0
C29,2020-01-30,-66.1,142.8658,24.0,5.216049,-0.124694824,0.0012491865592349984,0.0
C29,2020-01-31,-66.1,142.8667,24.0,5.216049,-0.124694824,0.00046844495971497355,0.0
C29,2020-02-01,-66.1,142.8667,24.0,5.216049,-0.124694824,0.0,0.0
C29,2020-02-02,-66.1,142.8667,24.0,5.216049,-0.124694824,0.0,0.0
C29,2020-02-03,-66.1,142.8667,24.0,5.216049,-0.124694824,0.0,0.0
C29,2020-02-04,-66.1,142.8667,24.0,5.216049,-0.124694824,0.0,0.0
C29,2020-02-05,-66.1,142.8667,24.0,5.216049,-0.124694824,0.0,0.0
C29,2020-02-06,-66.1,142.8667,24.0,5.216049,-0.124694824,0.0,0.0
C29,2020-02-07,-66.1,142.8667,24.0,5.216049,-0.124694824,0.0,0.0
C29,2020-02-08,-66.1,142.8667,24.0,5.216049,-0.124694824,0.0,0.0
C29,2020-02-09,-66.1,142.8667,24.0,5.216049,-0.124694824,0.0,0.0
C29,2020-02-10,-66.1,142.8667,24.0,5.216049,-0.124694824,0.0,0.0
C29,2020-02-11,-66.1,142.8667,24.0,5.216049,-0.124694824,0.0,0.0
C29,2020-02-12,-66.1,142.8667,24.0,5.216049,-0.124694824,0.0,0.0
C29,2020-02-13,-66.1,142.8667,24.0,5.216049,-0.124694824,0.0,0.0
C29,2020-02-14,-66.1,142.8667,24.0,5.216049,-0.124694824,0.0,0.0
C29,2020-02-15,-66.1,142.8667,24.0,5.216049,-0.124694824,0.0,0.0
C29,2020-02-16,-66.1,142.8667,24.0,5.216049,-0.124694824,0.0,0.0
C29,2020-02-17,-66.1,142.8667,24.0,5.216049,-0.124694824,0.0,0.0
C29,2020-02-18,-66.1,142.8667,24.0,5.216049,-0.124694824,0.0,0.0
C29,2020-02-19,-66.1,142.8667,24.0,5.216049,-0.124694824,0.0,0.0
C29,2020-02-20,-66.1,142.8667,24.0,5.216049,-0.124694824,0.0,0.0
C29,2020-02-21,-66.1,142.8667,24.0,5.216049,-0.124694824,0.0,0.0
C29,2020-02-22,-66.1,142.8667,24.0,5.216049,-0.124694824,0.0,0.0
C29,2020-02-23,-66.1,142.8667,24.0,5.216049,-0.124694824,0.0,0.0
C29,2020-02-24,-66.1,142.8667,24.0,5.216049,-0.124694824,0.0,0.0
C29,2020-02-25,-66.1,142.8667,24.0,5.216049,-0.124694824,0.0,0.0
C29,2020-02-26,-66.1,142.8667,24.0,5.216049,-0.124694824,0.0,0.0
C29,2020-02-27,-66.1,142.8667,24.0,5.216049,-0.124694824,0.0,0.0
C29,2020-02-28,-66.1,142.8667,24.0,5.216049,-0.124694824,0.0,0.0
C29,2020-02-29,-66.1,142.8667,24.0,5.216049,-0.124694824,0.0,0.0
C29,2020-03-01,-66.1,142.8667,24.0,5.216049,-0.124694824,0.0,0.0
C29,2020-03-02,-66.1,142.8667,24.0,5.216049,-0.124694824,0.0,0.0
C29,2020-03-03,-66.1,142.8667,24.0,5.216049,-0.124694824,0.0,0.0
C29,2020-03-04,-66.1,142.8667,24.0,5.216049,-0.124694824,0.0,0.0
C29,2020-03-05,-66.1,142.8667,24.0,5.216049,-0.124694824,0.0,0.0
C29,2020-03-06,-66.1,142.8667,24.0,5.216049,-0.124694824,0.0,0.0
C29,2020-03-07,-66.1,142.8667,24.0,5.216049,-0.124694824,0.0,0.0
C29,2020-03-08,-66.1,142.8667,24.0,5.216049,-0.124694824,0.0,0.0
C29,2020-03-09,-66.1,142.8667,24.0,5.216049,-0.124694824,0.0,0.0
C29,2020-03-10,-66.1,142.8667,24.0,5.216049,-0.124694824,0.0,0.0
C29,2020-03-11,-66.1,142.8667,24.0,5.216049,-0.124694824,0.0,0.0
C29,2020-03-12,-66.1,142.8667,24.0,5.216049,-0.124694824,0.0,0.0
C29,2020-03-13,-66.1,142.8667,24.0,5.216049,-0.124694824,0.0,0.0
C29,2020-03-14,-66.1,142.8667,24.0,5.216049,-0.124694824,0.0,0.0
C29,2020-03-15,-66.1,142.8667,24.0,5.216049,-0.124694824,0.0,0.0
C29,2020-03-16,-66.1,142.8667,24.0,5.216049,-0.124694824,0.0,0.0
C29,2020-03-17,-66.1,142.8667,24.0,5.216049,-0.124694824,0.0,0.0
C29,2020-03-18,-66.1,142.8667,24.0,5.216049,-0.124694824,0.0,0.0
C29,2020-03-19,-66.1,142.8667,24.0,5.216049,-0.124694824,0.0,0.0
C29,2020-03-20,-66.1,142.8667,24.0,5.216049,-0.124694824,0.0,0.0
C29,2020-03-21,-66.1,142.8658,24.0,5.216049,-0.124694824,-0.00046844495971497355,0.0
C29,2020-03-22,-66.1,142.8634,24.0,5.216049,-0.124694824,-0.0012491865592349984,0.0
C29,2020-03-23,-66.1,142.8601,24.0,5.216049,-0.124694824,-0.0017176315189647653,0.0
C29,2020-03-24,-66.1,142.8566,24.0,5.216049,-0.124694824,-0.0018217303988899201,0.0
C29,2020-03-25,-66.1,142.8533,24.0,5.216049,-0.124694824,-0.0017176315189499718,0.0
C29,2020-03-26,-66.1,142.8509,24.0,5.216049,-0.124694824,-0.0012491865592349984,0.0
C29,2020-03-27,-66.1,142.85,24.0,5.216049,-0.124694824,-0.00046844495971497355,0.0
C29,2020-03-28,-66.1,142.85,24.0,5.216049,-0.124694824,0.0,0.0
C29,2020-03-29,-66.1,142.85,24.0,5.216049,-0.124694824,0.0,0.0
C29,2020-03-30,-66.1,142.85,24.0,5.216049,-0.124694824,0.0,0.0
C29,2020-03-31,-66.1,142.85,24.0,5.216049,-0.124694824,0.0,0.0
C29,2020-04-01,-66.1,142.85,24.0,5.216049,-0.124694824,0.0,0.0
C29,2020-04-02,-66.1,142.85,24.0,5.216049,-0.124694824,0.0,0.0
C29,2020-04-03,-66.1,142.85,24.0,5.216049,-0.124694824,0.0,0.0
C29,2020-04-04,-66.1,142.85,24.0,5.216049,-0.124694824,0.0,0.0
C29,2020-04-05,-66.1,142.85,24.0,5.216049,-0.124694824,0.0,0.0
C29,2020-04-06,-66.1,142.85,24.0,5.216049,-0.124694824,0.0,0.0
C29,2020-04-07,-66.1,142.85,24.0,5.216049,-0.124694824,0.0,0.0
C29,2020-04-08,-66.1,142.85,24.0,5.216049,-0.124694824,0.0,0.0
C29,2020-04-09,-66.1,142.85,24.0,5.216049,-0.124694824,0.0,0.0
C29,2020-04-10,-66.1,142.85,24.0,5.216049,-0.124694824,0.0,0.0
C29,2020-04-11,-66.1,142.85,24.0,5.216049,-0.124694824,0.0,0.0
C29,2020-04-12,-66.1,142.85,24.0,5.216049,-0.124694824,0.0,0.0
C29,2020-04-13,-66.1,142.85,24.0,5.216049,-0.124694824,0.0,0.0
C29,2020-04-14,-66.1,142.85,24.0,5.216049,-0.124694824,0.0,0.0
C29,2020-04-15,-66.1,142.85,24.0,5.216049,-0.124694824,0.0,0.0
C29,2020-04-16,-66.1,142.85,24.0,5.216049,-0.124694824,0.0,0.0
C29,2020-04-17,-66.1,142.85,24.0,5.216049,-0.124694824,0.0,0.0
C29,2020-04-18,-66.1,142.85,24.0,5.216049,-0.124694824,0.0,0.0
C29,2020-04-19,-66.1,142.85,24.0,5.216049,-0.124694824,0.0,0.0
C29,2020-04-20,-66.1,142.85,24.0,5.216049,-0.124694824,0.0,0.0
C29,2020-04-21,-66.1,142.85,24.0,5.216049,-0.124694824,0.0,0.0
C29,2020-04-22,-66.1,142.85,24.0,5.216049,-0.124694824,0.0,0.0
C29,2020-04-23,-66.1,142.85,24.0,5.216049,-0.124694824,0.0,0.0
C29,2020-04-24,-66.1,142.85,24.0,5.216049,-0.124694824,0.0,0.0
C29,2020-04-25,-66.1,142.85,24.0,5.216049,-0.124694824,0.0,0.0
C29,2020-04-26,-66.1,142.85,24.0,5.216049,-0.124694824,0.0,0.0
C29,2020-04-27,-66.1,142.85,24.0,5.216049,-0.124694824,0.0,0.0
C29,2020-04-28,-66.1,142.85,24.0,5.216049,-0.124694824,0.0,0.0
C29,2020-04-29,-66.1,142.85,24.0,5.216049,-0.124694824,0.0,0.0
C29,2020-04-30,-66.1,142.85,24.0,5.216049,-0.124694824,0.0,0.0
C29,2020-05-01,-66.1,142.85,24.0,5.216049,-0.124694824,0.0,0.0
C29,2020-05-02,-66.1,142.85,24.0,5.216049,-0.124694824,0.0,0.0
C29,2020-05-03,-66.1,142.85,24.0,5.216049,-0.124694824,0.0,0.0
C29,2020-05-04,-66.1,142.85,24.0,5.216049,-0.124694824,0.0,0.0
C29,2020-05-05,-66.1,142.85,24.0,5.216049,-0.124694824,0.0,0.0
C29,2020-05-06,-66.1,142.85,24.0,5.216049,-0.124694824,0.0,0.0
C29,2020-05-07,-66.1,142.85,24.0,5.216049,-0.124694824,0.0,0.0
C29,2020-05-08,-66.1,142.85,24.0,5.216049,-0.124694824,0.0,0.0
C29,2020-05-09,-66.1,142.85,24.0,5.216049,-0.124694824,0.0,0.0
C29,2020-05-10,-66.1,142.85,24.0,5.216049,-0.124694824,0.0,0.0
C29,2020-05-11,-66.1,142.85,24.0,5.216049,-0.124694824,0.0,0.0
C29,2020-05-12,-66.1,142.85,24.0,5.216049,-0.124694824,0.0,0.0
C29,2020-05-13,-66.1,142.85,24.0,5.216049,-0.124694824,0.0,0.0
C29,2020-05-14,-66.1,142.85,24.0,5.216049,-0.124694824,0.0,0.0
C29,2020-05-15,-66.1,142.85,24.0,5.216049,-0.124694824,0.0,0.0
C29,2020-05-16,-66.1,142.85,24.0,5.216049,-0.124694824,0.0,0.0
C29,2020-05-17,-66.1,142.85,24.0,5.216049,-0.124694824,0.0,0.0
C29,2020-05-18,-66.1,142.85,24.0,5.216049,-0.124694824,0.0,0.0
C29,2020-05-19,-66.1,142.85,24.0,5.216049,-0.124694824,0.0,0.0
C29,2020-05-20,-66.1,142.85,24.0,5.216049,-0.124694824,0.0,0.0
C29,2020-05-21,-66.1,142.85,24.0,5.216049,-0.124694824,0.0,0.0
C29,2020-05-22,-66.1,142.85,24.0,5.216049,-0.124694824,0.0,0.0
C29,2020-05-23,-66.1,142.85,24.0,5.216049,-0.124694824,0.0,0.0
C29,2020-05-24,-66.1,142.85,24.0,5.216049,-0.124694824,0.0,0.0
C29,2020-05-25,-66.1,142.85,24.0,5.216049,-0.124694824,0.0,0.0
C29,2020-05-26,-66.1,142.85,24.0,5.216049,-0.124694824,0.0,0.0
C29,2020-05-27,-66.1,142.85,24.0,5.216049,-0.124694824,0.0,0.0
C29,2020-05-28,-66.1,142.85,24.0,5.216049,-0.124694824,0.0,0.0
C29,2020-05-29,-66.1,142.85,24.0,5.216049,-0.124694824,0.0,0.0
C29,2020-05-30,-66.1,142.85,24.0,5.216049,-0.124694824,0.0,0.0
C29,2020-05-31,-66.1,142.85,24.0,5.216049,-0.124694824,0.0,0.0
C29,2020-06-01,-66.1,142.85,24.0,5.216049,-0.124694824,0.0,0.0
C29,2020-06-02,-66.1,142.85,24.0,-5.917038,4.026123,0.0,0.0
C29,2020-06-03,-66.1,142.85,24.0,0.95010376,0.8666992,0.0,0.0
C29,2020-06-04,-66.1,142.85,24.0,-4.661682,4.752594,0.0,0.0
C29,2020-06-05,-66.1,142.85,24.0,1.6288757,3.6376343,0.0,0.0
C29,2020-06-06,-66.1,142.85,24.0,0.85354614,2.986557,0.0,0.0
C29,2020-06-07,-66.1,142.85,24.0,-1.9989624,6.9332275,0.0,0.0
C29,2020-06-08,-66.1,142.85,24.0,-4.2599945,5.3004,0.0,0.0
C29,2020-06-09,-66.1,142.85,24.0,-6.179764,4.8940277,0.0,0.0
C29,2020-06-10,-66.1,142.85,24.0,-5.659958,3.6826782,0.0,0.0
C29,2020-06-11,-66.1,142.85,24.0,5.214386,3.8271942,0.0,0.0
C29,2020-06-12,-66.1,142.85,24.0,6.425247,2.4635162,0.0,0.0
C29,2020-06-13,-66.1,142.85,24.0,-4.9671783,3.7330322,0.0,0.0
C29,2020-06-14,-66.1,142.85,24.0,-9.626434,11.7825775,0.0,0.0
C29,2020-06-15,-66.1,142.85,24.0,-13.966934,12.6762085,0.0,0.0
C29,2020-06-16,-66.1,142.85,24.0,-14.3667145,15.444504,0.0,0.0
C29,2020-06-17,-66.1,142.85,24.0,3.9550018,2.8607635,0.0,0.0
C29,2020-06-18,-66.1,142.85,24.0,-18.272583,9.067978,0.0,0.0
C29,2020-06-19,-66.1,142.85,24.0,-2.2833862,9.869385,0.0,0.0
C29,2020-06-20,-66.1,142.85,24.0,4.610565,0.6195221,0.0,0.0
C29,2020-06-21,-66.1,142.85,24.0,6.8294373,0.2513275,0.0,0.0
C29,2020-06-22,-66.1,142.85,24.0,-9.15123,1.204422,0.0,0.0
C29,2020-06-23,-66.1,142.85,24.0,3.2364502,1.3115997,0.0,0.0
C29,2020-06-24,-66.1,142.85,24.0,-1.6125488,2.9206085,0.0,0.0
C29,2020-06-25,-66.1,142.85,24.0,-12.929535,6.825638,0.0,0.0
C29,2020-06-26,-66.1,142.85,24.0,-10.794266,7.470337,0.0,0.0
C29,2020-06-27,-66.1,142.85,24.0,-12.050842,5.7891846,0.0,0.0
C29,2020-06-28,-66.1,142.85,24.0,3.0231628,3.126419,0.0,0.0
C29,2020-06-29,-66.1,142.85,24.0,-7.6163025,3.274582,0.0,0.0
C29,2020-06-30,-66.1,142.85,24.0,-18.400146,10.026993,0.0,0.0
C29,2020-07-01,-66.1,142.85,24.0,-12.443649,5.7706604,0.0,0.0
C29,2020-07-02,-66.1,142.85,24.0,-14.958649,6.9046936,0.0,0.0
C29,2020-07-03,-66.1,142.85,24.0,-7.9293213,4.151245,0.0,0.0
C29,2020-07-04,-66.1,142.85,24.0,-6.811203,6.098587,0.0,0.0
C29,2020-07-05,-66.1,142.85,24.0,7.2360992,-1.5093231,0.0,0.0
C29,2020-07-06,-66.1,142.85,24.0,-10.322647,10.023788,0.0,0.0
C29,2020-07-07,-66.1,142.85,24.0,-1.2079468,-0.56085205,0.0,0.0
C29,2020-07-08,-66.1,142.85,24.0,8.140381,4.2129517,0.0,0.0
C29,2020-07-09,-66.1,142.85,24.0,7.651306,3.5596466,0.0,0.0
C29,2020-07-10,-66.1,142.85,24.0,-4.961914,6.8554535,0.0,0.0
C29,2020-07-11,-66.1,142.85,24.0,-1.0574188,5.0672607,0.0,0.0
C29,2020-07-12,-66.1,142.85,24.0,-2.9023132,1.5469818,0.0,0.0
C29,2020-07-13,-66.1,142.85,24.0,-9.7569275,6.22435,0.0,0.0
C29,2020-07-14,-66.1,142.85,24.0,-12.966812,2.3096466,0.0,0.0
C29,2020-07-15,-66.1,142.85,24.0,4.357773,-1.0440521,0.0,0.0
C29,2020-07-16,-66.1,142.85,24.0,-4.1258698,-0.70895386,0.0,0.0
C29,2020-07-17,-66.1,142.85,24.0,-5.5546722,4.4522095,0.0,0.0
C29,2020-07-18,-66.1,142.85,24.0,-16.616074,11.736725,0.0,0.0
C29,2020-07-19,-66.1,142.85,24.0,-5.9280853,7.329651,0.0,0.0
C29,2020-07-20,-66.1,142.85,24.0,7.211609,2.6801605,0.0,0.0
C29,2020-07-21,-66.1,142.85,24.0,-10.378601,6.7845154,0.0,0.0
C29,2020-07-22,-66.1,142.85,24.0,7.207596,1.6334381,0.0,0.0
C29,2020-07-23,-66.1,142.85,24.0,1.9771423,4.857437,0.0,0.0
C29,2020-07-24,-66.1,142.85,24.0,-2.8463135,4.7148438,0.0,0.0
C29,2020-07-25,-66.1,142.85,24.0,-1.6519623,4.2331543,0.0,0.0
C29,2020-07-26,-66.1,142.85,24.0,6.4733276,1.6796417,0.0,0.0
C29,2020-07-27,-66.1,142.85,24.0,-6.34581,8.692215,0.0,0.0
C29,2020-07-28,-66.1,142.85,24.0,-12.647629,3.8629303,0.0,0.0
C29,2020-07-29,-66.1,142.85,24.0,-9.640198,4.936844,0.0,0.0
C29,2020-07-30,-66.1,142.85,24.0,-8.570511,8.111328,0.0,0.0
C29,2020-07-31,-66.1,142.85,24.0,8.851044,-3.8516083,0.0,0.0
C29,2020-08-01,-66.1,142.85,24.0,8.6539,-2.4283905,0.0,0.0
C29,2020-08-02,-66.1,142.85,24.0,-6.431656,8.65506,0.0,0.0
C29,2020-08-03,-66.1,142.85,24.0,10.77803,-3.7905273,0.0,0.0
C29,2020-08-04,-66.1,142.85,24.0,2.6935272,4.586136,0.0,0.0
C29,2020-08-05,-66.1,142.85,24.0,-7.3902283,5.388855,0.0,0.0
C29,2020-08-06,-66.1,142.85,24.0,0.83514404,4.3392334,0.0,0.0
C29,2020-08-07,-66.1,142.85,24.0,-1.0857086,4.9916687,0.0,0.0
C29,2020-08-08,-66.1,142.85,24.0,3.5489502,3.8605347,0.0,0.0
C29,2020-08-09,-66.1,142.85,24.0,4.9852295,0.81503296,0.0,0.0
C29,2020-08-10,-66.1,142.85,24.0,-7.0942383,6.0683594,0.0,0.0
C29,2020-08-11,-66.1,142.85,24.0,-4.4859314,4.791168,0.0,0.0
C29,2020-08-12,-66.1,142.85,24.0,3.7346802,5.7251434,0.0,0.0
C29,2020-08-13,-66.1,142.85,24.0,-2.659256,2.9265594,0.0,0.0
C29,2020-08-14,-66.1,142.85,24.0,-1.6753845,2.1414795,0.0,0.0
C29,2020-08-15,-66.1,142.85,24.0,-4.443924,1.9989929,0.0,0.0
C29,2020-08-16,-66.1,142.85,24.0,-3.2516327,-0.98172,0.0,0.0
C29,2020-08-17,-66.1,142.85,24.0,-6.486969,9.915817,0.0,0.0
C29,2020-08-18,-66.1,142.85,24.0,-1.4339447,5.396393,0.0,0.0
C29,2020-08-19,-66.1,142.85,24.0,-1.3970032,6.0772247,0.0,0.0
C29,2020-08-20,-66.1,142.85,24.0,7.449951,2.1410217,0.0,0.0
C29,2020-08-21,-66.1,142.85,24.0,4.346924,6.0967865,0.0,0.0
C29,2020-08-22,-66.1,142.85,24.0,-4.956833,7.1641083,0.0,0.0
C29,2020-08-23,-66.1,142.85,24.0,-0.6281433,2.5403137,0.0,0.0
C29,2020-08-24,-66.1,142.85,24.0,-4.4354553,2.6973724,0.0,0.0
C29,2020-08-25,-66.1,142.85,24.0,-1.1990051,4.5069733,0.0,0.0
C29,2020-08-26,-66.1,142.85,24.0,-2.115158,0.8708191,0.0,0.0
C29,2020-08-27,-66.1,142.85,24.0,-13.068192,10.471909,0.0,0.0
C29,2020-08-28,-66.1,142.85,24.0,-18.227112,7.7153015,0.0,0.0
C29,2020-08-29,-66.1,142.85,24.0,-6.61261,6.6806946,0.0,0.0
C29,2020-08-30,-66.1,142.85,24.0,-7.915634,5.7408295,0.0,0.0
C29,2020-08-31,-66.1,142.85,24.0,-4.335617,3.7653046,0.0,0.0
C29,2020-09-01,-66.1,142.85,24.0,-10.367386,9.684631,0.0,0.0
C29,2020-09-02,-66.1,142.85,24.0,-10.367386,9.684631,0.0,0.0
C29,2020-09-03,-66.1,142.85,24.0,-10.367386,9.684631,0.0,0.0
C29,2020-09-04,-66.1,142.85,24.0,-10.367386,9.684631,0.0,0.0
C29,2020-09-05,-66.1,142.85,24.0,-10.367386,9.684631,0.0,0.0
C29,2020-09-06,-66.1,142.85,24.0,-10.367386,9.684631,0.0,0.0
C29,2020-09-07,-66.1,142.85,24.0,-10.367386,9.684631,0.0,0.0
C29,2020-09-08,-66.1,142.85,24.0,-10.367386,9.684631,0.0,0.0
C29,2020-09-09,-66.1,142.85,24.0,-10.367386,9.684631,0.0,0.0
C29,2020-09-10,-66.1,142.85,24.0,-10.367386,9.684631,0.0,0.0
C29,2020-09-11,-66.1,142.85,24.0,-10.367386,9.684631,0.0,0.0
C29,2020-09-12,-66.1,142.85,24.0,-10.367386,9.684631,0.0,0.0
C29,2020-09-13,-66.1,142.85,24.0,-10.367386,9.684631,0.0,0.0
C29,2020-09-14,-66.1,142.85,24.0,-10.367386,9.684631,0.0,0.0
C29,2020-09-15,-66.1,142.85,24.0,-10.367386,9.684631,0.0,0.0
C29,2020-09-16,-66.1,142.85,24.0,-10.367386,9.684631,0.0,0.0
C29,2020-09-17,-66.1,142.85,24.0,-10.367386,9.684631,0.0,0.0
C29,2020-09-18,-66.1,142.85,24.0,-10.367386,9.684631,0.0,0.0
C29,2020-09-19,-66.1,142.85,24.0,-10.367386,9.684631,0.0,0.0
C29,2020-09-20,-66.1,142.85,24.0,-10.367386,9.684631,0.0,0.0
C29,2020-09-21,-66.1,142.85,24.0,-10.367386,9.684631,0.0,0.0
C29,2020-09-22,-66.1,142.85,24.0,-10.367386,9.684631,0.0,0.0
C29,2020-09-23,-66.1,142.85,24.0,-10.367386,9.684631,0.0,0.0
C29,2020-09-24,-66.1,142.85,24.0,-10.367386,9.684631,0.0,0.0
C29,2020-09-25,-66.1,142.85,24.0,-10.367386,9.684631,0.0,0.0
C29,2020-10-10,-66.1,142.85,24.0,-10.367386,9.684631,0.0,0.0
C29,2020-10-11,-66.1,142.85,24.0,-10.367386,9.684631,0.0,0.0
C29,2020-10-12,-66.1,142.85,24.0,-10.367386,9.684631,0.0,0.0
C29,2020-10-13,-66.1,142.85,24.0,-10.367386,9.684631,0.0,0.0
C29,2020-10-14,-66.1,142.85,24.0,-10.367386,9.684631,0.0,0.0
C29,2020-10-15,-66.1,142.85,24.0,-10.367386,9.684631,0.0,0.0
C29,2020-10-16,-66.1,142.85,24.0,-10.367386,9.684631,0.0,0.0
C29,2020-10-17,-66.1,142.85,24.0,-10.367386,9.684631,0.0,0.0
C29,2020-10-18,-66.1,142.85,24.0,-10.367386,9.684631,0.0,0.0
C29,2020-10-19,-66.1,142.85,24.0,-10.367386,9.684631,0.0,0.0
C29,2020-10-20,-66.1,142.85,24.0,-10.367386,9.684631,0.0,0.0
C29,2020-10-21,-66.1,142.85,24.0,-10.367386,9.684631,0.0,0.0
C29,2020-10-22,-66.1,142.85,24.0,-10.367386,9.684631,0.0,0.0
C29,2020-10-23,-66.1,142.85,24.0,-10.367386,9.684631,0.0,0.0
C29,2020-10-24,-66.1,142.85,24.0,-10.367386,9.684631,0.0,0.0
C29,2020-10-25,-66.1,142.85,24.0,-10.367386,9.684631,0.0,0.0
C29,2020-10-26,-66.1,142.85,24.0,-10.367386,9.684631,0.0,0.0
C29,2020-10-27,-66.1,142.85,24.0,-10.367386,9.684631,0.0,0.0
C29,2020-10-28,-66.1,142.85,24.0,-10.367386,9.684631,0.0,0.0
C29,2020-10-29,-66.1,142.85,24.0,-10.367386,9.684631,0.0,0.0
C29,2020-10-30,-66.1,142.85,24.0,-10.367386,9.684631,0.0,0.0
C29,2020-10-31,-66.1,142.85,24.0,-10.367386,9.684631,0.0,0.0
C29,2020-11-01,-66.1,142.85,24.0,-10.367386,9.684631,0.0,0.0
C29,2020-11-02,-66.1,142.85,24.0,-10.367386,9.684631,0.0,0.0
C29,2020-11-03,-66.1,142.85,24.0,-10.367386,9.684631,0.0,0.0
C29,2020-11-04,-66.1,142.85,24.0,-10.367386,9.684631,0.0,0.0
C29,2020-11-05,-66.1,142.85,24.0,-10.367386,9.684631,0.0,0.0
C29,2020-11-06,-66.1,142.85,24.0,-10.367386,9.684631,0.0,0.0
C29,2020-11-07,-66.0994,142.8506,24.0,-10.367386,9.684631,0.00031230401978097206,0.0007708333333224084
C29,2020-11-08,-66.098,142.852,24.0,-10.367386,9.684631,0.0007287495590667914,0.0017986111111160479
C29,2020-11-09,-66.0961,142.8539,24.0,-10.367386,9.684631,0.0009890912619656478,0.002440972222211969
C29,2020-11-10,-66.0939,142.8561,24.0,-10.367386,9.684631,0.0011453627825455711,0.00282638888889143
C29,2020-11-11,-66.092,142.858,24.0,-10.367386,9.684631,0.0009892509494652992,0.002440972222230226
C29,2020-11-12,-66.0906,142.8594,24.0,-10.367386,9.684631,0.0007289619294878456,0.0017986111111160479
C29,2020-11-13,-66.09,142.86,24.0,-10.367386,9.684631,0.0003124196349467524,0.0007708333333224084
C29,2020-11-14,-66.09,142.86,24.0,-10.367386,9.684631,0.0,0.0
C29,2020-11-15,-66.09,142.86,24.0,-10.367386,9.684631,0.0,0.0
C29,2020-11-16,-66.09,142.86,24.0,-10.367386,9.684631,0.0,0.0
C29,2020-11-17,-66.09,142.86,24.0,-10.367386,9.684631,0.0,0.0
C29,2020-11-18,-66.09,142.86,24.0,-10.367386,9.684631,0.0,0.0
C29,2020-11-19,-66.09,142.86,24.0,-10.367386,9.684631,0.0,0.0
C29,2020-11-20,-66.09,142.86,24.0,-10.367386,9.684631,0.0,0.0
C29,2020-11-21,-66.09,142.86,24.0,-10.367386,9.684631,0.0,0.0
C29,2020-11-22,-66.09,142.86,24.0,-10.367386,9.684631,0.0,0.0
C29,2020-11-23,-66.09,142.86,24.0,-10.367386,9.684631,0.0,0.0
C29,2020-11-24,-66.09,142.86,24.0,-10.367386,9.684631,0.0,0.0
C29,2020-11-25,-66.09,142.86,24.0,-10.367386,9.684631,0.0,0.0
C29,2020-11-26,-66.09,142.86,24.0,-10.367386,9.684631,0.0,0.0
C29,2020-11-27,-66.09,142.86,24.0,-10.367386,9.684631,0.0,0.0
C29,2020-11-28,-66.09,142.86,24.0,-10.367386,9.684631,0.0,0.0
C29,2020-11-29,-66.09,142.86,24.0,-10.367386,9.684631,0.0,0.0
C29,2020-11-30,-66.09,142.86,24.0,-10.367386,9.684631,0.0,0.0
C29,2020-12-01,-66.09,142.86,24.0,-10.367386,9.684631,0.0,0.0
C29,2020-12-02,-66.09,142.86,24.0,-10.367386,9.684631,0.0,0.0
C29,2020-12-03,-66.09,142.86,24.0,-10.367386,9.684631,0.0,0.0
C29,2020-12-04,-66.09,142.86,24.0,-10.367386,9.684631,0.0,0.0
C29,2020-12-05,-66.0944,142.8761,24.0,-9.934769,9.840881,0.008381808073113844,-0.005652777777764604
C29,2020-12-06,-66.1059,142.9175,24.0,-9.934769,9.840881,0.02154346070732534,-0.01477430555557133
C29,2020-12-07,-66.1215,142.9741,24.0,-9.934769,9.840881,0.029435034522004078,-0.02004166666665647
C29,2020-12-08,-66.1385,143.0359,24.0,-9.666214,10.369202,0.0321177710381107,-0.021840277777772518
C29,2020-12-09,-66.1541,143.0925,24.0,-9.666214,10.369202,0.029397197727885887,-0.02004166666667473
C29,2020-12-10,-66.1656,143.1339,24.0,-9.203323,10.695374,0.02149277936778454,-0.014774305555553072
C29,2020-12-11,-66.17,143.15,24.0,-9.203323,10.695374,0.00835685010833677,-0.00565277777778286
C29,2020-12-12,-66.1693,143.1495,24.0,-9.203323,10.695374,-0.0002595366853318197,0.0008993055555488954
C29,2020-12-13,-66.1674,143.1481,24.0,-9.203323,10.695374,-0.0007267572776358234,0.002440972222230226
C29,2020-12-14,-66.1646,143.1459,24.0,-9.203323,10.695374,-0.0011421734948306292,0.0035972222222320958
C29,2020-12-15,-66.1612,143.1429,24.0,-9.203323,10.695374,-0.0015577185125492273,0.004368055555554504
C29,2020-12-16,-66.1575,143.1392,24.0,-9.203323,10.695374,-0.001921466938881284,0.004753472222215708
C29,2020-12-17,-66.1536,143.1349,24.0,-9.203323,10.695374,-0.002233400104425056,0.005010416666668682
C29,2020-12-18,-66.15,143.13,24.0,-9.203323,10.695374,-0.002545399092682075,0.004624999999989221
C29,2020-12-19,-66.1458,143.1163,24.0,-9.666214,10.369202,-0.007117908080939979,0.005395833333348143
C29,2020-12-20,-66.1406,143.0891,24.0,-9.666214,10.369202,-0.014134805580227165,0.006680555555539986
C29,2020-12-21,-66.1348,143.0541,24.0,-9.666214,10.369202,-0.018192331653734826,0.007451388888898908
C29,2020-12-22,-66.1293,143.0171,24.0,-9.666214,10.369202,-0.019236066242040387,0.007065972222219447
C29,2020-12-23,-66.1245,142.9836,24.0,-9.934769,9.840881,-0.01741973543662619,0.0061666666666705516
C29,2020-12-24,-66.1212,142.9593,24.0,-9.934769,9.840881,-0.012637452276666331,0.004239583333328017
C29,2020-12-25,-66.12,142.95,24.0,-9.934769,9.840881,-0.004836784625824577,0.0015416666666630736
C29,2020-12-26,-66.1215,142.9577,24.0,-9.934769,9.840881,0.004004412823664552,-0.001927083333324278
C29,2020-12-27,-66.1252,142.9773,24.0,-9.666214,10.369202,0.010191563896929481,-0.0047534722222339655
C29,2020-12-28,-66.13,143.0035,24.0,-9.666214,10.369202,0.013620838418272623,-0.0061666666666522945
C29,2020-12-29,-66.1348,143.0312,24.0,-9.666214,10.369202,0.01439793105167676,-0.0061666666666705516
C29,2020-12-30,-66.1385,143.0551,24.0,-9.666214,10.369202,0.012420950288199093,-0.004753472222215708
C29,2020-12-31,-66.14,143.07,24.0,-9.666214,10.369202,0.007743146677831558,-0.0019270833333425348
C30,2020-01-01,-64.7833,96.3,24.0,-1.1872711,3.465149,0.0,0.0
C30,2020-01-02,-64.7833,96.3,24.0,-1.1872711,3.465149,0.0,0.0
C30,2020-01-03,-64.7833,96.3,24.0,-1.1872711,3.465149,0.0,0.0
C30,2020-01-04,-64.7833,96.3,24.0,-1.1872711,3.465149,0.0,0.0
C30,2020-01-05,-64.7833,96.3,24.0,-1.1872711,3.465149,0.0,0.0
C30,2020-01-06,-64.7833,96.3,24.0,-1.1872711,3.465149,0.0,0.0
C30,2020-01-07,-64.7833,96.3,24.0,-1.1872711,3.465149,0.0,0.0
C30,2020-01-08,-64.7833,96.3,24.0,-1.1872711,3.465149,0.0,0.0
C30,2020-01-09,-64.7833,96.3,24.0,-1.1872711,3.465149,0.0,0.0
C30,2020-01-10,-64.7833,96.3,24.0,-1.1872711,3.465149,0.0,0.0
C30,2020-01-11,-64.7833,96.3,24.0,-1.1872711,3.465149,0.0,0.0
C30,2020-01-12,-64.7833,96.3,24.0,-1.1872711,3.465149,0.0,0.0
C30,2020-01-13,-64.7833,96.3,24.0,-1.1872711,3.465149,0.0,0.0
C30,2020-01-14,-64.7833,96.3,24.0,-1.1872711,3.465149,0.0,0.0
C30,2020-01-15,-64.7833,96.3,24.0,-1.1872711,3.465149,0.0,0.0
C30,2020-01-16,-64.7833,96.3,24.0,-1.1872711,3.465149,0.0,0.0
C30,2020-01-17,-64.7833,96.3,24.0,-1.1872711,3.465149,0.0,0.0
C30,2020-01-18,-64.7833,96.3,24.0,-1.1872711,3.465149,0.0,0.0
C30,2020-01-19,-64.7833,96.3,24.0,-1.1872711,3.465149,0.0,0.0
C30,2020-01-20,-64.7833,96.3,24.0,-1.1872711,3.465149,0.0,0.0
C30,2020-01-21,-64.7833,96.3,24.0,-1.1872711,3.465149,0.0,0.0
C30,2020-01-22,-64.7833,96.3,24.0,-1.1872711,3.465149,0.0,0.0
C30,2020-01-23,-64.7833,96.3,24.0,-1.1872711,3.465149,0.0,0.0
C30,2020-01-24,-64.7833,96.3,24.0,-1.1872711,3.465149,0.0,0.0
C30,2020-01-25,-64.7833,96.3,24.0,-1.1872711,3.465149,0.0,0.0
C30,2020-01-26,-64.7833,96.3,24.0,-1.1872711,3.465149,0.0,0.0
C30,2020-01-27,-64.7833,96.3,24.0,-1.1872711,3.465149,0.0,0.0
C30,2020-01-28,-64.7833,96.3,24.0,-1.1872711,3.465149,0.0,0.0
C30,2020-01-29,-64.7833,96.3,24.0,-1.1872711,3.465149,0.0,0.0
C30,2020-01-30,-64.7833,96.3,24.0,-1.1872711,3.465149,0.0,0.0
C30,2020-01-31,-64.7833,96.3,24.0,-1.1872711,3.465149,0.0,0.0
C30,2020-02-01,-64.7833,96.3,24.0,-1.1872711,3.465149,0.0,0.0
C30,2020-02-02,-64.7833,96.3,24.0,-1.1872711,3.465149,0.0,0.0
C30,2020-02-03,-64.7833,96.3,24.0,-1.1872711,3.465149,0.0,0.0
C30,2020-02-04,-64.7833,96.3,24.0,-1.1872711,3.465149,0.0,0.0
C30,2020-02-05,-64.7833,96.3,24.0,-1.1872711,3.465149,0.0,0.0
C30,2020-02-06,-64.7833,96.3,24.0,-1.1872711,3.465149,0.0,0.0
C30,2020-02-07,-64.7833,96.3,24.0,-1.1872711,3.465149,0.0,0.0
C30,2020-02-08,-64.7833,96.3,24.0,-1.1872711,3.465149,0.0,0.0
C30,2020-02-09,-64.7833,96.3,24.0,-1.1872711,3.465149,0.0,0.0
C30,2020-02-10,-64.7833,96.3,24.0,-1.1872711,3.465149,0.0,0.0
C30,2020-02-11,-64.7833,96.3,24.0,-1.1872711,3.465149,0.0,0.0
C30,2020-02-12,-64.7833,96.3,24.0,-1.1872711,3.465149,0.0,0.0
C30,2020-02-13,-64.7833,96.3,24.0,-1.1872711,3.465149,0.0,0.0
C30,2020-02-14,-64.7833,96.3,24.0,-1.1872711,3.465149,0.0,0.0
C30,2020-02-15,-64.7833,96.3,24.0,-1.1872711,3.465149,0.0,0.0
C30,2020-02-16,-64.7833,96.3,24.0,-1.1872711,3.465149,0.0,0.0
C30,2020-02-17,-64.7833,96.3,24.0,-1.1872711,3.465149,0.0,0.0
C30,2020-02-18,-64.7833,96.3,24.0,-1.1872711,3.465149,0.0,0.0
C30,2020-02-19,-64.7833,96.3,24.0,-1.1872711,3.465149,0.0,0.0
C30,2020-02-20,-64.7833,96.3,24.0,-1.1872711,3.465149,0.0,0.0
C30,2020-02-21,-64.7833,96.3,24.0,-1.1872711,3.465149,0.0,0.0
C30,2020-02-22,-64.7833,96.3,24.0,-1.1872711,3.465149,0.0,0.0
C30,2020-02-23,-64.7833,96.3,24.0,-1.1872711,3.465149,0.0,0.0
C30,2020-02-24,-64.7833,96.3,24.0,-1.1872711,3.465149,0.0,0.0
C30,2020-02-25,-64.7833,96.3,24.0,-1.1872711,3.465149,0.0,0.0
C30,2020-02-26,-64.7833,96.3,24.0,-1.1872711,3.465149,0.0,0.0
C30,2020-02-27,-64.7833,96.3,24.0,-1.1872711,3.465149,0.0,0.0
C30,2020-02-28,-64.7833,96.3,24.0,-1.1872711,3.465149,0.0,0.0
C30,2020-02-29,-64.7833,96.3,24.0,-1.1872711,3.465149,0.0,0.0
C30,2020-03-01,-64.7833,96.3,24.0,-1.1872711,3.465149,0.0,0.0
C30,2020-03-02,-64.7833,96.3,24.0,-1.1872711,3.465149,0.0,0.0
C30,2020-03-03,-64.7833,96.3,24.0,-1.1872711,3.465149,0.0,0.0
C30,2020-03-04,-64.7833,96.3,24.0,-1.1872711,3.465149,0.0,0.0
C30,2020-03-05,-64.7833,96.3,24.0,-1.1872711,3.465149,0.0,0.0
C30,2020-03-06,-64.7833,96.3,24.0,-1.1872711,3.465149,0.0,0.0
C30,2020-03-07,-64.7833,96.3,24.0,-1.1872711,3.465149,0.0,0.0
C30,2020-03-08,-64.7833,96.3,24.0,-1.1872711,3.465149,0.0,0.0
C30,2020-03-09,-64.7833,96.3,24.0,-1.1872711,3.465149,0.0,0.0
C30,2020-03-10,-64.7833,96.3,24.0,-1.1872711,3.465149,0.0,0.0
C30,2020-03-11,-64.7833,96.3,24.0,-1.1872711,3.465149,0.0,0.0
C30,2020-03-12,-64.7833,96.3,24.0,-1.1872711,3.465149,0.0,0.0
C30,2020-03-13,-64.7833,96.3,24.0,-1.1872711,3.465149,0.0,0.0
C30,2020-03-14,-64.7833,96.3,24.0,-1.1872711,3.465149,0.0,0.0
C30,2020-03-15,-64.7833,96.3,24.0,-1.1872711,3.465149,0.0,0.0
C30,2020-03-16,-64.7833,96.3,24.0,-1.1872711,3.465149,0.0,0.0
C30,2020-03-17,-64.7833,96.3,24.0,-1.1872711,3.465149,0.0,0.0
C30,2020-03-18,-64.7833,96.3,24.0,-1.1872711,3.465149,0.0,0.0
C30,2020-03-19,-64.7833,96.3,24.0,-1.1872711,3.465149,0.0,0.0
C30,2020-03-20,-64.7833,96.3,24.0,-1.1872711,3.465149,0.0,0.0
C30,2020-03-21,-64.7833,96.3,24.0,-1.1872711,3.465149,0.0,0.0
C30,2020-03-22,-64.7833,96.3,24.0,-1.1872711,3.465149,0.0,0.0
C30,2020-03-23,-64.7833,96.3,24.0,-1.1872711,3.465149,0.0,0.0
C30,2020-03-24,-64.7833,96.3,24.0,-1.1872711,3.465149,0.0,0.0
C30,2020-03-25,-64.7833,96.3,24.0,-1.1872711,3.465149,0.0,0.0
C30,2020-03-26,-64.7833,96.3,24.0,-1.1872711,3.465149,0.0,0.0
C30,2020-03-27,-64.7833,96.3,24.0,-1.1872711,3.465149,0.0,0.0
C30,2020-03-28,-64.7833,96.3,24.0,-1.1872711,3.465149,0.0,0.0
C30,2020-03-29,-64.7833,96.3,24.0,-1.1872711,3.465149,0.0,0.0
C30,2020-03-30,-64.7833,96.3,24.0,-1.1872711,3.465149,0.0,0.0
C30,2020-03-31,-64.7833,96.3,24.0,-1.1872711,3.465149,0.0,0.0
C30,2020-04-01,-64.7833,96.3,24.0,-1.1872711,3.465149,0.0,0.0
C30,2020-04-02,-64.7833,96.3,24.0,-1.1872711,3.465149,0.0,0.0
C30,2020-04-03,-64.7833,96.3,24.0,-1.1872711,3.465149,0.0,0.0
C30,2020-04-04,-64.7833,96.3,24.0,-1.1872711,3.465149,0.0,0.0
C30,2020-04-05,-64.7833,96.3,24.0,-1.1872711,3.465149,0.0,0.0
C30,2020-04-06,-64.7833,96.3,24.0,-1.1872711,3.465149,0.0,0.0
C30,2020-04-07,-64.7833,96.3,24.0,-1.1872711,3.465149,0.0,0.0
C30,2020-04-08,-64.7833,96.3,24.0,-1.1872711,3.465149,0.0,0.0
C30,2020-04-09,-64.7833,96.3,24.0,-1.1872711,3.465149,0.0,0.0
C30,2020-04-10,-64.7833,96.3,24.0,-1.1872711,3.465149,0.0,0.0
C30,2020-04-11,-64.7833,96.3,24.0,-1.1872711,3.465149,0.0,0.0
C30,2020-04-12,-64.7833,96.3,24.0,-1.1872711,3.465149,0.0,0.0
C30,2020-04-13,-64.7833,96.3,24.0,-1.1872711,3.465149,0.0,0.0
C30,2020-04-14,-64.7833,96.3,24.0,-1.1872711,3.465149,0.0,0.0
C30,2020-04-15,-64.7833,96.3,24.0,-1.1872711,3.465149,0.0,0.0
C30,2020-04-16,-64.7833,96.3,24.0,-1.1872711,3.465149,0.0,0.0
C30,2020-04-17,-64.7833,96.3,24.0,-1.1872711,3.465149,0.0,0.0
C30,2020-04-18,-64.7833,96.3,24.0,-1.1872711,3.465149,0.0,0.0
C30,2020-04-19,-64.7833,96.3,24.0,-1.1872711,3.465149,0.0,0.0
C30,2020-04-20,-64.7833,96.3,24.0,-1.1872711,3.465149,0.0,0.0
C30,2020-04-21,-64.7833,96.3,24.0,-1.1872711,3.465149,0.0,0.0
C30,2020-04-22,-64.7833,96.3,24.0,-1.1872711,3.465149,0.0,0.0
C30,2020-04-23,-64.7833,96.3,24.0,-1.1872711,3.465149,0.0,0.0
C30,2020-04-24,-64.7833,96.3,24.0,-1.1872711,3.465149,0.0,0.0
C30,2020-04-25,-64.7833,96.3,24.0,-1.1872711,3.465149,0.0,0.0
C30,2020-04-26,-64.7833,96.3,24.0,-1.1872711,3.465149,0.0,0.0
C30,2020-04-27,-64.7833,96.3,24.0,-1.1872711,3.465149,0.0,0.0
C30,2020-04-28,-64.7833,96.3,24.0,-1.1872711,3.465149,0.0,0.0
C30,2020-04-29,-64.7833,96.3,24.0,-1.1872711,3.465149,0.0,0.0
C30,2020-04-30,-64.7833,96.3,24.0,-1.1872711,3.465149,0.0,0.0
C30,2020-05-01,-64.7833,96.3,24.0,-1.1872711,3.465149,0.0,0.0
C30,2020-05-02,-64.7833,96.3,24.0,-1.1872711,3.465149,0.0,0.0
C30,2020-05-03,-64.7833,96.3,24.0,-1.1872711,3.465149,0.0,0.0
C30,2020-05-04,-64.7833,96.3,24.0,-1.1872711,3.465149,0.0,0.0
C30,2020-05-05,-64.7833,96.3,24.0,-1.1872711,3.465149,0.0,0.0
C30,2020-05-06,-64.7833,96.3,24.0,-1.1872711,3.465149,0.0,0.0
C30,2020-05-07,-64.7833,96.3,24.0,-1.1872711,3.465149,0.0,0.0
C30,2020-05-08,-64.7833,96.3,24.0,-1.1872711,3.465149,0.0,0.0
C30,2020-05-09,-64.7833,96.3,24.0,-1.1872711,3.465149,0.0,0.0
C30,2020-05-10,-64.7833,96.3,24.0,-1.1872711,3.465149,0.0,0.0
C30,2020-05-11,-64.7833,96.3,24.0,-1.1872711,3.465149,0.0,0.0
C30,2020-05-12,-64.7833,96.3,24.0,-1.1872711,3.465149,0.0,0.0
C30,2020-05-13,-64.7833,96.3,24.0,-1.1872711,3.465149,0.0,0.0
C30,2020-05-14,-64.7833,96.3,24.0,-1.1872711,3.465149,0.0,0.0
C30,2020-05-15,-64.7833,96.3,24.0,-1.1872711,3.465149,0.0,0.0
C30,2020-05-16,-64.7833,96.3,24.0,-1.1872711,3.465149,0.0,0.0
C30,2020-05-17,-64.7833,96.3,24.0,-1.1872711,3.465149,0.0,0.0
C30,2020-05-18,-64.7833,96.3,24.0,-1.1872711,3.465149,0.0,0.0
C30,2020-05-19,-64.7833,96.3,24.0,-1.1872711,3.465149,0.0,0.0
C30,2020-05-20,-64.7833,96.3,24.0,-1.1872711,3.465149,0.0,0.0
C30,2020-05-21,-64.7833,96.3,24.0,-1.1872711,3.465149,0.0,0.0
C30,2020-05-22,-64.7833,96.3,24.0,-1.1872711,3.465149,0.0,0.0
C30,2020-05-23,-64.7833,96.3,24.0,-1.1872711,3.465149,0.0,0.0
C30,2020-05-24,-64.7833,96.3,24.0,-1.1872711,3.465149,0.0,0.0
C30,2020-05-25,-64.7833,96.3,24.0,-1.1872711,3.465149,0.0,0.0
C30,2020-05-26,-64.7833,96.3,24.0,-1.1872711,3.465149,0.0,0.0
C30,2020-05-27,-64.7833,96.3,24.0,-1.1872711,3.465149,0.0,0.0
C30,2020-05-28,-64.7833,96.3,24.0,-1.1872711,3.465149,0.0,0.0
C30,2020-05-29,-64.7833,96.3,24.0,-1.1872711,3.465149,0.0,0.0
C30,2020-05-30,-64.7833,96.3,24.0,-1.1872711,3.465149,0.0,0.0
C30,2020-05-31,-64.7833,96.3,24.0,-1.1872711,3.465149,0.0,0.0
C30,2020-06-01,-64.7833,96.3,24.0,-1.1872711,3.465149,0.0,0.0
C30,2020-06-02,-64.7833,96.3,24.0,-5.981491,0.73413086,0.0,0.0
C30,2020-06-03,-64.7833,96.3,24.0,-2.4483337,-4.157715,0.0,0.0
C30,2020-06-04,-64.7833,96.3,24.0,-9.979065,-1.1585388,0.0,0.0
C30,2020-06-05,-64.7833,96.3,24.0,-5.325226,-7.600647,0.0,0.0
C30,2020-06-06,-64.7833,96.3,24.0,-1.1445007,-10.938248,0.0,0.0
C30,2020-06-07,-64.7833,96.3,24.0,-12.414978,0.045532227,0.0,0.0
C30,2020-06-08,-64.7833,96.3,24.0,-1.759018,6.1470795,0.0,0.0
C30,2020-06-09,-64.7833,96.3,24.0,-6.0889435,2.9008636,0.0,0.0
C30,2020-06-10,-64.7833,96.3,24.0,-15.791794,1.3789673,0.0,0.0
C30,2020-06-11,-64.7833,96.3,24.0,-15.769012,2.1865692,0.0,0.0
C30,2020-06-12,-64.7833,96.3,24.0,-17.10698,-0.6790619,0.0,0.0
C30,2020-06-13,-64.7833,96.3,24.0,-7.744522,5.704712,0.0,0.0
C30,2020-06-14,-64.7833,96.3,24.0,-3.189911,5.743515,0.0,0.0
C30,2020-06-15,-64.7833,96.3,24.0,4.2479095,0.21234131,0.0,0.0
C30,2020-06-16,-64.7833,96.3,24.0,0.12937927,3.6622772,0.0,0.0
C30,2020-06-17,-64.7833,96.3,24.0,2.432541,4.7093964,0.0,0.0
C30,2020-06-18,-64.7833,96.3,24.0,-9.519653,3.170517,0.0,0.0
C30,2020-06-19,-64.7833,96.3,24.0,-4.0597534,-4.7614746,0.0,0.0
C30,2020-06-20,-64.7833,96.3,24.0,2.4953308,-1.2837982,0.0,0.0
C30,2020-06-21,-64.7833,96.3,24.0,-6.000641,7.047226,0.0,0.0
C30,2020-06-22,-64.7833,96.3,24.0,-6.570175,7.0110626,0.0,0.0
C30,2020-06-23,-64.7833,96.3,24.0,-7.7840576,6.1338654,0.0,0.0
C30,2020-06-24,-64.7833,96.3,24.0,-5.9855957,5.9831085,0.0,0.0
C30,2020-06-25,-64.7833,96.3,24.0,-6.7498474,7.8822784,0.0,0.0
C30,2020-06-26,-64.7833,96.3,24.0,-5.7942657,6.9801025,0.0,0.0
C30,2020-06-27,-64.7833,96.3,24.0,-1.428772,5.0528564,0.0,0.0
C30,2020-06-28,-64.7833,96.3,24.0,-7.9475403,-1.3267059,0.0,0.0
C30,2020-06-29,-64.7833,96.3,24.0,-5.7745056,0.9054413,0.0,0.0
C30,2020-06-30,-64.7833,96.3,24.0,-5.912842,1.0504303,0.0,0.0
C30,2020-07-01,-64.7833,96.3,24.0,-9.987595,1.3136292,0.0,0.0
C30,2020-07-02,-64.7833,96.3,24.0,-5.3522034,4.200592,0.0,0.0
C30,2020-07-03,-64.7833,96.3,24.0,4.922241,5.6844482,0.0,0.0
C30,2020-07-04,-64.7833,96.3,24.0,9.658524,2.6981964,0.0,0.0
C30,2020-07-05,-64.7833,96.3,24.0,10.651138,1.858841,0.0,0.0
C30,2020-07-06,-64.7833,96.3,24.0,9.762314,-3.1422272,0.0,0.0
C30,2020-07-07,-64.7833,96.3,24.0,14.986389,2.6217651,0.0,0.0
C30,2020-07-08,-64.7833,96.3,24.0,3.322998,0.87701416,0.0,0.0
C30,2020-07-09,-64.7833,96.3,24.0,-6.2959595,4.9219513,0.0,0.0
C30,2020-07-10,-64.7833,96.3,24.0,-19.332031,-0.59669495,0.0,0.0
C30,2020-07-11,-64.7833,96.3,24.0,-13.522263,-1.6368408,0.0,0.0
C30,2020-07-12,-64.7833,96.3,24.0,-9.871063,2.4747162,0.0,0.0
C30,2020-07-13,-64.7833,96.3,24.0,-8.494232,2.920639,0.0,0.0
C30,2020-07-14,-64.7833,96.3,24.0,-1.7050934,7.0625763,0.0,0.0
C30,2020-07-15,-64.7833,96.3,24.0,0.36949158,4.0321198,0.0,0.0
C30,2020-07-16,-64.7833,96.3,24.0,-13.46962,0.049835205,0.0,0.0
C30,2020-07-17,-64.7833,96.3,24.0,-8.108383,-0.8475952,0.0,0.0
C30,2020-07-18,-64.7833,96.3,24.0,-9.183456,-0.21444702,0.0,0.0
C30,2020-07-19,-64.7833,96.3,24.0,-19.353867,-1.0404663,0.0,0.0
C30,2020-07-20,-64.7833,96.3,24.0,-1.6292114,-7.954605,0.0,0.0
C30,2020-07-21,-64.7833,96.3,24.0,-9.398132,-2.9098206,0.0,0.0
C30,2020-07-22,-64.7833,96.3,24.0,-8.507248,-10.052109,0.0,0.0
C30,2020-07-23,-64.7833,96.3,24.0,-11.379303,4.1718903,0.0,0.0
C30,2020-07-24,-64.7833,96.3,24.0,-12.208618,2.2851562,0.0,0.0
C30,2020-07-25,-64.7833,96.3,24.0,-13.368759,1.541748,0.0,0.0
C30,2020-07-26,-64.7833,96.3,24.0,-10.14386,-1.4492645,0.0,0.0
C30,2020-07-27,-64.7833,96.3,24.0,-5.838974,2.3875275,0.0,0.0
C30,2020-07-28,-64.7833,96.3,24.0,-0.21598816,3.9391022,0.0,0.0
C30,2020-07-29,-64.7833,96.3,24.0,12.901794,1.1555939,0.0,0.0
C30,2020-07-30,-64.7833,96.3,24.0,0.14335632,-0.9921875,0.0,0.0
C30,2020-07-31,-64.7833,96.3,24.0,-2.8833313,3.699173,0.0,0.0
C30,2020-08-01,-64.7833,96.3,24.0,-7.950592,-4.2301483,0.0,0.0
C30,2020-08-02,-64.7833,96.3,24.0,4.660141,-18.137909,0.0,0.0
C30,2020-08-03,-64.7833,96.3,24.0,-15.446579,5.179199,0.0,0.0
C30,2020-08-04,-64.7833,96.3,24.0,-12.001785,-0.42362976,0.0,0.0
C30,2020-08-05,-64.7833,96.3,24.0,-12.951752,-3.4382935,0.0,0.0
C30,2020-08-06,-64.7833,96.3,24.0,-0.69903564,6.067749,0.0,0.0
C30,2020-08-07,-64.7833,96.3,24.0,-4.8923492,7.186981,0.0,0.0
C30,2020-08-08,-64.7833,96.3,24.0,6.930786,0.9484253,0.0,0.0
C30,2020-08-09,-64.7833,96.3,24.0,6.7889404,-0.54434204,0.0,0.0
C30,2020-08-10,-64.7833,96.3,24.0,-5.085449,3.6533203,0.0,0.0
C30,2020-08-11,-64.7833,96.3,24.0,-23.826752,1.7110901,0.0,0.0
C30,2020-08-12,-64.7833,96.3,24.0,-9.468445,-2.4672394,0.0,0.0
C30,2020-08-13,-64.7833,96.3,24.0,-3.1387482,1.3953094,0.0,0.0
C30,2020-08-14,-64.7833,96.3,24.0,-4.613861,2.3035889,0.0,0.0
C30,2020-08-15,-64.7833,96.3,24.0,-6.334549,-1.4433899,0.0,0.0
C30,2020-08-16,-64.7833,96.3,24.0,-13.5065155,-3.7014465,0.0,0.0
C30,2020-08-17,-64.7833,96.3,24.0,-8.75943,-3.2941437,0.0,0.0
C30,2020-08-18,-64.7833,96.3,24.0,-16.181992,-2.1944275,0.0,0.0
C30,2020-08-19,-64.7833,96.3,24.0,-8.768097,-1.9491425,0.0,0.0
C30,2020-08-20,-64.7833,96.3,24.0,-14.0373535,4.2552795,0.0,0.0
C30,2020-08-21,-64.7833,96.3,24.0,-4.0134277,-5.0077057,0.0,0.0
C30,2020-08-22,-64.7833,96.3,24.0,-3.7507782,4.387741,0.0,0.0
C30,2020-08-23,-64.7833,96.3,24.0,2.7097473,2.5246887,0.0,0.0
C30,2020-08-24,-64.7833,96.3,24.0,-4.5624084,0.38487244,0.0,0.0
C30,2020-08-25,-64.7833,96.3,24.0,-15.859161,1.987442,0.0,0.0
C30,2020-08-26,-64.7833,96.3,24.0,-17.021408,3.7087097,0.0,0.0
C30,2020-08-27,-64.7833,96.3,24.0,-11.339676,5.6623383,0.0,0.0
C30,2020-08-28,-64.7833,96.3,24.0,-5.439026,3.2201843,0.0,0.0
C30,2020-08-29,-64.7833,96.3,24.0,0.93914795,4.3301086,0.0,0.0
C30,2020-08-30,-64.7833,96.3,24.0,4.928116,4.054306,0.0,0.0
C30,2020-08-31,-64.7833,96.3,24.0,-2.4029999,-1.0989532,0.0,0.0
C30,2020-09-01,-64.7833,96.3,24.0,-7.315628,3.5567017,0.0,0.0
C30,2020-09-02,-64.7833,96.3,24.0,-7.315628,3.5567017,0.0,0.0
C30,2020-09-03,-64.7833,96.3,24.0,-7.315628,3.5567017,0.0,0.0
C30,2020-09-04,-64.7833,96.3,24.0,-7.315628,3.5567017,0.0,0.0
C30,2020-09-05,-64.7833,96.3,24.0,-7.315628,3.5567017,0.0,0.0
C30,2020-09-06,-64.7833,96.3,24.0,-7.315628,3.5567017,0.0,0.0
C30,2020-09-07,-64.7833,96.3,24.0,-7.315628,3.5567017,0.0,0.0
C30,2020-09-08,-64.7833,96.3,24.0,-7.315628,3.5567017,0.0,0.0
C30,2020-09-09,-64.7833,96.3,24.0,-7.315628,3.5567017,0.0,0.0
C30,2020-09-10,-64.7833,96.3,24.0,-7.315628,3.5567017,0.0,0.0
C30,2020-09-11,-64.7833,96.3,24.0,-7.315628,3.5567017,0.0,0.0
C30,2020-09-12,-64.7833,96.3,24.0,-7.315628,3.5567017,0.0,0.0
C30,2020-09-13,-64.7833,96.3,24.0,-7.315628,3.5567017,0.0,0.0
C30,2020-09-14,-64.7833,96.3,24.0,-7.315628,3.5567017,0.0,0.0
C30,2020-09-15,-64.7833,96.3,24.0,-7.315628,3.5567017,0.0,0.0
C30,2020-09-16,-64.7833,96.3,24.0,-7.315628,3.5567017,0.0,0.0
C30,2020-09-17,-64.7833,96.3,24.0,-7.315628,3.5567017,0.0,0.0
C30,2020-09-18,-64.7833,96.3,24.0,-7.315628,3.5567017,0.0,0.0
C30,2020-09-19,-64.7833,96.3,24.0,-7.315628,3.5567017,0.0,0.0
C30,2020-09-20,-64.7833,96.3,24.0,-7.315628,3.5567017,0.0,0.0
C30,2020-09-21,-64.7833,96.3,24.0,-7.315628,3.5567017,0.0,0.0
C30,2020-09-22,-64.7833,96.3,24.0,-7.315628,3.5567017,0.0,0.0
C30,2020-09-23,-64.7833,96.3,24.0,-7.315628,3.5567017,0.0,0.0
C30,2020-09-24,-64.7833,96.3,24.0,-7.315628,3.5567017,0.0,0.0
C30,2020-09-25,-64.7833,96.3,24.0,-7.315628,3.5567017,0.0,0.0
C30,2020-10-10,-64.7833,96.3,24.0,-7.315628,3.5567017,0.0,0.0
C30,2020-10-11,-64.7833,96.3,24.0,-7.315628,3.5567017,0.0,0.0
C30,2020-10-12,-64.7833,96.3,24.0,-7.315628,3.5567017,0.0,0.0
C30,2020-10-13,-64.7833,96.3,24.0,-7.315628,3.5567017,0.0,0.0
C30,2020-10-14,-64.7833,96.3,24.0,-7.315628,3.5567017,0.0,0.0
C30,2020-10-15,-64.7833,96.3,24.0,-7.315628,3.5567017,0.0,0.0
C30,2020-10-16,-64.7833,96.3,24.0,-7.315628,3.5567017,0.0,0.0
C30,2020-10-17,-64.7833,96.3,24.0,-7.315628,3.5567017,0.0,0.0
C30,2020-10-18,-64.7833,96.3,24.0,-7.315628,3.5567017,0.0,0.0
C30,2020-10-19,-64.7833,96.3,24.0,-7.315628,3.5567017,0.0,0.0
C30,2020-10-20,-64.7833,96.3,24.0,-7.315628,3.5567017,0.0,0.0
C30,2020-10-21,-64.7833,96.3,24.0,-7.315628,3.5567017,0.0,0.0
C30,2020-10-22,-64.7833,96.3,24.0,-7.315628,3.5567017,0.0,0.0
C30,2020-10-23,-64.7833,96.3,24.0,-7.315628,3.5567017,0.0,0.0
C30,2020-10-24,-64.7833,96.3,24.0,-7.315628,3.5567017,0.0,0.0
C30,2020-10-25,-64.7833,96.3,24.0,-7.315628,3.5567017,0.0,0.0
C30,2020-10-26,-64.7833,96.3,24.0,-7.315628,3.5567017,0.0,0.0
C30,2020-10-27,-64.7833,96.3,24.0,-7.315628,3.5567017,0.0,0.0
C30,2020-10-28,-64.7833,96.3,24.0,-7.315628,3.5567017,0.0,0.0
C30,2020-10-29,-64.7833,96.3,24.0,-7.315628,3.5567017,0.0,0.0
C30,2020-10-30,-64.7833,96.3,24.0,-7.315628,3.5567017,0.0,0.0
C30,2020-10-31,-64.7833,96.3,24.0,-7.315628,3.5567017,0.0,0.0
C30,2020-11-01,-64.7833,96.3,24.0,-7.315628,3.5567017,0.0,0.0
C30,2020-11-02,-64.7833,96.3,24.0,-7.315628,3.5567017,0.0,0.0
C30,2020-11-03,-64.7833,96.3,24.0,-7.315628,3.5567017,0.0,0.0
C30,2020-11-04,-64.7833,96.3,24.0,-7.315628,3.5567017,0.0,0.0
C30,2020-11-05,-64.7833,96.3,24.0,-7.315628,3.5567017,0.0,0.0
C30,2020-11-06,-64.7833,96.3,24.0,-7.315628,3.5567017,0.0,0.0
C30,2020-11-07,-64.7831,96.3,24.0,-7.315628,3.5567017,0.0,0.0002569444444347171
C30,2020-11-08,-64.7826,96.3,24.0,-7.315628,3.5567017,0.0,0.0006423611111141783
C30,2020-11-09,-64.782,96.3,24.0,-7.315628,3.5567017,0.0,0.0007708333333406654
C30,2020-11-10,-64.7813,96.3,24.0,-7.315628,3.5567017,0.0,0.0008993055555488954
C30,2020-11-11,-64.7807,96.3,24.0,-7.315628,3.5567017,0.0,0.0007708333333406654
C30,2020-11-12,-64.7802,96.3,24.0,-7.315628,3.5567017,0.0,0.0006423611111141783
C30,2020-11-13,-64.78,96.3,24.0,-7.315628,3.5567017,0.0,0.0002569444444347171
C30,2020-11-14,-64.78,96.3,24.0,-7.315628,3.5567017,0.0,0.0
C30,2020-11-15,-64.78,96.3,24.0,-7.315628,3.5567017,0.0,0.0
C30,2020-11-16,-64.78,96.3,24.0,-7.315628,3.5567017,0.0,0.0
C30,2020-11-17,-64.78,96.3,24.0,-7.315628,3.5567017,0.0,0.0
C30,2020-11-18,-64.78,96.3,24.0,-7.315628,3.5567017,0.0,0.0
C30,2020-11-19,-64.78,96.3,24.0,-7.315628,3.5567017,0.0,0.0
C30,2020-11-20,-64.78,96.3,24.0,-7.315628,3.5567017,0.0,0.0
C30,2020-11-21,-64.78,96.3,24.0,-7.315628,3.5567017,0.0,0.0
C30,2020-11-22,-64.78,96.3,24.0,-7.315628,3.5567017,0.0,0.0
C30,2020-11-23,-64.78,96.3,24.0,-7.315628,3.5567017,0.0,0.0
C30,2020-11-24,-64.78,96.3,24.0,-7.315628,3.5567017,0.0,0.0
C30,2020-11-25,-64.78,96.3,24.0,-7.315628,3.5567017,0.0,0.0
C30,2020-11-26,-64.78,96.3,24.0,-7.315628,3.5567017,0.0,0.0
C30,2020-11-27,-64.78,96.3,24.0,-7.315628,3.5567017,0.0,0.0
C30,2020-11-28,-64.78,96.3,24.0,-7.315628,3.5567017,0.0,0.0
C30,2020-11-29,-64.78,96.3,24.0,-7.315628,3.5567017,0.0,0.0
C30,2020-11-30,-64.78,96.3,24.0,-7.315628,3.5567017,0.0,0.0
C30,2020-12-01,-64.78,96.3,24.0,-7.315628,3.5567017,0.0,0.0
C30,2020-12-02,-64.78,96.3,24.0,-7.315628,3.5567017,0.0,0.0
C30,2020-12-03,-64.78,96.3,24.0,-7.315628,3.5567017,0.0,0.0
C30,2020-12-04,-64.78,96.3,24.0,-7.315628,3.5567017,0.0,0.0
C30,2020-12-05,-64.78,96.3,24.0,-7.315628,3.5567017,0.0,0.0
C30,2020-12-06,-64.78,96.3,24.0,-7.315628,3.5567017,0.0,0.0
C30,2020-12-07,-64.78,96.3,24.0,-7.315628,3.5567017,0.0,0.0
C30,2020-12-08,-64.78,96.3,24.0,-7.315628,3.5567017,0.0,0.0
C30,2020-12-09,-64.78,96.3,24.0,-7.315628,3.5567017,0.0,0.0
C30,2020-12-10,-64.78,96.3,24.0,-7.315628,3.5567017,0.0,0.0
C30,2020-12-11,-64.78,96.3,24.0,-7.315628,3.5567017,0.0,0.0
C30,2020-12-12,-64.78,96.3,24.0,-7.315628,3.5567017,0.0,0.0
C30,2020-12-13,-64.78,96.3,24.0,-7.315628,3.5567017,0.0,0.0
C30,2020-12-14,-64.78,96.3,24.0,-7.315628,3.5567017,0.0,0.0
C30,2020-12-15,-64.78,96.3,24.0,-7.315628,3.5567017,0.0,0.0
C30,2020-12-16,-64.78,96.3,24.0,-7.315628,3.5567017,0.0,0.0
C30,2020-12-17,-64.78,96.3,24.0,-7.315628,3.5567017,0.0,0.0
C30,2020-12-18,-64.78,96.3,24.0,-7.315628,3.5567017,0.0,0.0
C30,2020-12-19,-64.78,96.3,24.0,-7.315628,3.5567017,0.0,0.0
C30,2020-12-20,-64.78,96.3,24.0,-7.315628,3.5567017,0.0,0.0
C30,2020-12-21,-64.78,96.3,24.0,-7.315628,3.5567017,0.0,0.0
C30,2020-12-22,-64.78,96.3,24.0,-7.315628,3.5567017,0.0,0.0
C30,2020-12-23,-64.78,96.3,24.0,-7.315628,3.5567017,0.0,0.0
C30,2020-12-24,-64.78,96.3,24.0,-7.315628,3.5567017,0.0,0.0
C30,2020-12-25,-64.78,96.3,24.0,-7.315628,3.5567017,0.0,0.0
C30,2020-12-26,-64.78,96.3,24.0,-7.315628,3.5567017,0.0,0.0
C30,2020-12-27,-64.78,96.3,24.0,-7.315628,3.5567017,0.0,0.0
C30,2020-12-28,-64.78,96.3,24.0,-7.315628,3.5567017,0.0,0.0
C30,2020-12-29,-64.78,96.3,24.0,-7.315628,3.5567017,0.0,0.0
C30,2020-12-30,-64.78,96.3,24.0,-7.315628,3.5567017,0.0,0.0
C30,2020-12-31,-64.78,96.3,24.0,-7.315628,3.5567017,0.0,0.0
C31,2020-01-01,-64.6833,96.5167,24.0,-1.2819977,3.4505005,0.0,0.0
C31,2020-01-02,-64.6833,96.5167,24.0,-1.2819977,3.4505005,0.0,0.0
C31,2020-01-03,-64.6833,96.5167,24.0,-1.2819977,3.4505005,0.0,0.0
C31,2020-01-04,-64.6833,96.5167,24.0,-1.2819977,3.4505005,0.0,0.0
C31,2020-01-05,-64.6833,96.5167,24.0,-1.2819977,3.4505005,0.0,0.0
C31,2020-01-06,-64.6833,96.5167,24.0,-1.2819977,3.4505005,0.0,0.0
C31,2020-01-07,-64.6833,96.5167,24.0,-1.2819977,3.4505005,0.0,0.0
C31,2020-01-08,-64.6833,96.5167,24.0,-1.2819977,3.4505005,0.0,0.0
C31,2020-01-09,-64.6833,96.5167,24.0,-1.2819977,3.4505005,0.0,0.0
C31,2020-01-10,-64.6833,96.5167,24.0,-1.2819977,3.4505005,0.0,0.0
C31,2020-01-11,-64.6833,96.5167,24.0,-1.2819977,3.4505005,0.0,0.0
C31,2020-01-12,-64.6833,96.5167,24.0,-1.2819977,3.4505005,0.0,0.0
C31,2020-01-13,-64.6833,96.5167,24.0,-1.2819977,3.4505005,0.0,0.0
C31,2020-01-14,-64.6833,96.5167,24.0,-1.2819977,3.4505005,0.0,0.0
C31,2020-01-15,-64.6833,96.5167,24.0,-1.2819977,3.4505005,0.0,0.0
C31,2020-01-16,-64.6833,96.5167,24.0,-1.2819977,3.4505005,0.0,0.0
C31,2020-01-17,-64.6833,96.5167,24.0,-1.2819977,3.4505005,0.0,0.0
C31,2020-01-18,-64.6833,96.5167,24.0,-1.2819977,3.4505005,0.0,0.0
C31,2020-01-19,-64.6833,96.5167,24.0,-1.2819977,3.4505005,0.0,0.0
C31,2020-01-20,-64.6833,96.5167,24.0,-1.2819977,3.4505005,0.0,0.0
C31,2020-01-21,-64.6833,96.5167,24.0,-1.2819977,3.4505005,0.0,0.0
C31,2020-01-22,-64.6833,96.5167,24.0,-1.2819977,3.4505005,0.0,0.0
C31,2020-01-23,-64.6833,96.5167,24.0,-1.2819977,3.4505005,0.0,0.0
C31,2020-01-24,-64.6833,96.5167,24.0,-1.2819977,3.4505005,0.0,0.0
C31,2020-01-25,-64.6833,96.5167,24.0,-1.2819977,3.4505005,0.0,0.0
C31,2020-01-26,-64.6833,96.5167,24.0,-1.2819977,3.4505005,0.0,0.0
C31,2020-01-27,-64.6833,96.5167,24.0,-1.2819977,3.4505005,0.0,0.0
C31,2020-01-28,-64.6833,96.5167,24.0,-1.2819977,3.4505005,0.0,0.0
C31,2020-01-29,-64.6833,96.5167,24.0,-1.2819977,3.4505005,0.0,0.0
C31,2020-01-30,-64.6833,96.5167,24.0,-1.2819977,3.4505005,0.0,0.0
C31,2020-01-31,-64.6833,96.5167,24.0,-1.2819977,3.4505005,0.0,0.0
C31,2020-02-01,-64.6833,96.5167,24.0,-1.2819977,3.4505005,0.0,0.0
C31,2020-02-02,-64.6833,96.5167,24.0,-1.2819977,3.4505005,0.0,0.0
C31,2020-02-03,-64.6833,96.5167,24.0,-1.2819977,3.4505005,0.0,0.0
C31,2020-02-04,-64.6833,96.5167,24.0,-1.2819977,3.4505005,0.0,0.0
C31,2020-02-05,-64.6833,96.5167,24.0,-1.2819977,3.4505005,0.0,0.0
C31,2020-02-06,-64.6833,96.5167,24.0,-1.2819977,3.4505005,0.0,0.0
C31,2020-02-07,-64.6833,96.5167,24.0,-1.2819977,3.4505005,0.0,0.0
C31,2020-02-08,-64.6833,96.5167,24.0,-1.2819977,3.4505005,0.0,0.0
C31,2020-02-09,-64.6833,96.5167,24.0,-1.2819977,3.4505005,0.0,0.0
C31,2020-02-10,-64.6833,96.5167,24.0,-1.2819977,3.4505005,0.0,0.0
C31,2020-02-11,-64.6833,96.5167,24.0,-1.2819977,3.4505005,0.0,0.0
C31,2020-02-12,-64.6833,96.5167,24.0,-1.2819977,3.4505005,0.0,0.0
C31,2020-02-13,-64.6833,96.5167,24.0,-1.2819977,3.4505005,0.0,0.0
C31,2020-02-14,-64.6833,96.5167,24.0,-1.2819977,3.4505005,0.0,0.0
C31,2020-02-15,-64.6833,96.5167,24.0,-1.2819977,3.4505005,0.0,0.0
C31,2020-02-16,-64.6833,96.5167,24.0,-1.2819977,3.4505005,0.0,0.0
C31,2020-02-17,-64.6833,96.5167,24.0,-1.2819977,3.4505005,0.0,0.0
C31,2020-02-18,-64.6833,96.5167,24.0,-1.2819977,3.4505005,0.0,0.0
C31,2020-02-19,-64.6833,96.5167,24.0,-1.2819977,3.4505005,0.0,0.0
C31,2020-02-20,-64.6833,96.5167,24.0,-1.2819977,3.4505005,0.0,0.0
C31,2020-02-21,-64.6833,96.5167,24.0,-1.2819977,3.4505005,0.0,0.0
C31,2020-02-22,-64.6833,96.5167,24.0,-1.2819977,3.4505005,0.0,0.0
C31,2020-02-23,-64.6833,96.5167,24.0,-1.2819977,3.4505005,0.0,0.0
C31,2020-02-24,-64.6833,96.5167,24.0,-1.2819977,3.4505005,0.0,0.0
C31,2020-02-25,-64.6833,96.5167,24.0,-1.2819977,3.4505005,0.0,0.0
C31,2020-02-26,-64.6833,96.5167,24.0,-1.2819977,3.4505005,0.0,0.0
C31,2020-02-27,-64.6833,96.5167,24.0,-1.2819977,3.4505005,0.0,0.0
C31,2020-02-28,-64.6833,96.5167,24.0,-1.2819977,3.4505005,0.0,0.0
C31,2020-02-29,-64.6833,96.5167,24.0,-1.2819977,3.4505005,0.0,0.0
C31,2020-03-01,-64.6833,96.5167,24.0,-1.2819977,3.4505005,0.0,0.0
C31,2020-03-02,-64.6833,96.5167,24.0,-1.2819977,3.4505005,0.0,0.0
C31,2020-03-03,-64.6833,96.5167,24.0,-1.2819977,3.4505005,0.0,0.0
C31,2020-03-04,-64.6833,96.5167,24.0,-1.2819977,3.4505005,0.0,0.0
C31,2020-03-05,-64.6833,96.5167,24.0,-1.2819977,3.4505005,0.0,0.0
C31,2020-03-06,-64.6833,96.5167,24.0,-1.2819977,3.4505005,0.0,0.0
C31,2020-03-07,-64.6833,96.5167,24.0,-1.2819977,3.4505005,0.0,0.0
C31,2020-03-08,-64.6833,96.5167,24.0,-1.2819977,3.4505005,0.0,0.0
C31,2020-03-09,-64.6833,96.5167,24.0,-1.2819977,3.4505005,0.0,0.0
C31,2020-03-10,-64.6833,96.5167,24.0,-1.2819977,3.4505005,0.0,0.0
C31,2020-03-11,-64.6833,96.5167,24.0,-1.2819977,3.4505005,0.0,0.0
C31,2020-03-12,-64.6833,96.5167,24.0,-1.2819977,3.4505005,0.0,0.0
C31,2020-03-13,-64.6833,96.5167,24.0,-1.2819977,3.4505005,0.0,0.0
C31,2020-03-14,-64.6833,96.5167,24.0,-1.2819977,3.4505005,0.0,0.0
C31,2020-03-15,-64.6833,96.5167,24.0,-1.2819977,3.4505005,0.0,0.0
C31,2020-03-16,-64.6833,96.5167,24.0,-1.2819977,3.4505005,0.0,0.0
C31,2020-03-17,-64.6833,96.5167,24.0,-1.2819977,3.4505005,0.0,0.0
C31,2020-03-18,-64.6833,96.5167,24.0,-1.2819977,3.4505005,0.0,0.0
C31,2020-03-19,-64.6833,96.5167,24.0,-1.2819977,3.4505005,0.0,0.0
C31,2020-03-20,-64.6833,96.5167,24.0,-1.2819977,3.4505005,0.0,0.0
C31,2020-03-21,-64.6833,96.5167,24.0,-1.2819977,3.4505005,0.0,0.0
C31,2020-03-22,-64.6833,96.5167,24.0,-1.2819977,3.4505005,0.0,0.0
C31,2020-03-23,-64.6833,96.5167,24.0,-1.2819977,3.4505005,0.0,0.0
C31,2020-03-24,-64.6833,96.5167,24.0,-1.2819977,3.4505005,0.0,0.0
C31,2020-03-25,-64.6833,96.5167,24.0,-1.2819977,3.4505005,0.0,0.0
C31,2020-03-26,-64.6833,96.5167,24.0,-1.2819977,3.4505005,0.0,0.0
C31,2020-03-27,-64.6833,96.5167,24.0,-1.2819977,3.4505005,0.0,0.0
C31,2020-03-28,-64.6833,96.5167,24.0,-1.2819977,3.4505005,0.0,0.0
C31,2020-03-29,-64.6833,96.5167,24.0,-1.2819977,3.4505005,0.0,0.0
C31,2020-03-30,-64.6833,96.5167,24.0,-1.2819977,3.4505005,0.0,0.0
C31,2020-03-31,-64.6833,96.5167,24.0,-1.2819977,3.4505005,0.0,0.0
C31,2020-04-01,-64.6833,96.5167,24.0,-1.2819977,3.4505005,0.0,0.0
C31,2020-04-02,-64.6833,96.5167,24.0,-1.2819977,3.4505005,0.0,0.0
C31,2020-04-03,-64.6833,96.5167,24.0,-1.2819977,3.4505005,0.0,0.0
C31,2020-04-04,-64.6833,96.5167,24.0,-1.2819977,3.4505005,0.0,0.0
C31,2020-04-05,-64.6833,96.5167,24.0,-1.2819977,3.4505005,0.0,0.0
C31,2020-04-06,-64.6833,96.5167,24.0,-1.2819977,3.4505005,0.0,0.0
C31,2020-04-07,-64.6833,96.5167,24.0,-1.2819977,3.4505005,0.0,0.0
C31,2020-04-08,-64.6833,96.5167,24.0,-1.2819977,3.4505005,0.0,0.0
C31,2020-04-09,-64.6833,96.5167,24.0,-1.2819977,3.4505005,0.0,0.0
C31,2020-04-10,-64.6833,96.5167,24.0,-1.2819977,3.4505005,0.0,0.0
C31,2020-04-11,-64.6833,96.5167,24.0,-1.2819977,3.4505005,0.0,0.0
C31,2020-04-12,-64.6833,96.5167,24.0,-1.2819977,3.4505005,0.0,0.0
C31,2020-04-13,-64.6833,96.5167,24.0,-1.2819977,3.4505005,0.0,0.0
C31,2020-04-14,-64.6833,96.5167,24.0,-1.2819977,3.4505005,0.0,0.0
C31,2020-04-15,-64.6833,96.5167,24.0,-1.2819977,3.4505005,0.0,0.0
C31,2020-04-16,-64.6833,96.5167,24.0,-1.2819977,3.4505005,0.0,0.0
C31,2020-04-17,-64.6833,96.5167,24.0,-1.2819977,3.4505005,0.0,0.0
C31,2020-04-18,-64.6833,96.5167,24.0,-1.2819977,3.4505005,0.0,0.0
C31,2020-04-19,-64.6833,96.5167,24.0,-1.2819977,3.4505005,0.0,0.0
C31,2020-04-20,-64.6833,96.5167,24.0,-1.2819977,3.4505005,0.0,0.0
C31,2020-04-21,-64.6833,96.5167,24.0,-1.2819977,3.4505005,0.0,0.0
C31,2020-04-22,-64.6833,96.5167,24.0,-1.2819977,3.4505005,0.0,0.0
C31,2020-04-23,-64.6833,96.5167,24.0,-1.2819977,3.4505005,0.0,0.0
C31,2020-04-24,-64.6833,96.5167,24.0,-1.2819977,3.4505005,0.0,0.0
C31,2020-04-25,-64.6833,96.5167,24.0,-1.2819977,3.4505005,0.0,0.0
C31,2020-04-26,-64.6833,96.5167,24.0,-1.2819977,3.4505005,0.0,0.0
C31,2020-04-27,-64.6833,96.5167,24.0,-1.2819977,3.4505005,0.0,0.0
C31,2020-04-28,-64.6833,96.5167,24.0,-1.2819977,3.4505005,0.0,0.0
C31,2020-04-29,-64.6833,96.5167,24.0,-1.2819977,3.4505005,0.0,0.0
C31,2020-04-30,-64.6833,96.5167,24.0,-1.2819977,3.4505005,0.0,0.0
C31,2020-05-01,-64.6833,96.5167,24.0,-1.2819977,3.4505005,0.0,0.0
C31,2020-05-02,-64.6833,96.5167,24.0,-1.2819977,3.4505005,0.0,0.0
C31,2020-05-03,-64.6833,96.5167,24.0,-1.2819977,3.4505005,0.0,0.0
C31,2020-05-04,-64.6833,96.5167,24.0,-1.2819977,3.4505005,0.0,0.0
C31,2020-05-05,-64.6833,96.5167,24.0,-1.2819977,3.4505005,0.0,0.0
C31,2020-05-06,-64.6833,96.5167,24.0,-1.2819977,3.4505005,0.0,0.0
C31,2020-05-07,-64.6833,96.5167,24.0,-1.2819977,3.4505005,0.0,0.0
C31,2020-05-08,-64.6833,96.5167,24.0,-1.2819977,3.4505005,0.0,0.0
C31,2020-05-09,-64.6833,96.5167,24.0,-1.2819977,3.4505005,0.0,0.0
C31,2020-05-10,-64.6833,96.5167,24.0,-1.2819977,3.4505005,0.0,0.0
C31,2020-05-11,-64.6833,96.5167,24.0,-1.2819977,3.4505005,0.0,0.0
C31,2020-05-12,-64.6833,96.5167,24.0,-1.2819977,3.4505005,0.0,0.0
C31,2020-05-13,-64.6833,96.5167,24.0,-1.2819977,3.4505005,0.0,0.0
C31,2020-05-14,-64.6833,96.5167,24.0,-1.2819977,3.4505005,0.0,0.0
C31,2020-05-15,-64.6833,96.5167,24.0,-1.2819977,3.4505005,0.0,0.0
C31,2020-05-16,-64.6833,96.5167,24.0,-1.2819977,3.4505005,0.0,0.0
C31,2020-05-17,-64.6833,96.5167,24.0,-1.2819977,3.4505005,0.0,0.0
C31,2020-05-18,-64.6833,96.5167,24.0,-1.2819977,3.4505005,0.0,0.0
C31,2020-05-19,-64.6833,96.5167,24.0,-1.2819977,3.4505005,0.0,0.0
C31,2020-05-20,-64.6833,96.5167,24.0,-1.2819977,3.4505005,0.0,0.0
C31,2020-05-21,-64.6833,96.5167,24.0,-1.2819977,3.4505005,0.0,0.0
C31,2020-05-22,-64.6833,96.5167,24.0,-1.2819977,3.4505005,0.0,0.0
C31,2020-05-23,-64.6833,96.5167,24.0,-1.2819977,3.4505005,0.0,0.0
C31,2020-05-24,-64.6833,96.5167,24.0,-1.2819977,3.4505005,0.0,0.0
C31,2020-05-25,-64.6833,96.5167,24.0,-1.2819977,3.4505005,0.0,0.0
C31,2020-05-26,-64.6833,96.5167,24.0,-1.2819977,3.4505005,0.0,0.0
C31,2020-05-27,-64.6833,96.5167,24.0,-1.2819977,3.4505005,0.0,0.0
C31,2020-05-28,-64.6833,96.5167,24.0,-1.2819977,3.4505005,0.0,0.0
C31,2020-05-29,-64.6833,96.5167,24.0,-1.2819977,3.4505005,0.0,0.0
C31,2020-05-30,-64.6833,96.5167,24.0,-1.2819977,3.4505005,0.0,0.0
C31,2020-05-31,-64.6833,96.5167,24.0,-1.2819977,3.4505005,0.0,0.0
C31,2020-06-01,-64.6833,96.5167,24.0,-1.2819977,3.4505005,0.0,0.0
C31,2020-06-02,-64.6833,96.5167,24.0,-5.4404755,1.291748,0.0,0.0
C31,2020-06-03,-64.6833,96.5167,24.0,-2.686615,-3.949707,0.0,0.0
C31,2020-06-04,-64.6833,96.5167,24.0,-9.986877,-0.81869507,0.0,0.0
C31,2020-06-05,-64.6833,96.5167,24.0,-5.268585,-7.486389,0.0,0.0
C31,2020-06-06,-64.6833,96.5167,24.0,-1.632782,-10.322037,0.0,0.0
C31,2020-06-07,-64.6833,96.5167,24.0,-12.321228,-0.03161621,0.0,0.0
C31,2020-06-08,-64.6833,96.5167,24.0,-1.5236664,6.690048,0.0,0.0
C31,2020-06-09,-64.6833,96.5167,24.0,-5.7276154,2.9418793,0.0,0.0
C31,2020-06-10,-64.6833,96.5167,24.0,-15.583786,1.2012329,0.0,0.0
C31,2020-06-11,-64.6833,96.5167,24.0,-16.059052,2.3135223,0.0,0.0
C31,2020-06-12,-64.6833,96.5167,24.0,-17.495651,-0.28746033,0.0,0.0
C31,2020-06-13,-64.6833,96.5167,24.0,-7.9779205,5.5894775,0.0,0.0
C31,2020-06-14,-64.6833,96.5167,24.0,-3.393036,5.9651947,0.0,0.0
C31,2020-06-15,-64.6833,96.5167,24.0,3.887558,0.41253662,0.0,0.0
C31,2020-06-16,-64.6833,96.5167,24.0,0.30711365,3.6095428,0.0,0.0
C31,2020-06-17,-64.6833,96.5167,24.0,2.5487518,4.911545,0.0,0.0
C31,2020-06-18,-64.6833,96.5167,24.0,-9.018677,3.476181,0.0,0.0
C31,2020-06-19,-64.6833,96.5167,24.0,-4.895691,-4.168701,0.0,0.0
C31,2020-06-20,-64.6833,96.5167,24.0,2.3381042,-0.80430603,0.0,0.0
C31,2020-06-21,-64.6833,96.5167,24.0,-6.129547,6.9925385,0.0,0.0
C31,2020-06-22,-64.6833,96.5167,24.0,-6.095566,6.8723907,0.0,0.0
C31,2020-06-23,-64.6833,96.5167,24.0,-8.006714,5.886795,0.0,0.0
C31,2020-06-24,-64.6833,96.5167,24.0,-5.982666,6.1354523,0.0,0.0
C31,2020-06-25,-64.6833,96.5167,24.0,-6.5643005,8.05513,0.0,0.0
C31,2020-06-26,-64.6833,96.5167,24.0,-5.612625,7.229126,0.0,0.0
C31,2020-06-27,-64.6833,96.5167,24.0,-1.875061,5.036255,0.0,0.0
C31,2020-06-28,-64.6833,96.5167,24.0,-8.163361,-1.5220184,0.0,0.0
C31,2020-06-29,-64.6833,96.5167,24.0,-5.8457947,0.8868866,0.0,0.0
C31,2020-06-30,-64.6833,96.5167,24.0,-5.8151855,1.0875397,0.0,0.0
C31,2020-07-01,-64.6833,96.5167,24.0,-9.788376,1.1681213,0.0,0.0
C31,2020-07-02,-64.6833,96.5167,24.0,-5.3453674,4.196686,0.0,0.0
C31,2020-07-03,-64.6833,96.5167,24.0,4.8304443,5.805542,0.0,0.0
C31,2020-07-04,-64.6833,96.5167,24.0,9.329422,2.636673,0.0,0.0
C31,2020-07-05,-64.6833,96.5167,24.0,10.567154,1.9652863,0.0,0.0
C31,2020-07-06,-64.6833,96.5167,24.0,9.742783,-2.9889069,0.0,0.0
C31,2020-07-07,-64.6833,96.5167,24.0,14.979553,2.689148,0.0,0.0
C31,2020-07-08,-64.6833,96.5167,24.0,3.5651855,1.093811,0.0,0.0
C31,2020-07-09,-64.6833,96.5167,24.0,-5.7334595,5.5713654,0.0,0.0
C31,2020-07-10,-64.6833,96.5167,24.0,-19.204102,-0.69337463,0.0,0.0
C31,2020-07-11,-64.6833,96.5167,24.0,-13.742966,-1.670044,0.0,0.0
C31,2020-07-12,-64.6833,96.5167,24.0,-9.973602,2.3555756,0.0,0.0
C31,2020-07-13,-64.6833,96.5167,24.0,-8.770599,3.054428,0.0,0.0
C31,2020-07-14,-64.6833,96.5167,24.0,-2.159195,7.751053,0.0,0.0
C31,2020-07-15,-64.6833,96.5167,24.0,0.66539,4.339737,0.0,0.0
C31,2020-07-16,-64.6833,96.5167,24.0,-13.7782135,0.2402649,0.0,0.0
C31,2020-07-17,-64.6833,96.5167,24.0,-7.8574066,-0.72943115,0.0,0.0
C31,2020-07-18,-64.6833,96.5167,24.0,-9.063339,-0.036712646,0.0,0.0
C31,2020-07-19,-64.6833,96.5167,24.0,-19.42125,-1.0805054,0.0,0.0
C31,2020-07-20,-64.6833,96.5167,24.0,-1.9338989,-7.7055817,0.0,0.0
C31,2020-07-21,-64.6833,96.5167,24.0,-9.347351,-2.97818,0.0,0.0
C31,2020-07-22,-64.6833,96.5167,24.0,-8.875412,-9.522812,0.0,0.0
C31,2020-07-23,-64.6833,96.5167,24.0,-11.519928,3.848648,0.0,0.0
C31,2020-07-24,-64.6833,96.5167,24.0,-12.174438,2.1279297,0.0,0.0
C31,2020-07-25,-64.6833,96.5167,24.0,-13.616806,1.3620605,0.0,0.0
C31,2020-07-26,-64.6833,96.5167,24.0,-10.267883,-1.3740692,0.0,0.0
C31,2020-07-27,-64.6833,96.5167,24.0,-5.937607,2.620926,0.0,0.0
C31,2020-07-28,-64.6833,96.5167,24.0,-0.4337616,4.1148834,0.0,0.0
C31,2020-07-29,-64.6833,96.5167,24.0,12.762146,1.1897736,0.0,0.0
C31,2020-07-30,-64.6833,96.5167,24.0,0.38749695,-0.81640625,0.0,0.0
C31,2020-07-31,-64.6833,96.5167,24.0,-2.6772766,4.1200714,0.0,0.0
C31,2020-08-01,-64.6833,96.5167,24.0,-7.9535217,-3.4371796,0.0,0.0
C31,2020-08-02,-64.6833,96.5167,24.0,4.361313,-18.281464,0.0,0.0
C31,2020-08-03,-64.6833,96.5167,24.0,-15.494431,5.1137695,0.0,0.0
C31,2020-08-04,-64.6833,96.5167,24.0,-12.544754,-1.0574188,0.0,0.0
C31,2020-08-05,-64.6833,96.5167,24.0,-12.877533,-3.5847778,0.0,0.0
C31,2020-08-06,-64.6833,96.5167,24.0,-0.78692627,5.3460693,0.0,0.0
C31,2020-08-07,-64.6833,96.5167,24.0,-5.3718414,7.035614,0.0,0.0
C31,2020-08-08,-64.6833,96.5167,24.0,7.121216,1.2238159,0.0,0.0
C31,2020-08-09,-64.6833,96.5167,24.0,5.0682373,-0.1156311,0.0,0.0
C31,2020-08-10,-64.6833,96.5167,24.0,-4.554199,4.046875,0.0,0.0
C31,2020-08-11,-64.6833,96.5167,24.0,-24.009369,1.4825745,0.0,0.0
C31,2020-08-12,-64.6833,96.5167,24.0,-10.064148,-2.3686066,0.0,0.0
C31,2020-08-13,-64.6833,96.5167,24.0,-2.8457794,1.7234344,0.0,0.0
C31,2020-08-14,-64.6833,96.5167,24.0,-4.6148376,2.031128,0.0,0.0
C31,2020-08-15,-64.6833,96.5167,24.0,-5.9605255,-1.2558899,0.0,0.0
C31,2020-08-16,-64.6833,96.5167,24.0,-12.982101,-3.7141418,0.0,0.0
C31,2020-08-17,-64.6833,96.5167,24.0,-8.893219,-3.0802765,0.0,0.0
C31,2020-08-18,-64.6833,96.5167,24.0,-16.345078,-2.1651306,0.0,0.0
C31,2020-08-19,-64.6833,96.5167,24.0,-8.518097,-1.8749237,0.0,0.0
C31,2020-08-20,-64.6833,96.5167,24.0,-14.313721,3.7494202,0.0,0.0
C31,2020-08-21,-64.6833,96.5167,24.0,-3.83667,-5.0995026,0.0,0.0
C31,2020-08-22,-64.6833,96.5167,24.0,-3.9861298,4.5693817,0.0,0.0
C31,2020-08-23,-64.6833,96.5167,24.0,1.2312317,2.5705872,0.0,0.0
C31,2020-08-24,-64.6833,96.5167,24.0,-4.2206116,0.06846619,0.0,0.0
C31,2020-08-25,-64.6833,96.5167,24.0,-15.699005,1.9796295,0.0,0.0
C31,2020-08-26,-64.6833,96.5167,24.0,-17.205978,3.453827,0.0,0.0
C31,2020-08-27,-64.6833,96.5167,24.0,-11.721512,5.515854,0.0,0.0
C31,2020-08-28,-64.6833,96.5167,24.0,-5.607971,3.3383484,0.0,0.0
C31,2020-08-29,-64.6833,96.5167,24.0,1.3024292,4.4199524,0.0,0.0
C31,2020-08-30,-64.6833,96.5167,24.0,4.6048737,4.561142,0.0,0.0
C31,2020-08-31,-64.6833,96.5167,24.0,-2.1071014,-1.3411407,0.0,0.0
C31,2020-09-01,-64.6833,96.5167,24.0,-7.074417,3.180725,0.0,0.0
C31,2020-09-02,-64.6833,96.5167,24.0,-7.074417,3.180725,0.0,0.0
C31,2020-09-03,-64.6833,96.5167,24.0,-7.074417,3.180725,0.0,0.0
C31,2020-09-04,-64.6833,96.5167,24.0,-7.074417,3.180725,0.0,0.0
C31,2020-09-05,-64.6833,96.5167,24.0,-7.074417,3.180725,0.0,0.0
C31,2020-09-06,-64.6833,96.5167,24.0,-7.074417,3.180725,0.0,0.0
C31,2020-09-07,-64.6833,96.5167,24.0,-7.074417,3.180725,0.0,0.0
C31,2020-09-08,-64.6833,96.5167,24.0,-7.074417,3.180725,0.0,0.0
C31,2020-09-09,-64.6833,96.5167,24.0,-7.074417,3.180725,0.0,0.0
C31,2020-09-10,-64.6833,96.5167,24.0,-7.074417,3.180725,0.0,0.0
C31,2020-09-11,-64.6833,96.5167,24.0,-7.074417,3.180725,0.0,0.0
C31,2020-09-12,-64.6833,96.5167,24.0,-7.074417,3.180725,0.0,0.0
C31,2020-09-13,-64.6833,96.5167,24.0,-7.074417,3.180725,0.0,0.0
C31,2020-09-14,-64.6833,96.5167,24.0,-7.074417,3.180725,0.0,0.0
C31,2020-09-15,-64.6833,96.5167,24.0,-7.074417,3.180725,0.0,0.0
C31,2020-09-16,-64.6833,96.5167,24.0,-7.074417,3.180725,0.0,0.0
C31,2020-09-17,-64.6833,96.5167,24.0,-7.074417,3.180725,0.0,0.0
C31,2020-09-18,-64.6833,96.5167,24.0,-7.074417,3.180725,0.0,0.0
C31,2020-09-19,-64.6833,96.5167,24.0,-7.074417,3.180725,0.0,0.0
C31,2020-09-20,-64.6833,96.5167,24.0,-7.074417,3.180725,0.0,0.0
C31,2020-09-21,-64.6833,96.5167,24.0,-7.074417,3.180725,0.0,0.0
C31,2020-09-22,-64.6833,96.5167,24.0,-7.074417,3.180725,0.0,0.0
C31,2020-09-23,-64.6833,96.5167,24.0,-7.074417,3.180725,0.0,0.0
C31,2020-09-24,-64.6833,96.5167,24.0,-7.074417,3.180725,0.0,0.0
C31,2020-09-25,-64.6833,96.5167,24.0,-7.074417,3.180725,0.0,0.0
C31,2020-10-10,-64.6833,96.5167,24.0,-7.074417,3.180725,0.0,0.0
C31,2020-10-11,-64.6833,96.5167,24.0,-7.074417,3.180725,0.0,0.0
C31,2020-10-12,-64.6833,96.5167,24.0,-7.074417,3.180725,0.0,0.0
C31,2020-10-13,-64.6833,96.5167,24.0,-7.074417,3.180725,0.0,0.0
C31,2020-10-14,-64.6833,96.5167,24.0,-7.074417,3.180725,0.0,0.0
C31,2020-10-15,-64.6833,96.5167,24.0,-7.074417,3.180725,0.0,0.0
C31,2020-10-16,-64.6833,96.5167,24.0,-7.074417,3.180725,0.0,0.0
C31,2020-10-17,-64.6833,96.5167,24.0,-7.074417,3.180725,0.0,0.0
C31,2020-10-18,-64.6833,96.5167,24.0,-7.074417,3.180725,0.0,0.0
C31,2020-10-19,-64.6833,96.5167,24.0,-7.074417,3.180725,0.0,0.0
C31,2020-10-20,-64.6833,96.5167,24.0,-7.074417,3.180725,0.0,0.0
C31,2020-10-21,-64.6833,96.5167,24.0,-7.074417,3.180725,0.0,0.0
C31,2020-10-22,-64.6833,96.5167,24.0,-7.074417,3.180725,0.0,0.0
C31,2020-10-23,-64.6833,96.5167,24.0,-7.074417,3.180725,0.0,0.0
C31,2020-10-24,-64.6833,96.5167,24.0,-7.074417,3.180725,0.0,0.0
C31,2020-10-25,-64.6833,96.5167,24.0,-7.074417,3.180725,0.0,0.0
C31,2020-10-26,-64.6833,96.5167,24.0,-7.074417,3.180725,0.0,0.0
C31,2020-10-27,-64.6833,96.5167,24.0,-7.074417,3.180725,0.0,0.0
C31,2020-10-28,-64.6833,96.5167,24.0,-7.074417,3.180725,0.0,0.0
C31,2020-10-29,-64.6833,96.5167,24.0,-7.074417,3.180725,0.0,0.0
C31,2020-10-30,-64.6833,96.5167,24.0,-7.074417,3.180725,0.0,0.0
C31,2020-10-31,-64.6833,96.5167,24.0,-7.074417,3.180725,0.0,0.0
C31,2020-11-01,-64.6833,96.5167,24.0,-7.074417,3.180725,0.0,0.0
C31,2020-11-02,-64.6833,96.5167,24.0,-7.074417,3.180725,0.0,0.0
C31,2020-11-03,-64.6833,96.5167,24.0,-7.074417,3.180725,0.0,0.0
C31,2020-11-04,-64.6833,96.5167,24.0,-7.074417,3.180725,0.0,0.0
C31,2020-11-05,-64.6833,96.5167,24.0,-7.074417,3.180725,0.0,0.0
C31,2020-11-06,-64.6833,96.5167,24.0,-7.074417,3.180725,0.0,0.0
C31,2020-11-07,-64.6837,96.5163,24.0,-7.074417,3.180725,-0.00021974662154420352,-0.0005138888888876912
C31,2020-11-08,-64.6846,96.5154,24.0,-7.074417,3.180725,-0.0004944134803763254,-0.0011562500000018695
C31,2020-11-09,-64.6859,96.5141,24.0,-7.074417,3.180725,-0.0007141185496277485,-0.0016701388888895607
C31,2020-11-10,-64.6874,96.5126,24.0,-7.074417,3.180725,-0.0008239373350991359,-0.001927083333324278
C31,2020-11-11,-64.6887,96.5113,24.0,-7.074417,3.180725,-0.0007140447676050195,-0.0016701388888895607
C31,2020-11-12,-64.6896,96.5104,24.0,-7.074417,3.180725,-0.0004943222664878493,-0.0011562500000018695
C31,2020-11-13,-64.69,96.51,24.0,-7.074417,3.180725,-0.00021969554187208242,-0.0005138888888876912
C31,2020-11-14,-64.69,96.51,24.0,-7.074417,3.180725,0.0,0.0
C31,2020-11-15,-64.69,96.51,24.0,-7.074417,3.180725,0.0,0.0
C31,2020-11-16,-64.69,96.51,24.0,-7.074417,3.180725,0.0,0.0
C31,2020-11-17,-64.69,96.51,24.0,-7.074417,3.180725,0.0,0.0
C31,2020-11-18,-64.69,96.51,24.0,-7.074417,3.180725,0.0,0.0
C31,2020-11-19,-64.69,96.51,24.0,-7.074417,3.180725,0.0,0.0
C31,2020-11-20,-64.69,96.51,24.0,-7.074417,3.180725,0.0,0.0
C31,2020-11-21,-64.69,96.51,24.0,-7.074417,3.180725,0.0,0.0
C31,2020-11-22,-64.69,96.51,24.0,-7.074417,3.180725,0.0,0.0
C31,2020-11-23,-64.69,96.51,24.0,-7.074417,3.180725,0.0,0.0
C31,2020-11-24,-64.69,96.51,24.0,-7.074417,3.180725,0.0,0.0
C31,2020-11-25,-64.69,96.51,24.0,-7.074417,3.180725,0.0,0.0
C31,2020-11-26,-64.69,96.51,24.0,-7.074417,3.180725,0.0,0.0
C31,2020-11-27,-64.69,96.51,24.0,-7.074417,3.180725,0.0,0.0
C31,2020-11-28,-64.69,96.51,24.0,-7.074417,3.180725,0.0,0.0
C31,2020-11-29,-64.69,96.51,24.0,-7.074417,3.180725,0.0,0.0
C31,2020-11-30,-64.69,96.51,24.0,-7.074417,3.180725,0.0,0.0
C31,2020-12-01,-64.69,96.51,24.0,-7.074417,3.180725,0.0,0.0
C31,2020-12-02,-64.69,96.51,24.0,-7.074417,3.180725,0.0,0.0
C31,2020-12-03,-64.69,96.51,24.0,-7.074417,3.180725,0.0,0.0
C31,2020-12-04,-64.69,96.51,24.0,-7.074417,3.180725,0.0,0.0
C31,2020-12-05,-64.69,96.51,24.0,-7.074417,3.180725,0.0,0.0
C31,2020-12-06,-64.69,96.51,24.0,-7.074417,3.180725,0.0,0.0
C31,2020-12-07,-64.69,96.51,24.0,-7.074417,3.180725,0.0,0.0
C31,2020-12-08,-64.69,96.51,24.0,-7.074417,3.180725,0.0,0.0
C31,2020-12-09,-64.69,96.51,24.0,-7.074417,3.180725,0.0,0.0
C31,2020-12-10,-64.69,96.51,24.0,-7.074417,3.180725,0.0,0.0
C31,2020-12-11,-64.69,96.51,24.0,-7.074417,3.180725,0.0,0.0
C31,2020-12-12,-64.69,96.51,24.0,-7.074417,3.180725,0.0,0.0
C31,2020-12-13,-64.69,96.51,24.0,-7.074417,3.180725,0.0,0.0
C31,2020-12-14,-64.69,96.51,24.0,-7.074417,3.180725,0.0,0.0
C31,2020-12-15,-64.69,96.51,24.0,-7.074417,3.180725,0.0,0.0
C31,2020-12-16,-64.69,96.51,24.0,-7.074417,3.180725,0.0,0.0
C31,2020-12-17,-64.69,96.51,24.0,-7.074417,3.180725,0.0,0.0
C31,2020-12-18,-64.69,96.51,24.0,-7.074417,3.180725,0.0,0.0
C31,2020-12-19,-64.69,96.51,24.0,-7.074417,3.180725,0.0,0.0
C31,2020-12-20,-64.69,96.51,24.0,-7.074417,3.180725,0.0,0.0
C31,2020-12-21,-64.69,96.51,24.0,-7.074417,3.180725,0.0,0.0
C31,2020-12-22,-64.69,96.51,24.0,-7.074417,3.180725,0.0,0.0
C31,2020-12-23,-64.69,96.51,24.0,-7.074417,3.180725,0.0,0.0
C31,2020-12-24,-64.69,96.51,24.0,-7.074417,3.180725,0.0,0.0
C31,2020-12-25,-64.69,96.51,24.0,-7.074417,3.180725,0.0,0.0
C31,2020-12-26,-64.69,96.51,24.0,-7.074417,3.180725,0.0,0.0
C31,2020-12-27,-64.69,96.51,24.0,-7.074417,3.180725,0.0,0.0
C31,2020-12-28,-64.69,96.51,24.0,-7.074417,3.180725,0.0,0.0
C31,2020-12-29,-64.69,96.51,24.0,-7.074417,3.180725,0.0,0.0
C31,2020-12-30,-64.69,96.51,24.0,-7.074417,3.180725,0.0,0.0
C31,2020-12-31,-64.69,96.51,24.0,-7.074417,3.180725,0.0,0.0
C33,2020-01-01,-66.3833,144.3667,24.0,0.20433044,0.0178833,0.0,0.0
C33,2020-01-02,-66.3833,144.3667,24.0,0.20433044,0.0178833,0.0,0.0
C33,2020-01-03,-66.3833,144.3667,24.0,0.20433044,0.0178833,0.0,0.0
C33,2020-01-04,-66.3833,144.3667,24.0,0.20433044,0.0178833,0.0,0.0
C33,2020-01-05,-66.3833,144.3667,24.0,0.20433044,0.0178833,0.0,0.0
C33,2020-01-06,-66.3833,144.3667,24.0,0.20433044,0.0178833,0.0,0.0
C33,2020-01-07,-66.3833,144.3667,24.0,0.20433044,0.0178833,0.0,0.0
C33,2020-01-08,-66.3833,144.3667,24.0,0.20433044,0.0178833,0.0,0.0
C33,2020-01-09,-66.3833,144.3667,24.0,0.20433044,0.0178833,0.0,0.0
C33,2020-01-10,-66.3833,144.3667,24.0,0.20433044,0.0178833,0.0,0.0
C33,2020-01-11,-66.3833,144.3667,24.0,0.20433044,0.0178833,0.0,0.0
C33,2020-01-12,-66.3833,144.3667,24.0,0.20433044,0.0178833,0.0,0.0
C33,2020-01-13,-66.3833,144.3667,24.0,0.20433044,0.0178833,0.0,0.0
C33,2020-01-14,-66.3833,144.3667,24.0,0.20433044,0.0178833,0.0,0.0
C33,2020-01-15,-66.3833,144.3667,24.0,0.20433044,0.0178833,0.0,0.0
C33,2020-01-16,-66.3833,144.3667,24.0,0.20433044,0.0178833,0.0,0.0
C33,2020-01-17,-66.3833,144.3667,24.0,0.20433044,0.0178833,0.0,0.0
C33,2020-01-18,-66.387,144.3638,24.0,0.20433044,0.0178833,-0.0014923527599301593,-0.004753472222215708
C33,2020-01-19,-66.3965,144.3556,24.0,0.20433044,0.0178833,-0.004218155548550811,-0.012204861111114617
C33,2020-01-20,-66.4096,144.3431,24.0,0.20433044,0.0178833,-0.006426750472618271,-0.016829861111103836
C33,2020-01-21,-66.4237,144.327,24.0,0.20433044,0.0178833,-0.008272989582118927,-0.018114583333332195
C33,2020-01-22,-66.4368,144.3084,24.0,0.20433044,0.0178833,-0.009552607592943003,-0.016829861111122096
C33,2020-01-23,-66.4463,144.288,24.0,0.20433044,0.0178833,-0.010473070168523134,-0.012204861111096359
C33,2020-01-24,-66.45,144.2667,24.0,0.20433044,0.0178833,-0.010933497457938037,-0.0047534722222339655
C33,2020-01-25,-66.4463,144.2362,24.0,0.20433044,0.0178833,-0.015658266673525517,0.0047534722222339655
C33,2020-01-26,-66.4368,144.1917,24.0,0.20433044,0.0178833,-0.0228543568755987,0.012204861111096359
C33,2020-01-27,-66.4237,144.1391,24.0,0.20433044,0.0178833,-0.027028524970153612,0.016829861111122096
C33,2020-01-28,-66.4096,144.0843,24.0,-0.02809143,-0.07684326,-0.02817487407192016,0.018114583333332195
C33,2020-01-29,-66.3965,144.0333,24.0,-0.02809143,-0.07684326,-0.026234869875179805,0.016829861111103836
C33,2020-01-30,-66.387,143.9921,24.0,-0.02809143,-0.07684326,-0.021201701278929102,0.012204861111114617
C33,2020-01-31,-66.3833,143.9667,24.0,-0.02809143,-0.07684326,-0.013072882572571179,0.004753472222215708
C33,2020-02-01,-66.3842,143.9516,24.0,-0.02809143,-0.07684326,-0.007771395082546767,-0.0011562500000018695
C33,2020-02-02,-66.3866,143.9376,24.0,-0.02809143,-0.07684326,-0.007204576652739825,-0.0030833333333261472
C33,2020-02-03,-66.3899,143.9252,24.0,-0.02809143,-0.07684326,-0.006380355745125178,-0.004239583333328017
C33,2020-02-04,-66.3934,143.9148,24.0,-0.02809143,-0.07684326,-0.005350518235980211,-0.004496527777780991
C33,2020-02-05,-66.3967,143.9069,24.0,-0.02809143,-0.07684326,-0.00406380032075181,-0.004239583333328017
C33,2020-02-06,-66.3991,143.9018,24.0,-0.02809143,-0.07684326,-0.0026232145353540346,-0.0030833333333444043
C33,2020-02-07,-66.4,143.9,24.0,-0.02809143,-0.07684326,-0.0009258071377893165,-0.0011562500000018695
C33,2020-02-08,-66.3975,143.9083,24.0,-0.02809143,-0.07684326,0.004269425931478756,0.0032118055555708912
C33,2020-02-09,-66.3905,143.9297,24.0,-0.02809143,-0.07684326,0.01101099530134696,0.008993055555543725
C33,2020-02-10,-66.3798,143.959,24.0,-0.02809143,-0.07684326,0.015082243021400219,0.013746527777777691
C33,2020-02-11,-66.3663,143.991,24.0,1.977768,-0.6569214,0.016480948882956842,0.017343750000009785
C33,2020-02-12,-66.3508,144.0203,24.0,1.977768,-0.6569214,0.01509969740949677,0.019913194444429985
C33,2020-02-13,-66.3339,144.0417,24.0,1.977768,-0.6569214,0.01103587579072485,0.02171180555556429
C33,2020-02-14,-66.3167,144.05,24.0,1.977768,-0.6569214,0.004283201236614245,0.022097222222225495
C33,2020-02-15,-66.2964,144.0474,24.0,1.977768,-0.6569214,-0.001342809398999553,0.026079861111100534
C33,2020-02-16,-66.2705,144.0397,24.0,1.977768,-0.6569214,-0.00398087577247848,0.03327430555556473
C33,2020-02-17,-66.2403,144.0272,24.0,1.977768,-0.6569214,-0.006470208684953682,0.038798611111102846
C33,2020-02-18,-66.207,144.0101,24.0,1.977768,-0.6569214,-0.00886292992127143,0.042781250000014405
C33,2020-02-19,-66.1717,143.9886,24.0,1.977768,-0.6569214,-0.011159019093918119,0.0453506944444346
C33,2020-02-20,-66.1357,143.9629,24.0,1.977768,-0.6569214,-0.01335789494915115,0.046250000000001755
C33,2020-02-21,-66.1,143.9333,24.0,3.352768,-0.08660889,-0.015406634230594568,0.04586458333334055
C33,2020-02-22,-66.0617,143.8179,24.0,3.9406586,-0.031921387,-0.06015564652147158,0.049204861111101415
C33,2020-02-23,-66.0186,143.5661,24.0,4.4943695,-0.009460449,-0.13148053569759943,0.05537152777777196
C33,2020-02-24,-65.9732,143.2253,24.0,4.8332367,-0.062194824,-0.17826993098486169,0.058326388888889885
C33,2020-02-25,-65.9278,142.8427,24.0,5.216049,-0.124694824,-0.20049087087469444,0.058326388888889885
C33,2020-02-26,-65.885,142.4656,24.0,5.1613617,-0.08758545,-0.19793911901240693,0.054986111111110764
C33,2020-02-27,-65.8471,142.1412,24.0,5.5685883,0.26593018,-0.1705285669699477,0.048690972222231975
C33,2020-02-28,-65.8167,141.9167,24.0,5.3205414,0.40167236,-0.11815337521367911,0.03905555555555582
C33,2020-02-29,-65.7903,141.7716,24.0,5.035385,0.6253052,-0.07644384688512688,0.03391666666666065
C33,2020-03-01,-65.7638,141.6493,24.0,5.035385,0.6253052,-0.06449826740373182,0.03404513888888713
C33,2020-03-02,-65.7388,141.5433,24.0,4.73851,0.85772705,-0.05595619169928985,0.03211805555556286
C33,2020-03-03,-65.7168,141.4469,24.0,4.73851,0.85772705,-0.05093181141796414,0.028263888888877788
C33,2020-03-04,-65.6992,141.3536,24.0,4.4562836,1.0745239,-0.04932752247266674,0.022611111111113184
C33,2020-03-05,-65.6875,141.2569,24.0,4.4562836,1.0745239,-0.051148215582020796,0.015031250000006045
C33,2020-03-06,-65.6833,141.15,24.0,4.4562836,1.0745239,-0.056552548119004294,0.005395833333329886
C33,2020-03-07,-65.6833,141.0389,24.0,4.245346,1.333313,-0.058774444303285635,0.0
C33,2020-03-08,-65.6833,140.9313,24.0,4.245346,1.333313,-0.05692286414973038,0.0
C33,2020-03-09,-65.6833,140.8236,24.0,3.9914398,1.592102,-0.05697576643981906,0.0
C33,2020-03-10,-65.6833,140.712,24.0,3.9914398,1.592102,-0.059038955753804266,0.0
C33,2020-03-11,-65.6833,140.5927,24.0,3.5226898,1.864563,-0.06311243209164086,0.0
C33,2020-03-12,-65.6833,140.4622,24.0,3.5226898,1.864563,-0.06903748858307782,0.0
C33,2020-03-13,-65.6833,140.3167,24.0,2.9611664,2.130188,-0.07697283209836615,0.0
C33,2020-03-14,-65.6817,140.1323,24.0,2.9611664,2.130188,-0.09755785157167268,0.002055555555550765
C33,2020-03-15,-65.6773,139.9014,24.0,2.5060883,2.3655396,-0.12217969556729445,0.00565277777778286
C33,2020-03-16,-65.6706,139.6451,24.0,1.9133148,2.3538208,-0.1356550770256795,0.008607638888900778
C33,2020-03-17,-65.6623,139.3842,24.0,1.2883148,2.1799927,-0.1381340179972049,0.010663194444433286
C33,2020-03-18,-65.6529,139.1397,24.0,0.783432,1.9797974,-0.12949795824295698,0.01207638888888813
C33,2020-03-19,-65.6431,138.9324,24.0,0.46507263,1.864563,-0.1098367010512618,0.012590277777775822
C33,2020-03-20,-65.6333,138.7833,24.0,0.10765076,1.7034302,-0.07902961526650047,0.012590277777775822
C33,2020-03-21,-65.6208,138.6707,24.0,0.66233826,1.7190552,-0.059711743031786335,0.01605902777778143
C33,2020-03-22,-65.6038,138.5622,24.0,0.7805023,1.6506958,-0.057575182596881054,0.021840277777772518
C33,2020-03-23,-65.5846,138.4627,24.0,0.7805023,1.6506958,-0.0528383694324994,0.024666666666682206
C33,2020-03-24,-65.5657,138.3768,24.0,0.7805023,1.6506958,-0.04564938597251348,0.02428124999998449
C33,2020-03-25,-65.5492,138.3096,24.0,0.51097107,1.5237427,-0.03573437713836976,0.0211979166666766
C33,2020-03-26,-65.5377,138.2657,24.0,0.51097107,1.5237427,-0.02335463706286645,0.014774305555553072
C33,2020-03-27,-65.5333,138.25,24.0,0.51097107,1.5237427,-0.008353751615849364,0.00565277777778286
C33,2020-03-28,-65.5333,138.2509,24.0,0.51097107,1.5237427,0.000478877481163821,0.0
C33,2020-03-29,-65.5333,138.2533,24.0,0.51097107,1.5237427,0.0012770066164318151,0.0
C33,2020-03-30,-65.5333,138.2566,24.0,0.51097107,1.5237427,0.0017558840975956363,0.0
C33,2020-03-31,-65.5333,138.2601,24.0,0.51097107,1.5237427,0.0018623013156354017,0.0
C33,2020-04-01,-65.5333,138.2634,24.0,0.51097107,1.5237427,0.0017558840975956363,0.0
C33,2020-04-02,-65.5333,138.2658,24.0,0.51097107,1.5237427,0.001277006616446938,0.0
C33,2020-04-03,-65.5333,138.2667,24.0,0.51097107,1.5237427,0.00047887748114869825,0.0
C33,2020-04-04,-65.5296,138.2639,24.0,0.51097107,1.5237427,-0.0014900524879576985,0.004753472222215708
C33,2020-04-05,-65.5201,138.2568,24.0,0.51097107,1.5237427,-0.0037797238835116393,0.012204861111114617
C33,2020-04-06,-65.5071,138.247,24.0,0.51097107,1.5237427,-0.005219683386165566,0.016701388888895607
C33,2020-04-07,-65.4929,138.2364,24.0,0.51097107,1.5237427,-0.00564885115817229,0.018243055555540424
C33,2020-04-08,-65.4799,138.2266,24.0,0.51097107,1.5237427,-0.005225121922479388,0.016701388888895607
C33,2020-04-09,-65.4704,138.2195,24.0,0.51097107,1.5237427,-0.003786923474512804,0.012204861111114617
C33,2020-04-10,-65.4667,138.2167,24.0,0.51097107,1.5237427,-0.0014936459393817287,0.004753472222215708
C33,2020-04-11,-65.4667,138.2167,24.0,0.51097107,1.5237427,0.0,0.0
C33,2020-04-12,-65.4667,138.2167,24.0,0.51097107,1.5237427,0.0,0.0
C33,2020-04-13,-65.4667,138.2167,24.0,0.51097107,1.5237427,0.0,0.0
C33,2020-04-14,-65.4667,138.2167,24.0,0.51097107,1.5237427,0.0,0.0
C33,2020-04-15,-65.4667,138.2167,24.0,0.51097107,1.5237427,0.0,0.0
C33,2020-04-16,-65.4667,138.2167,24.0,0.51097107,1.5237427,0.0,0.0
C33,2020-04-17,-65.4667,138.2167,24.0,0.51097107,1.5237427,0.0,0.0
C33,2020-04-18,-65.4659,138.2167,24.0,0.51097107,1.5237427,0.0,0.0010277777777753824
C33,2020-04-19,-65.4636,138.2167,24.0,0.51097107,1.5237427,0.0,0.0029548611111179174
C33,2020-04-20,-65.46,138.2167,24.0,0.51097107,1.5237427,0.0,0.004625000000007478
C33,2020-04-21,-65.455,138.2167,24.0,0.51097107,1.5237427,0.0,0.006423611111105269
C33,2020-04-22,-65.4488,138.2167,24.0,0.51097107,1.5237427,0.0,0.007965277777768343
C33,2020-04-23,-65.4416,138.2167,24.0,0.51097107,1.5237427,0.0,0.009250000000014956
C33,2020-04-24,-65.4333,138.2167,24.0,0.51097107,1.5237427,0.0,0.010663194444433286
C33,2020-04-25,-65.4125,138.1488,24.0,0.51097107,1.5237427,-0.0362959673006627,0.026722222222232972
C33,2020-04-26,-65.3715,137.9651,24.0,2.5461273,1.2981567,-0.09835043780044075,0.05267361111110703
C33,2020-04-27,-65.3161,137.6958,24.0,2.7463226,1.3557739,-0.1444835215518295,0.07117361111110042
C33,2020-04-28,-65.2521,137.3711,24.0,3.2541351,1.6282349,-0.1746297337683661,0.08222222222223143
C33,2020-04-29,-65.1853,137.0213,24.0,3.4445648,1.7141724,-0.1886046773316323,0.08581944444444525
C33,2020-04-30,-65.1216,136.6764,24.0,4.9680023,1.0110474,-0.1864097308441539,0.08183680555555196
C33,2020-05-01,-65.0667,136.3667,24.0,4.464096,1.2219849,-0.16773080711258573,0.0705312500000045
C33,2020-05-02,-65.0135,136.0654,24.0,3.9972992,1.4719849,-0.16350728840172582,0.06834722222222724
C33,2020-05-03,-64.9544,135.7366,24.0,3.6398773,1.748352,-0.17882563136386187,0.07592708333331613
C33,2020-05-04,-64.8945,135.3966,24.0,3.1447601,2.0647583,-0.18533063445734682,0.07695486111112802
C33,2020-05-05,-64.839,135.0616,24.0,1.502182,2.3440552,-0.18298260635656133,0.07130208333332691
C33,2020-05-06,-64.793,134.748,24.0,0.7267914,2.4837036,-0.1715862819552456,0.05909722222221229
C33,2020-05-07,-64.7616,134.472,24.0,-0.04762268,2.6223755,-0.15118923329235187,0.04034027777778417
C33,2020-05-08,-64.75,134.25,24.0,-0.6433258,2.598938,-0.12166095935939969,0.01490277777777956
C33,2020-05-09,-64.7677,134.0731,24.0,-1.4069977,2.5715942,-0.09688164707706504,-0.022739583333339673
C33,2020-05-10,-64.8151,133.9182,24.0,-1.4069977,2.5715942,-0.08468409963625638,-0.06089583333332834
C33,2020-05-11,-64.8837,133.7797,24.0,-2.4314117,3.0159302,-0.07552534890197897,-0.088131944444449
C33,2020-05-12,-64.965,133.6524,24.0,-2.4314117,3.0159302,-0.06920769322158521,-0.10444791666666514
C33,2020-05-13,-65.0504,133.5308,24.0,-2.9812164,2.4260864,-0.0658977934363756,-0.10971527777776856
C33,2020-05-14,-65.1316,133.4096,24.0,-3.442154,2.842102,-0.06548088068754153,-0.10431944444445691
C33,2020-05-15,-65.2,133.2833,24.0,-4.2360992,1.8977661,-0.06806046966942565,-0.08787499999999603
C33,2020-05-16,-65.2647,133.1505,24.0,-4.2360992,1.8977661,-0.07138824889062186,-0.08312152777778033
C33,2020-05-17,-65.3363,133.0152,24.0,-4.5925446,1.154602,-0.07253480833735482,-0.09198611111109756
C33,2020-05-18,-65.4088,132.8809,24.0,-4.6355133,0.98565674,-0.07180024070703074,-0.09314236111111768
C33,2020-05-19,-65.4759,132.7506,24.0,-4.904068,-0.369812,-0.06948342709322172,-0.08620486111110646
C33,2020-05-20,-65.5314,132.6277,24.0,-4.904068,-0.369812,-0.06539814618282651,-0.07130208333334516
C33,2020-05-21,-65.5693,132.5153,24.0,-5.0105133,-1.4987183,-0.05972388124014726,-0.048690972222213726
C33,2020-05-22,-65.5833,132.4167,24.0,-5.0105133,-1.4987183,-0.05236305152594356,-0.017986111111105707
C33,2020-05-23,-65.5805,132.3224,24.0,-4.239029,-1.8746948,-0.050084861075533726,0.0035972222222138387
C33,2020-05-24,-65.5734,132.2251,24.0,-4.239029,-1.8746948,-0.051692332993692434,0.009121527777770212
C33,2020-05-25,-65.5636,132.1312,24.0,-4.239029,-1.8746948,-0.04990480944498112,0.012590277777794078
C33,2020-05-26,-65.553,132.0469,24.0,-4.294693,-1.8151245,-0.044820961108314385,0.013618055555551201
C33,2020-05-27,-65.5432,131.9788,24.0,-4.294693,-1.8151245,-0.03622130257035196,0.012590277777775822
C33,2020-05-28,-65.5361,131.9333,24.0,-4.294693,-1.8151245,-0.024207316951405003,0.009121527777770212
C33,2020-05-29,-65.5333,131.9167,24.0,-4.294693,-1.8151245,-0.008832629097013186,0.0035972222222320958
C33,2020-05-30,-65.5352,131.9435,24.0,-4.294693,-1.8151245,0.014258867976211644,-0.002440972222230226
C33,2020-05-31,-65.5399,132.0125,24.0,-4.294693,-1.8151245,0.03670464566195347,-0.006038194444444065
C33,2020-06-01,-65.5464,132.1069,24.0,-4.294693,-1.8151245,0.050203686856165906,-0.008350694444447804
C33,2020-06-02,-65.5536,132.2098,24.0,-1.0430145,3.1403809,0.054709023228441414,-0.009249999999996698
C33,2020-06-03,-65.5601,132.3042,24.0,-9.322357,2.1137695,0.0501772879586316,-0.008350694444447804
C33,2020-06-04,-65.5648,132.3732,24.0,-2.885315,4.0104065,0.03666957543608083,-0.006038194444444065
C33,2020-06-05,-65.5667,132.4,24.0,4.9882507,2.673767,0.014241636176170719,-0.002440972222211969
C33,2020-06-06,-65.5667,132.3996,24.0,-0.4579773,3.7844086,-0.00021256173397968546,0.0
C33,2020-06-07,-65.5667,132.3986,24.0,-4.9589233,1.8394775,-0.0005314043349341101,0.0
C33,2020-06-08,-65.5667,132.3968,24.0,-4.2912445,-0.092178345,-0.0009565278028632741,0.0
C33,2020-06-09,-65.5667,132.3944,24.0,-8.83699,1.366684,-0.0012753704038479057,0.0
C33,2020-06-10,-65.5667,132.3913,24.0,-2.0222626,3.8828735,-0.0016473534382821485,0.0
C33,2020-06-11,-65.5667,132.3876,24.0,2.401886,-0.7499542,-0.001966196039251677,0.0
C33,2020-06-12,-65.5667,132.3833,24.0,-5.658737,-1.937851,-0.0022850386402061013,0.0
C33,2020-06-13,-65.5695,132.3649,24.0,-10.145889,1.550415,-0.009776787994045303,-0.0035972222222320958
C33,2020-06-14,-65.5766,132.3219,24.0,-7.459442,-1.0562897,-0.02284169559204917,-0.009121527777770212
C33,2020-06-15,-65.5864,132.2583,24.0,-11.609512,4.048279,-0.033771735921101276,-0.012590277777775822
C33,2020-06-16,-65.597,132.1785,24.0,5.7475433,3.0216522,-0.04235669887134617,-0.013618055555551201
C33,2020-06-17,-65.6068,132.0866,24.0,-5.157303,-0.15486145,-0.048760814973370745,-0.012590277777794078
C33,2020-06-18,-65.6139,131.9868,24.0,-20.434692,4.694931,-0.05293797073405591,-0.009121527777770212
C33,2020-06-19,-65.6167,131.8833,24.0,7.441223,1.5549316,-0.05489468250060044,-0.0035972222222138387
C33,2020-06-20,-65.6151,131.7435,24.0,-0.61502075,-0.0025482178,-0.07415216823492153,0.002055555555550765
C33,2020-06-21,-65.6107,131.5477,24.0,2.731781,-0.42152405,-0.10387306278574909,0.00565277777778286
C33,2020-06-22,-65.604,131.3193,24.0,-11.201035,1.2151642,-0.1211988064067536,0.00860763888888252
C33,2020-06-23,-65.5957,131.0818,24.0,0.27844238,-0.39543152,-0.1260679082535373,0.010663194444451542
C33,2020-06-24,-65.5863,130.8587,24.0,-13.792236,1.5036163,-0.11846703231168225,0.01207638888888813
C33,2020-06-25,-65.5765,130.6736,24.0,-20.968597,1.936966,-0.0983259093930258,0.012590277777775822
C33,2020-06-26,-65.5667,130.55,24.0,-23.354813,-0.7943115,-0.06568157579753281,0.012590277777775822
C33,2020-06-27,-65.5547,130.4663,24.0,-18.26471,1.2471924,-0.0444990462203681,0.015416666666667252
C33,2020-06-28,-65.5388,130.3872,24.0,-10.0159,-2.4468231,-0.04207913054819942,0.020427083333335934
C33,2020-06-29,-65.521,130.3158,24.0,-19.035248,-0.7820587,-0.038008869667949634,0.0228680555555479
C33,2020-06-30,-65.5031,130.2551,24.0,-16.52417,-0.31089783,-0.03233503397500633,0.02299652777777439
C33,2020-07-01,-65.4868,130.208,24.0,-17.273727,2.0802307,-0.025105945641332273,0.020940972222223624
C33,2020-07-02,-65.4741,130.1775,24.0,-20.910797,1.4330139,-0.01626546780320014,0.016315972222216146
C33,2020-07-03,-65.4667,130.1667,24.0,-14.947876,-3.9317627,-0.00576120576618017,0.009506944444449673
C33,2020-07-04,-65.4632,130.1732,24.0,-8.811203,0.00093078613,0.003467856414582015,0.004496527777780991
C33,2020-07-05,-65.4605,130.1898,24.0,-12.773666,-3.7144012,0.008857285983801472,0.0034687500000056084
C33,2020-07-06,-65.4585,130.2126,24.0,13.123642,2.0931244,0.012166359051649273,0.0025694444444384562
C33,2020-07-07,-65.4567,130.2374,24.0,-10.68158,-2.4612427,0.013234494044823167,0.002312500000003739
C33,2020-07-08,-65.4549,130.2602,24.0,8.760498,-1.2401733,0.01216803321231226,0.002312500000003739
C33,2020-07-09,-65.4528,130.2768,24.0,8.271423,1.0596466,0.00885989308825721,0.002697916666664943
C33,2020-07-10,-65.45,130.2833,24.0,1.3066406,4.423813,0.0034696064495499178,0.0035972222222138387
C33,2020-07-11,-65.4458,130.2556,24.0,1.3195343,5.0008545,-0.01478823411616518,0.005395833333329886
C33,2020-07-12,-65.4402,130.1842,24.0,-16.326141,-0.50868225,-0.038126563039609825,0.007194444444445934
C33,2020-07-13,-65.4338,130.0865,24.0,-11.723724,0.4323578,-0.05218313271995214,0.008222222222221317
C33,2020-07-14,-65.4275,129.9801,24.0,-9.26857,0.03327942,-0.05684361134941984,0.008093750000013087
C33,2020-07-15,-65.422,129.8824,24.0,2.9388275,1.5164948,-0.052206641852739426,0.007065972222219447
C33,2020-07-16,-65.4182,129.811,24.0,-14.089737,3.3242493,-0.03815859514127522,0.004881944444442195
C33,2020-07-17,-65.4167,129.7833,24.0,-16.248032,0.663147,-0.014804671943033311,0.001927083333324278
C33,2020-07-18,-65.4167,129.7833,24.0,-7.86705,3.053131,0.0,0.0
C33,2020-07-19,-65.4167,129.7833,24.0,-1.8870697,2.5357056,0.0,0.0
C33,2020-07-20,-65.4167,129.7833,24.0,-0.16925049,-2.9174957,0.0,0.0
C33,2020-07-21,-65.4167,129.7833,24.0,-16.078796,-0.72817993,0.0,0.0
C33,2020-07-22,-65.4167,129.7833,24.0,5.879471,-1.2640228,0.0,0.0
C33,2020-07-23,-65.4167,129.7833,24.0,1.7857361,1.846695,0.0,0.0
C33,2020-07-24,-65.4167,129.7833,24.0,-10.178345,-0.51171875,0.0,0.0
C33,2020-07-25,-65.4167,129.7861,24.0,-4.199814,0.6970215,0.0014965011350394227,0.0
C33,2020-07-26,-65.4167,129.7932,24.0,2.532898,3.1356964,0.0037946993067011396,0.0
C33,2020-07-27,-65.4167,129.803,24.0,-5.8663177,-0.4571991,0.005237753972615194,0.0
C33,2020-07-28,-65.4167,129.8136,24.0,-29.051926,3.05336,0.005665325725496621,0.0
C33,2020-07-29,-65.4167,129.8234,24.0,-7.048401,-4.953781,0.005237753972615194,0.0
C33,2020-07-30,-65.4167,129.8305,24.0,-0.17988586,1.0048828,0.0037946993067011396,0.0
C33,2020-07-31,-65.4167,129.8333,24.0,8.120575,-0.09184265,0.0014965011350394227,0.0
C33,2020-08-01,-65.4158,129.8231,24.0,4.301361,-4.3971405,-0.005451727030300962,0.0011562500000018695
C33,2020-08-02,-65.4134,129.797,24.0,-6.542984,6.2497864,-0.013951284620977925,0.0030833333333444043
C33,2020-08-03,-65.4101,129.7612,24.0,10.238968,-0.7836914,-0.019138653607259564,0.004239583333328017
C33,2020-08-04,-65.4066,129.7221,24.0,-5.662918,-3.6628876,-0.020905621385443003,0.004496527777780991
C33,2020-08-05,-65.4033,129.6863,24.0,-15.419525,1.4005737,-0.01914361699800702,0.004239583333328017
C33,2020-08-06,-65.4009,129.6602,24.0,-8.480286,-3.9459229,-0.013957936412143492,0.0030833333333444043
C33,2020-08-07,-65.4,129.65,24.0,-11.856216,-1.4516907,-0.005455012881911026,0.0011562499999836124
C33,2020-08-08,-65.4,129.6509,24.0,4.772583,-0.6277466,0.0004813246660518671,0.0
C33,2020-08-09,-65.4,129.6533,24.0,3.16687,3.2037048,0.0012835324427999122,0.0
C33,2020-08-10,-65.4,129.6566,24.0,2.5737305,0.2763672,0.0017648571088517795,0.0
C33,2020-08-11,-65.4,129.6601,24.0,1.8587952,3.0831604,0.001871818145755572,0.0
C33,2020-08-12,-65.4,129.6634,24.0,4.0960083,-0.82173157,0.0017648571088517795,0.0
C33,2020-08-13,-65.4,129.6658,24.0,-18.870193,-2.282425,0.0012835324427999122,0.0
C33,2020-08-14,-65.4,129.6667,24.0,-4.3277283,-1.8048096,0.0004813246660518671,0.0
C33,2020-08-15,-65.4,129.6667,24.0,-0.24177551,-2.3867493,0.0,0.0
C33,2020-08-16,-65.4,129.6667,24.0,-8.067062,-1.5871887,0.0,0.0
C33,2020-08-17,-65.4,129.6667,24.0,3.6038513,4.905075,0.0,0.0
C33,2020-08-18,-65.4,129.6667,24.0,-2.4857025,2.3963928,0.0,0.0
C33,2020-08-19,-65.4,129.6667,24.0,-3.948761,-0.20109558,0.0,0.0
C33,2020-08-20,-65.4,129.6667,24.0,6.588623,1.0619202,0.0,0.0
C33,2020-08-21,-65.4,129.6667,24.0,-3.9606934,-2.5780182,0.0,0.0
C33,2020-08-22,-65.3991,129.6658,24.0,-7.8767548,-1.3730011,-0.0004813411798410448,0.0011562500000018695
C33,2020-08-23,-65.3967,129.6634,24.0,-8.362518,-1.0856628,-0.001283693909412373,0.0030833333333444043
C33,2020-08-24,-65.3934,129.6601,24.0,-9.492096,2.2276459,-0.0017653011361807773,0.004239583333328017
C33,2020-08-25,-65.3899,129.6566,24.0,2.749237,1.8565826,-0.0018725388136404642,0.004496527777780991
C33,2020-08-26,-65.3866,129.6533,24.0,-8.602463,1.7497253,-0.0017657585943838172,0.004239583333328017
C33,2020-08-27,-65.3842,129.6509,24.0,-14.331863,2.3654633,-0.0012843054867493894,0.0030833333333261472
C33,2020-08-28,-65.3833,129.65,24.0,-5.6050415,4.837372,-0.0004816310692365017,0.0011562500000018695
C33,2020-08-29,-65.3833,129.65,24.0,-5.583313,2.9101868,0.0,0.0
C33,2020-08-30,-65.3833,129.65,24.0,2.228897,1.6724701,0.0,0.0
C33,2020-08-31,-65.3833,129.65,24.0,-3.7594452,1.8258514,0.0,0.0
C33,2020-09-01,-65.3833,129.65,24.0,-1.6652374,5.214905,0.0,0.0
C33,2020-09-02,-65.3833,129.65,24.0,-1.6652374,5.214905,0.0,0.0
C33,2020-09-03,-65.3833,129.65,24.0,-1.6652374,5.214905,0.0,0.0
C33,2020-09-04,-65.3833,129.65,24.0,-1.6652374,5.214905,0.0,0.0
C33,2020-09-05,-65.3833,129.65,24.0,-1.6652374,5.214905,0.0,0.0
C33,2020-09-06,-65.3833,129.65,24.0,-1.6652374,5.214905,0.0,0.0
C33,2020-09-07,-65.3833,129.65,24.0,-1.6652374,5.214905,0.0,0.0
C33,2020-09-08,-65.3833,129.65,24.0,-1.6652374,5.214905,0.0,0.0
C33,2020-09-09,-65.3833,129.65,24.0,-1.6652374,5.214905,0.0,0.0
C33,2020-09-10,-65.3833,129.65,24.0,-1.6652374,5.214905,0.0,0.0
C33,2020-09-11,-65.3833,129.65,24.0,-1.6652374,5.214905,0.0,0.0
C33,2020-09-12,-65.3833,129.65,24.0,-1.6652374,5.214905,0.0,0.0
C33,2020-09-13,-65.3833,129.65,24.0,-1.6652374,5.214905,0.0,0.0
C33,2020-09-14,-65.3833,129.65,24.0,-1.6652374,5.214905,0.0,0.0
C33,2020-09-15,-65.3833,129.65,24.0,-1.6652374,5.214905,0.0,0.0
C33,2020-09-16,-65.3833,129.65,24.0,-1.6652374,5.214905,0.0,0.0
C33,2020-09-17,-65.3833,129.65,24.0,-1.6652374,5.214905,0.0,0.0
C33,2020-09-18,-65.3833,129.65,24.0,-1.6652374,5.214905,0.0,0.0
C33,2020-09-19,-65.3833,129.6491,24.0,-1.6652374,5.214905,-0.0004816310692365017,0.0
C33,2020-09-20,-65.3833,129.6467,24.0,-1.6652374,5.214905,-0.0012843495179589346,0.0
C33,2020-09-21,-65.3833,129.6434,24.0,-1.6652374,5.214905,-0.0017659805871954363,0.0
C33,2020-09-22,-65.3833,129.6399,24.0,-1.6652374,5.214905,-0.0018730097136958168,0.0
C33,2020-09-23,-65.3833,129.6366,24.0,-1.6652374,5.214905,-0.001765980587210646,0.0
C33,2020-09-24,-65.3833,129.6342,24.0,-1.6652374,5.214905,-0.0012843495179589346,0.0
C33,2020-09-25,-65.3833,129.6333,24.0,-1.6652374,5.214905,-0.0004816310692365017,0.0
C33,2020-10-10,-65.3833,129.6333,24.0,-1.6652374,5.214905,0.0,0.0
C33,2020-10-11,-65.3833,129.6333,24.0,-1.6652374,5.214905,0.0,0.0
C33,2020-10-12,-65.3833,129.6333,24.0,-1.6652374,5.214905,0.0,0.0
C33,2020-10-13,-65.3833,129.6333,24.0,-1.6652374,5.214905,0.0,0.0
C33,2020-10-14,-65.3833,129.6333,24.0,-1.6652374,5.214905,0.0,0.0
C33,2020-10-15,-65.3833,129.6333,24.0,-1.6652374,5.214905,0.0,0.0
C33,2020-10-16,-65.3833,129.6333,24.0,-1.6652374,5.214905,0.0,0.0
C33,2020-10-17,-65.3833,129.6333,24.0,-1.6652374,5.214905,0.0,0.0
C33,2020-10-18,-65.3833,129.6333,24.0,-1.6652374,5.214905,0.0,0.0
C33,2020-10-19,-65.3833,129.6333,24.0,-1.6652374,5.214905,0.0,0.0
C33,2020-10-20,-65.3833,129.6333,24.0,-1.6652374,5.214905,0.0,0.0
C33,2020-10-21,-65.3833,129.6333,24.0,-1.6652374,5.214905,0.0,0.0
C33,2020-10-22,-65.3833,129.6333,24.0,-1.6652374,5.214905,0.0,0.0
C33,2020-10-23,-65.3833,129.6333,24.0,-1.6652374,5.214905,0.0,0.0
C33,2020-10-24,-65.3833,129.6333,24.0,-1.6652374,5.214905,0.0,0.0
C33,2020-10-25,-65.3833,129.6333,24.0,-1.6652374,5.214905,0.0,0.0
C33,2020-10-26,-65.3833,129.6333,24.0,-1.6652374,5.214905,0.0,0.0
C33,2020-10-27,-65.3833,129.6333,24.0,-1.6652374,5.214905,0.0,0.0
C33,2020-10-28,-65.3833,129.6333,24.0,-1.6652374,5.214905,0.0,0.0
C33,2020-10-29,-65.3833,129.6333,24.0,-1.6652374,5.214905,0.0,0.0
C33,2020-10-30,-65.3833,129.6333,24.0,-1.6652374,5.214905,0.0,0.0
C33,2020-10-31,-65.3833,129.6333,24.0,-1.6652374,5.214905,0.0,0.0
C33,2020-11-01,-65.3833,129.6333,24.0,-1.6652374,5.214905,0.0,0.0
C33,2020-11-02,-65.3833,129.6333,24.0,-1.6652374,5.214905,0.0,0.0
C33,2020-11-03,-65.3833,129.6333,24.0,-1.6652374,5.214905,0.0,0.0
C33,2020-11-04,-65.3833,129.6333,24.0,-1.6652374,5.214905,0.0,0.0
C33,2020-11-05,-65.3833,129.6333,24.0,-1.6652374,5.214905,0.0,0.0
C33,2020-11-06,-65.3833,129.6333,24.0,-1.6652374,5.214905,0.0,0.0
C34,2020-01-01,-65.1029,115.9472,24.0,3.7951508,-0.7262573,-0.11444493576991645,-0.027878472222234843
C34,2020-01-02,-65.1182,115.8014,24.0,3.7892914,-0.41864014,-0.07881129787481322,-0.019656249999995268
C34,2020-01-03,-65.1333,115.65,24.0,3.4367523,0.0256958,-0.08179183767935232,-0.01939930555556055
C34,2020-01-04,-65.1524,115.4903,24.0,3.3664398,0.23858643,-0.0862137434903244,-0.024538194444437465
C34,2020-01-05,-65.178,115.3225,24.0,3.1506195,0.44366455,-0.09049910021378921,-0.03288888888888527
C34,2020-01-06,-65.2067,115.1496,24.0,3.1506195,0.44366455,-0.09314867004141072,-0.036871527777778565
C34,2020-01-07,-65.2351,114.9745,24.0,2.8976898,0.6868286,-0.09423266668664164,-0.03648611111111736
C34,2020-01-08,-65.2596,114.8004,24.0,2.7394867,0.60772705,-0.09360764648963653,-0.031475694444448685
C34,2020-01-09,-65.2768,114.6301,24.0,2.7394867,0.60772705,-0.09150486067757745,-0.022097222222207235
C34,2020-01-10,-65.2833,114.4667,24.0,2.5842133,0.5588989,-0.08777574974348666,-0.008350694444447804
C34,2020-01-11,-65.2768,114.3013,24.0,2.4699554,0.5725708,-0.08887201383483279,0.008350694444447804
C34,2020-01-12,-65.2602,114.128,24.0,2.4699554,0.5725708,-0.09317539619921818,0.02132638888888483
C34,2020-01-13,-65.2374,113.9548,24.0,2.343979,0.34405518,-0.09320204256446385,0.029291666666671427
C34,2020-01-14,-65.2126,113.7893,24.0,2.1994476,0.010070801,-0.08914209465993662,0.03186111111110988
C34,2020-01-15,-65.1898,113.6392,24.0,2.1994476,0.010070801,-0.08091696192686496,0.029291666666653175
C34,2020-01-16,-65.1732,113.5125,24.0,2.2795258,-0.15106201,-0.06834512977481914,0.021326388888903085
C34,2020-01-17,-65.1667,113.4167,24.0,2.2795258,-0.15106201,-0.051689573433993774,0.008350694444429548
C34,2020-01-18,-65.1796,113.3504,24.0,2.3049164,-0.23797607,-0.035755232937066346,-0.016572916666650863
C34,2020-01-19,-65.213,113.3016,24.0,2.3049164,-0.23797607,-0.026284401542849983,-0.04290972222222263
C34,2020-01-20,-65.2585,113.2626,24.0,2.3049164,-0.23797607,-0.02096984671385411,-0.05845486111111638
C34,2020-01-21,-65.3082,113.2256,24.0,2.3049164,-0.23797607,-0.0198570144700891,-0.06385069444444626
C34,2020-01-22,-65.3537,113.183,24.0,2.3049164,-0.23797607,-0.022822905249625807,-0.05845486111111638
C34,2020-01-23,-65.3871,113.1271,24.0,0.75413513,0.14483643,-0.02991031066235902,-0.04290972222222263
C34,2020-01-24,-65.4,113.05,24.0,0.9689789,-0.37860107,-0.04123347972504408,-0.01657291666666912
C34,2020-01-25,-65.3982,112.8969,24.0,0.9689789,-0.37860107,-0.08188429208498044,0.002312500000003739
C34,2020-01-26,-65.3934,112.6378,24.0,1.1769867,-0.9147339,-0.13860288617727864,0.0061666666666705516
C34,2020-01-27,-65.3869,112.302,24.0,1.4611664,-1.0153198,-0.17967726032187054,0.008350694444447804
C34,2020-01-28,-65.3798,111.9192,24.0,1.7844086,-1.3473511,-0.20488105921522742,0.009121527777770212
C34,2020-01-29,-65.3733,111.5188,24.0,2.7892914,-0.40789795,-0.21435392850517873,0.008350694444447804
C34,2020-01-30,-65.3685,111.1304,24.0,2.8351898,-0.3678589,-0.20796773476371616,0.0061666666666705516
C34,2020-01-31,-65.3667,110.7833,24.0,2.752182,-0.27996826,-0.18586649528956237,0.002312500000003739
C34,2020-02-01,-65.3773,110.4313,24.0,2.899643,-1.213562,-0.18841431418477317,-0.01361805555556946
C34,2020-02-02,-65.4049,110.0327,24.0,2.7219086,-1.2194214,-0.2131335261846693,-0.035458333333323724
C34,2020-02-03,-65.4434,109.624,24.0,2.2258148,-1.2809448,-0.21821319190165683,-0.049461805555554385
C34,2020-02-04,-65.4867,109.2415,24.0,1.946518,-1.2819214,-0.2038866446450011,-0.05562847222222494
C34,2020-02-05,-65.5285,108.9219,24.0,1.759018,-1.2340698,-0.17008602306049433,-0.05370138888888241
C34,2020-02-06,-65.5628,108.7014,24.0,1.6867523,-1.2174683,-0.11719221106314436,-0.0440659722222245
C34,2020-02-07,-65.5833,108.6167,24.0,1.7560883,-1.2037964,-0.04498124203091123,-0.026336805555553514
C34,2020-02-08,-65.5946,108.6128,24.0,1.7560883,-1.2037964,-0.0020702553547005237,-0.014517361111118355
C34,2020-02-09,-65.6051,108.6103,24.0,1.7560883,-1.2037964,-0.0013265507434306776,-0.013489583333324718
C34,2020-02-10,-65.6143,108.6087,24.0,1.7560883,-1.2037964,-0.0008486918714153623,-0.011819444444453412
C34,2020-02-11,-65.6221,108.6073,24.0,1.7560883,-1.2037964,-0.0007423823697890601,-0.010020833333337364
C34,2020-02-12,-65.6281,108.6058,24.0,0.42503357,-1.7526245,-0.0007952258660803592,-0.007708333333333626
C34,2020-02-13,-65.632,108.6035,24.0,0.42503357,-1.7526245,-0.0012191631177165573,-0.005010416666668682
C34,2020-02-14,-65.6333,108.6,24.0,0.42503357,-1.7526245,-0.0018551552879472937,-0.0016701388888895607
C34,2020-02-15,-65.6333,108.5876,24.0,0.42503357,-1.7526245,-0.006572550163008319,0.0
C34,2020-02-16,-65.6333,108.5625,24.0,0.42503357,-1.7526245,-0.013304113636409754,0.0
C34,2020-02-17,-65.6333,108.5301,24.0,0.42503357,-1.7526245,-0.017173437522697458,0.0
C34,2020-02-18,-65.6333,108.4957,24.0,0.42503357,-1.7526245,-0.01823352625867164,0.0
C34,2020-02-19,-65.6333,108.4646,24.0,0.42503357,-1.7526245,-0.016484379844317252,0.0
C34,2020-02-20,-65.6333,108.442,24.0,0.42503357,-1.7526245,-0.011979002716457087,0.0
C34,2020-02-21,-65.6333,108.4333,24.0,0.42503357,-1.7526245,-0.004611386001460594,0.0
C34,2020-02-22,-65.6333,108.4499,24.0,0.42503357,-1.7526245,0.008798736508542059,0.0
C34,2020-02-23,-65.6333,108.4928,24.0,0.42503357,-1.7526245,0.022738903386539337,0.0
C34,2020-02-24,-65.6333,108.5514,24.0,0.42503357,-1.7526245,0.031060599963894518,0.0
C34,2020-02-25,-65.6333,108.6152,24.0,0.42503357,-1.7526245,0.03381683067741535,0.0
C34,2020-02-26,-65.6333,108.6738,24.0,0.58714294,-1.8756714,0.031060599963894518,0.0
C34,2020-02-27,-65.6333,108.7167,24.0,0.58714294,-1.8756714,0.022738903386539337,0.0
C34,2020-02-28,-65.6333,108.7333,24.0,0.58714294,-1.8756714,0.008798736508542059,0.0
C34,2020-02-29,-65.6268,108.7315,24.0,0.58714294,-1.8756714,-0.0009543188323065404,0.008350694444447804
C34,2020-03-01,-65.6102,108.7267,24.0,1.6867523,-1.2174683,-0.0025464775173487417,0.02132638888888483
C34,2020-03-02,-65.5874,108.7196,24.0,1.6867523,-1.2174683,-0.0037699702071494956,0.029291666666671427
C34,2020-03-03,-65.5626,108.711,24.0,1.6867523,-1.2174683,-0.004570797085330845,0.03186111111110988
C34,2020-03-04,-65.5398,108.7015,24.0,1.6867523,-1.2174683,-0.005053557560531186,0.029291666666671427
C34,2020-03-05,-65.5232,108.6921,24.0,1.6867523,-1.2174683,-0.005003546812613365,0.02132638888888483
C34,2020-03-06,-65.5167,108.6833,24.0,1.6867523,-1.2174683,-0.004685338762476484,0.008350694444447804
C34,2020-03-07,-65.5232,108.6748,24.0,1.6867523,-1.2174683,-0.004524483819915536,-0.008350694444447804
C34,2020-03-08,-65.54,108.6657,24.0,1.6867523,-1.2174683,-0.004840739043002001,-0.021583333333337805
C34,2020-03-09,-65.5636,108.6561,24.0,1.6867523,-1.2174683,-0.005102089144538528,-0.030319444444428554
C34,2020-03-10,-65.5901,108.6462,24.0,1.6867523,-1.2174683,-0.005256173245265363,-0.034045138888905396
C34,2020-03-11,-65.6158,108.6363,24.0,1.6867523,-1.2174683,-0.0052509776823767215,-0.0330173611110935
C34,2020-03-12,-65.637,108.6264,24.0,0.58714294,-1.8756714,-0.005246691053171427,-0.02723611111112066
C34,2020-03-13,-65.65,108.6167,24.0,0.42503357,-1.7526245,-0.005138121455890517,-0.016701388888895607
C34,2020-03-14,-65.6574,108.606,24.0,0.42503357,-1.7526245,-0.005666207162381646,-0.009506944444431417
C34,2020-03-15,-65.6644,108.5938,24.0,0.42503357,-1.7526245,-0.006458790567809189,-0.008993055555561982
C34,2020-03-16,-65.6706,108.5811,24.0,0.42503357,-1.7526245,-0.006721886376221657,-0.007965277777768343
C34,2020-03-17,-65.6758,108.5693,24.0,0.42503357,-1.7526245,-0.006244278531850848,-0.006680555555558243
C34,2020-03-18,-65.6798,108.5593,24.0,0.42503357,-1.7526245,-0.005290944168300952,-0.00513888888889517
C34,2020-03-19,-65.6824,108.5525,24.0,0.42503357,-1.7526245,-0.003597480778717571,-0.0033402777777791215
C34,2020-03-20,-65.6833,108.55,24.0,0.42503357,-1.7526245,-0.0013225572525480582,-0.0011562500000018695
C34,2020-03-21,-65.6825,108.5537,24.0,0.42503357,-1.7526245,0.0019574452163640043,0.0010277777777753824
C34,2020-03-22,-65.6801,108.5632,24.0,0.42503357,-1.7526245,0.0050263387263096366,0.0030833333333444043
C34,2020-03-23,-65.6763,108.5763,24.0,0.42503357,-1.7526245,0.006932073691723818,0.004881944444442195
C34,2020-03-24,-65.6712,108.5904,24.0,0.42503357,-1.7526245,0.007462708875377588,0.006552083333331756
C34,2020-03-25,-65.665,108.6035,24.0,0.42503357,-1.7526245,0.0069350981417266346,0.007965277777768343
C34,2020-03-26,-65.6579,108.613,24.0,0.42503357,-1.7526245,0.0050306476380156725,0.00912152777778847
C34,2020-03-27,-65.65,108.6167,24.0,0.42503357,-1.7526245,0.001959901998634072,0.010149305555545595
C34,2020-03-28,-65.6319,108.5593,24.0,0.42503357,-1.7526245,-0.030426188090771505,0.023253472222227362
C34,2020-03-29,-65.5986,108.4094,24.0,1.7560883,-1.2037964,-0.07955987902175797,0.04278124999999614
C34,2020-03-30,-65.5566,108.2007,24.0,1.6467133,-1.0709839,-0.11094711416970546,0.05395833333333538
C34,2020-03-31,-65.5125,107.9668,24.0,1.6213226,-0.9254761,-0.12455422114801487,0.05665625000000032
C34,2020-04-01,-65.4729,107.7413,24.0,1.6945648,-0.7887573,-0.12026332302274138,0.050875000000009225
C34,2020-04-02,-65.4443,107.5578,24.0,1.7765961,-0.79364014,-0.09797099129746284,0.03674305555555208
C34,2020-04-03,-65.4333,107.45,24.0,1.7765961,-0.79364014,-0.057578803449224024,0.014131944444438894
C34,2020-04-04,-65.4416,107.4002,24.0,1.7765961,-0.79364014,-0.026591054863511276,-0.010663194444433286
C34,2020-04-05,-65.463,107.3647,24.0,1.8195648,-0.7536011,-0.01893997601119917,-0.027493055555555382
C34,2020-04-06,-65.4923,107.3377,24.0,1.8195648,-0.7536011,-0.014388913659652348,-0.03764236111111923
C34,2020-04-07,-65.5243,107.3135,24.0,1.8195648,-0.7536011,-0.012880928331625964,-0.04111111111110659
C34,2020-04-08,-65.5536,107.2863,24.0,1.8195648,-0.7536011,-0.014461471640563153,-0.03764236111111923
C34,2020-04-09,-65.575,107.2504,24.0,1.8195648,-0.7536011,-0.019071332503919045,-0.027493055555555382
C34,2020-04-10,-65.5833,107.2,24.0,1.8195648,-0.7536011,-0.026765697737395865,-0.010663194444433286
C34,2020-04-11,-65.5734,107.1092,24.0,1.9543304,-0.5543823,-0.048239093893400184,0.01271874999998405
C34,2020-04-12,-65.5465,106.9653,24.0,1.9543304,-0.5543823,-0.07652841961462875,0.034559027777793086
C34,2020-04-13,-65.5066,106.7826,24.0,2.0617523,-0.3131714,-0.0973116756814206,0.05126041666665218
C34,2020-04-14,-65.4579,106.5755,24.0,2.1232758,-0.04949951,-0.11051362924260685,0.06256597222223616
C34,2020-04-15,-65.4045,106.3581,24.0,2.0568695,0.16925049,-0.11624670169267867,0.06860416666666197
C34,2020-04-16,-65.3505,106.1449,24.0,2.2092133,0.26885986,-0.11423557985509665,0.06937500000000263
C34,2020-04-17,-65.3,105.95,24.0,2.1320648,0.48468018,-0.10463072323964474,0.06487847222222164
C34,2020-04-18,-65.2479,105.7778,24.0,2.0568695,0.6838989,-0.09262710844399061,0.06693402777777241
C34,2020-04-19,-65.1887,105.6171,24.0,1.962143,0.74835205,-0.0866348821538587,0.07605555555556087
C34,2020-04-20,-65.1257,105.4588,24.0,1.962143,0.74835205,-0.08554394543299972,0.08093750000000306
C34,2020-04-21,-65.062,105.2937,24.0,1.2248383,1.0862427,-0.08943249113004718,0.08183680555555196
C34,2020-04-22,-65.0009,105.1127,24.0,1.1232758,1.0862427,-0.0982701096654804,0.07849652777777284
C34,2020-04-23,-64.9459,104.9067,24.0,1.1232758,1.0862427,-0.11207352542319239,0.07065972222223098
C34,2020-04-24,-64.9,104.6667,24.0,0.91233826,1.0657349,-0.13079482201315915,0.0589687499999858
C34,2020-04-25,-64.8585,104.3282,24.0,-0.69703674,1.5305786,-0.18476039135336972,0.0533159722222212
C34,2020-04-26,-64.8161,103.8674,24.0,-0.8855133,1.6672974,-0.2519108119334892,0.054472222222223074
C34,2020-04-27,-64.7754,103.3357,24.0,-1.185318,1.9319458,-0.2911095606288368,0.052288194444445824
C34,2020-04-28,-64.7391,102.7849,24.0,-1.4099274,2.107727,-0.30197245614579826,0.046635416666681216
C34,2020-04-29,-64.7099,102.2665,24.0,-1.6638336,2.154602,-0.2845162940769431,0.03751388888887448
C34,2020-04-30,-64.6904,101.8321,24.0,-1.8083649,2.1360474,-0.23858583631122837,0.02505208333334341
C34,2020-05-01,-64.6833,101.5333,24.0,-1.841568,2.074524,-0.16415314886278098,0.009121527777770212
C34,2020-05-02,-64.6967,101.332,24.0,-1.8737946,2.0110474,-0.11053444201853217,-0.0172152777777833
C34,2020-05-03,-64.732,101.1543,24.0,-1.8737946,2.0110474,-0.09744843337214244,-0.0453506944444346
C34,2020-05-04,-64.7813,100.9982,24.0,-1.7839508,1.9700317,-0.08544718647137389,-0.06333680555555857
C34,2020-05-05,-64.8371,100.8618,24.0,-1.6931305,1.927063,-0.07450922234432389,-0.07168750000000637
C34,2020-05-06,-64.8917,100.743,24.0,-1.3083649,0.9768677,-0.06476345799263378,-0.07014583333332504
C34,2020-05-07,-64.9375,100.6397,24.0,-1.3083649,0.9768677,-0.056217601845685486,-0.05884027777777757
C34,2020-05-08,-64.9667,100.55,24.0,-1.2136383,1.0061646,-0.04876304560286347,-0.037513888888892746
C34,2020-05-09,-64.9848,100.4687,24.0,-1.2136383,1.0061646,-0.04416670830630088,-0.023253472222227362
C34,2020-05-10,-65.002,100.3927,24.0,-1.2136383,1.0061646,-0.04126088856075952,-0.022097222222207235
C34,2020-05-11,-65.0175,100.3232,24.0,-1.0027008,1.1428833,-0.037710103372979815,-0.01991319444444824
C34,2020-05-12,-65.0307,100.2614,24.0,-1.0027008,1.1428833,-0.03351556850703948,-0.016958333333330324
C34,2020-05-13,-65.041,100.2083,24.0,-1.0027008,1.1428833,-0.028786239560104697,-0.01323263888889
C34,2020-05-14,-65.0476,100.1653,24.0,-1.0027008,1.1428833,-0.023305121386188506,-0.00847916666667429
C34,2020-05-15,-65.05,100.1333,24.0,-1.0027008,1.1428833,-0.017341784813817103,-0.0030833333333261472
C34,2020-05-16,-65.0456,100.1108,24.0,-0.88648987,1.2454224,-0.012195455088044201,0.00565277777778286
C34,2020-05-17,-65.0341,100.094,24.0,-0.88648987,1.2454224,-0.009109867244513348,0.014774305555553072
C34,2020-05-18,-65.0176,100.0807,24.0,-0.88648987,1.2454224,-0.00721643879347076,0.02119791666665834
C34,2020-05-19,-64.9987,100.0685,24.0,-0.88648987,1.2454224,-0.006624276585122342,0.02428125000000274
C34,2020-05-20,-64.9795,100.0553,24.0,-0.88648987,1.2454224,-0.007172399977381438,0.02466666666666395
C34,2020-05-21,-64.9625,100.0387,24.0,-0.88648987,1.2454224,-0.00902556979474997,0.021840277777772518
C34,2020-05-22,-64.95,100.0167,24.0,-0.88648987,1.2454224,-0.011967185028499524,0.01605902777778143
C34,2020-05-23,-64.9416,99.9782,24.0,-0.88648987,1.2454224,-0.020949142970176807,0.01079166666667803
C34,2020-05-24,-64.9349,99.9198,24.0,-0.88648987,1.2454224,-0.03178534880042279,0.00860763888888252
C34,2020-05-25,-64.9291,99.8501,24.0,-0.77516174,1.5393677,-0.03794380682665688,0.007451388888880651
C34,2020-05-26,-64.9234,99.7778,24.0,-0.77516174,1.5393677,-0.03936758404096636,0.007322916666672421
C34,2020-05-27,-64.9172,99.7118,24.0,-0.77516174,1.5393677,-0.03594552392865764,0.007965277777786599
C34,2020-05-28,-64.9097,99.6607,24.0,-0.77516174,1.5393677,-0.027838332424626723,0.009635416666657903
C34,2020-05-29,-64.9,99.6333,24.0,-0.77516174,1.5393677,-0.014932408846502704,0.012461805555549332
C34,2020-05-30,-64.8827,99.6227,24.0,-0.59840393,1.9797974,-0.005780494616489342,0.02222569444445198
C34,2020-05-31,-64.8557,99.6154,24.0,-1.4206696,2.4055786,-0.003984907823570518,0.034687500000001315
C34,2020-06-01,-64.8236,99.6102,24.0,-1.4206696,2.4055786,-0.0028419521529068122,0.041239583333333066
C34,2020-06-02,-64.7908,99.6056,24.0,3.1952667,1.8640137,-0.002517095922439349,0.04213888888888197
C34,2020-06-03,-64.7619,99.6004,24.0,-5.441498,0.07373047,-0.0028484611608880083,0.03712847222223154
C34,2020-06-04,-64.7412,99.5934,24.0,-5.331604,3.167633,-0.0038374055952994377,0.026593749999988228
C34,2020-06-05,-64.7333,99.5833,24.0,-4.4863586,-5.9766235,-0.005538446065748961,0.010149305555563851
C34,2020-06-06,-64.7342,99.5587,24.0,-14.378876,1.2385101,-0.013489231571559481,-0.0011562500000018695
C34,2020-06-07,-64.7366,99.5147,24.0,-11.89447,0.3824463,-0.024124939521108522,-0.0030833333333261472
C34,2020-06-08,-64.7399,99.4599,24.0,0.36402893,2.2466888,-0.030042848456955117,-0.004239583333346274
C34,2020-06-09,-64.7434,99.4026,24.0,-3.1641388,-0.6684723,-0.03140934943334821,-0.004496527777762734
C34,2020-06-10,-64.7467,99.3512,24.0,-13.60527,-0.7977905,-0.028171788139998998,-0.004239583333346274
C34,2020-06-11,-64.7491,99.3142,24.0,-17.413544,3.0537567,-0.02027750189024434,-0.0030833333333261472
C34,2020-06-12,-64.75,99.3,24.0,-19.743698,2.9732819,-0.007781917220286966,-0.0011562500000018695
C34,2020-06-13,-64.7473,99.3018,24.0,-9.432999,3.5582275,0.0009865387720190606,0.0034687500000056084
C34,2020-06-14,-64.7397,99.3066,24.0,-2.4916687,7.0862885,0.002631509843213325,0.00976388888888439
C34,2020-06-15,-64.7285,99.3131,24.0,3.4451752,2.3998413,0.0035649791227248574,0.014388888888891869
C34,2020-06-16,-64.7145,99.3202,24.0,0.49949646,2.2980194,0.0038960695038905723,0.017986111111105707
C34,2020-06-17,-64.6988,99.3267,24.0,2.7030487,5.2308807,0.0035688930557014934,0.02017013888888296
C34,2020-06-18,-64.6826,99.3315,24.0,-0.5831299,3.2652435,0.002637066479344097,0.02081250000001539
C34,2020-06-19,-64.6667,99.3333,24.0,-12.733582,0.9094238,0.0009894799904412346,0.020427083333317678
C34,2020-06-20,-64.65,99.319,24.0,-1.7234192,-2.1187592,-0.007865708283259996,0.021454861111111313
C34,2020-06-21,-64.631,99.2803,24.0,-11.216461,3.7864838,-0.0213018154335197,0.024409722222229233
C34,2020-06-22,-64.61,99.2232,24.0,-4.30748,5.2952423,-0.031454102449945995,0.02697916666666769
C34,2020-06-23,-64.5876,99.1538,24.0,-6.093628,2.223709,-0.03826116722644862,0.028777777777783738
C34,2020-06-24,-64.5642,99.0783,24.0,-6.7785645,5.90889,-0.041659958116763485,0.030062499999993837
C34,2020-06-25,-64.5405,99.0028,24.0,0.67300415,8.974075,-0.04169618735406469,0.030447916666673295
C34,2020-06-26,-64.5167,98.9333,24.0,-4.025711,6.733032,-0.038416067262411153,0.030576388888881527
C34,2020-06-27,-64.4931,98.8574,24.0,-1.8242798,6.9610596,-0.041989915145149055,0.03031944444444681
C34,2020-06-28,-64.4693,98.7652,24.0,-7.1633606,-1.0864716,-0.05105191545228715,0.030576388888881527
C34,2020-06-29,-64.4448,98.6669,24.0,-4.959076,1.69841,-0.05447826031738832,0.031475694444448685
C34,2020-06-30,-64.4193,98.5727,24.0,-4.0358887,0.6207428,-0.05225461059876121,0.032760416666658784
C34,2020-07-01,-64.3925,98.4928,24.0,-9.182907,0.8546448,-0.044365419384578386,0.0344305555555666
C34,2020-07-02,-64.3639,98.4374,24.0,-6.9117737,4.3294983,-0.030793538650820605,0.03674305555555208
C34,2020-07-03,-64.3333,98.4167,24.0,3.793335,4.673706,-0.011518692156661717,0.03931250000000879
C34,2020-07-04,-64.2942,98.4287,24.0,7.9866486,2.0282745,0.006686983754332598,0.050232638888876795
C34,2020-07-05,-64.2447,98.4596,24.0,10.377701,1.9975128,0.017249879054022834,0.06359375000001154
C34,2020-07-06,-64.1906,98.502,24.0,9.128525,-1.0582428,0.023716050780776883,0.06950347222221086
C34,2020-07-07,-64.1381,98.548,24.0,14.684631,3.2282104,0.02577841591241604,0.06744791666667835
C34,2020-07-08,-64.0932,98.5904,24.0,4.990967,-0.6112671,0.023799379460659468,0.0576840277777757
C34,2020-07-09,-64.0618,98.6213,24.0,-0.4883423,3.7364044,0.01736392593893922,0.04034027777776592
C34,2020-07-10,-64.05,98.6333,24.0,-16.848633,-0.7490387,0.006746127277235126,0.015159722222232535
C34,2020-07-11,-64.0582,98.5118,24.0,-10.48613,1.3250732,-0.06828445068263653,-0.010534722222225056
C34,2020-07-12,-64.0806,98.1894,24.0,-7.3124695,2.9893646,-0.18104702100496708,-0.028777777777783738
C34,2020-07-13,-64.1142,97.7295,24.0,-6.6387634,5.947983,-0.2579498739595209,-0.04316666666665735
C34,2020-07-14,-64.156,97.1956,24.0,0.2978363,8.386795,-0.2990049026961283,-0.05370138888890066
C34,2020-07-15,-64.203,96.651,24.0,3.6126556,4.395401,-0.304480687306358,-0.060381944444440644
C34,2020-07-16,-64.252,96.1591,24.0,-8.763565,-0.35934448,-0.2745299232859073,-0.06295138888887909
C34,2020-07-17,-64.3,95.7833,24.0,-8.778305,-1.671814,-0.20937000373458123,-0.06166666666666901
C34,2020-07-18,-64.3561,95.4991,24.0,-10.662949,-0.8423767,-0.15801455271646517,-0.07207291666666758
C34,2020-07-19,-64.4267,95.2375,24.0,-19.033554,-1.2133179,-0.14507556174786634,-0.09070138888888746
C34,2020-07-20,-64.5054,94.9951,24.0,-1.0940552,-7.0210114,-0.13404183896027375,-0.10110763888888603
C34,2020-07-21,-64.5854,94.7685,24.0,-7.843445,-3.1773987,-0.12493776928731319,-0.10277777777779384
C34,2020-07-22,-64.6601,94.5544,24.0,-4.6019745,-7.9026947,-0.11772178452372113,-0.09596874999999085
C34,2020-07-23,-64.7227,94.3494,24.0,-11.03653,5.161148,-0.11245806533787818,-0.08042361111111537
C34,2020-07-24,-64.7667,94.15,24.0,-12.221313,2.977539,-0.10920811696815319,-0.05652777777777383
C34,2020-07-25,-64.7962,93.9512,24.0,-11.354111,1.4685059,-0.10876054037033354,-0.03789930555555395
C34,2020-07-26,-64.8208,93.7535,24.0,-7.67218,-1.6436005,-0.10806006774360005,-0.03160416666667516
C34,2020-07-27,-64.8418,93.5616,24.0,-4.906357,0.27424622,-0.10480808643437654,-0.02697916666666769
C34,2020-07-28,-64.8605,93.3804,24.0,1.0701447,1.6881256,-0.09889539984201128,-0.024024305555549776
C34,2020-07-29,-64.8783,93.2149,24.0,13.643005,1.2805939,-0.09026684608756681,-0.0228680555555479
C34,2020-07-30,-64.8966,93.0698,24.0,-3.775589,-1.7646484,-0.07908638672165218,-0.02351041666668034
C34,2020-07-31,-64.9167,92.95,24.0,-3.2046204,1.214798,-0.06524778867418478,-0.025822916666665818
C34,2020-08-01,-64.9375,92.854,24.0,-8.194733,-6.512375,-0.05224481875301572,-0.026722222222214712
C34,2020-08-02,-64.9574,92.7733,24.0,16.042953,-2.091034,-0.043885679336780135,-0.0255659722222311
C34,2020-08-03,-64.977,92.7028,24.0,-12.139938,4.340332,-0.038310717326995175,-0.025180555555551643
C34,2020-08-04,-64.9972,92.6371,24.0,-6.8045197,6.9660187,-0.03567536101200459,-0.02595138888889231
C34,2020-08-05,-65.0184,92.5711,24.0,-15.445892,-1.6384888,-0.0358098261273418,-0.027236111111102402
C34,2020-08-06,-65.0413,92.4993,24.0,-4.4558716,0.895874,-0.03892332860796472,-0.029420138888897916
C34,2020-08-07,-65.0667,92.4167,24.0,0.83226013,2.7563171,-0.044735436446560584,-0.03263194444443229
C34,2020-08-08,-65.0965,92.3229,24.0,0.37805176,-3.2527466,-0.05074441634468487,-0.038284722222233405
C34,2020-08-09,-65.1313,92.2221,24.0,2.432495,3.9429626,-0.05445996150165368,-0.04470833333332042
C34,2020-08-10,-65.1691,92.1153,24.0,-7.762207,-0.3017578,-0.05761948592671982,-0.04856250000000548
C34,2020-08-11,-65.2084,92.0035,24.0,-22.723236,4.5050354,-0.060227601992449885,-0.050489583333329764
C34,2020-08-12,-65.2472,91.888,24.0,-5.680359,-5.771927,-0.06212958490340948,-0.049847222222233846
C34,2020-08-13,-65.2839,91.7698,24.0,-7.225662,-1.6359406,-0.06349362046056721,-0.04714930555555065
C34,2020-08-14,-65.3167,91.65,24.0,-7.520111,1.3699951,-0.06427304678784249,-0.04213888888888197
C34,2020-08-15,-65.3464,91.5277,24.0,-6.865799,1.4736023,-0.06554029098158534,-0.03815625000000693
C34,2020-08-16,-65.3751,91.4015,24.0,-18.148117,-0.31765747,-0.06755647307820321,-0.036871527777778565
C34,2020-08-17,-65.4027,91.2716,24.0,-10.863922,-2.4621124,-0.06946404289314338,-0.035458333333323724
C34,2020-08-18,-65.4291,91.1379,24.0,-17.027695,-0.46200562,-0.07142412304133329,-0.033916666666678905
C34,2020-08-19,-65.4541,91.0008,24.0,-14.252472,-0.6298065,-0.07317054204428941,-0.0321180555555446
C34,2020-08-20,-65.4778,90.8604,24.0,-16.210205,3.2709045,-0.07486388399757389,-0.030447916666673295
C34,2020-08-21,-65.5,90.7167,24.0,-4.296631,-1.7030182,-0.07655842020412808,-0.02852083333333076
D15B,2020-01-01,-66.9833,81.5696,24.0,-3.7370758,-3.5133667,-0.002310697910574411,0.0
D15B,2020-01-02,-66.9833,81.5675,24.0,-3.7370758,-3.5133667,-0.0010548838287373881,0.0
D15B,2020-01-03,-66.9833,81.5667,24.0,-3.7370758,-3.5133667,-0.00040186050618499185,0.0
D15B,2020-01-04,-66.9833,81.5676,24.0,-3.7370758,-3.5133667,0.0004520930694599005,0.0
D15B,2020-01-05,-66.9833,81.57,24.0,-3.7370758,-3.5133667,0.0012055815185549755,0.0
D15B,2020-01-06,-66.9833,81.5732,24.0,-3.7370758,-3.5133667,0.001607442024747106,0.0
D15B,2020-01-07,-66.9833,81.5768,24.0,-3.7370758,-3.5133667,0.001808372277839602,0.0
D15B,2020-01-08,-66.9833,81.58,24.0,-3.7370758,-3.5133667,0.0016074420247399674,0.0
D15B,2020-01-09,-66.9833,81.5824,24.0,-3.7370758,-3.5133667,0.001205581518562114,0.0
D15B,2020-01-10,-66.9833,81.5833,24.0,-3.7370758,-3.5133667,0.000452093069452762,0.0
D15B,2020-01-11,-66.9833,81.5833,24.0,-3.7370758,-3.5133667,0.0,0.0
D15B,2020-01-12,-66.9833,81.5833,24.0,-3.7370758,-3.5133667,0.0,0.0
D15B,2020-01-13,-66.9833,81.5833,24.0,-3.7370758,-3.5133667,0.0,0.0
D15B,2020-01-14,-66.9833,81.5833,24.0,-3.7370758,-3.5133667,0.0,0.0
D15B,2020-01-15,-66.9833,81.5833,24.0,-3.7370758,-3.5133667,0.0,0.0
D15B,2020-01-16,-66.9833,81.5833,24.0,-3.7370758,-3.5133667,0.0,0.0
D15B,2020-01-17,-66.9833,81.5833,24.0,-3.7370758,-3.5133667,0.0,0.0
D15B,2020-01-18,-66.9833,81.5833,24.0,-3.7370758,-3.5133667,0.0,0.0
D15B,2020-01-19,-66.9833,81.5833,24.0,-3.7370758,-3.5133667,0.0,0.0
D15B,2020-01-20,-66.9833,81.5833,24.0,-3.7370758,-3.5133667,0.0,0.0
D15B,2020-01-21,-66.9833,81.5833,24.0,-3.7370758,-3.5133667,0.0,0.0
D15B,2020-01-22,-66.9833,81.5833,24.0,-3.7370758,-3.5133667,0.0,0.0
D15B,2020-01-23,-66.9833,81.5833,24.0,-3.7370758,-3.5133667,0.0,0.0
D15B,2020-01-24,-66.9833,81.5833,24.0,-3.7370758,-3.5133667,0.0,0.0
D15B,2020-01-25,-66.9833,81.5833,24.0,-3.7370758,-3.5133667,0.0,0.0
D15B,2020-01-26,-66.9833,81.5833,24.0,-3.7370758,-3.5133667,0.0,0.0
D15B,2020-01-27,-66.9833,81.5833,24.0,-3.7370758,-3.5133667,0.0,0.0
D15B,2020-01-28,-66.9833,81.5833,24.0,-3.7370758,-3.5133667,0.0,0.0
D15B,2020-01-29,-66.9833,81.5833,24.0,-3.7370758,-3.5133667,0.0,0.0
D15B,2020-01-30,-66.9833,81.5833,24.0,-3.7370758,-3.5133667,0.0,0.0
D15B,2020-01-31,-66.9833,81.5833,24.0,-3.7370758,-3.5133667,0.0,0.0
D15B,2020-02-01,-66.9833,81.5824,24.0,-3.7370758,-3.5133667,-0.000452093069452762,0.0
D15B,2020-02-02,-66.9833,81.58,24.0,-3.7370758,-3.5133667,-0.001205581518562114,0.0
D15B,2020-02-03,-66.9833,81.5768,24.0,-3.7370758,-3.5133667,-0.0016074420247399674,0.0
D15B,2020-02-04,-66.9833,81.5732,24.0,-3.7370758,-3.5133667,-0.001808372277839602,0.0
D15B,2020-02-05,-66.9833,81.57,24.0,-3.7370758,-3.5133667,-0.001607442024747106,0.0
D15B,2020-02-06,-66.9833,81.5676,24.0,-3.7370758,-3.5133667,-0.0012055815185549755,0.0
D15B,2020-02-07,-66.9833,81.5667,24.0,-3.7370758,-3.5133667,-0.0004520930694599005,0.0
D15B,2020-02-08,-66.9833,81.5676,24.0,-3.7370758,-3.5133667,0.0004520930694599005,0.0
D15B,2020-02-09,-66.9833,81.57,24.0,-3.7370758,-3.5133667,0.0012055815185549755,0.0
D15B,2020-02-10,-66.9833,81.5732,24.0,-3.7370758,-3.5133667,0.001607442024747106,0.0
D15B,2020-02-11,-66.9833,81.5768,24.0,-3.7370758,-3.5133667,0.001808372277839602,0.0
D15B,2020-02-12,-66.9833,81.58,24.0,-3.7370758,-3.5133667,0.0016074420247399674,0.0
D15B,2020-02-13,-66.9833,81.5824,24.0,-3.7370758,-3.5133667,0.001205581518562114,0.0
D15B,2020-02-14,-66.9833,81.5833,24.0,-3.7370758,-3.5133667,0.000452093069452762,0.0
D15B,2020-02-15,-66.9833,81.5833,24.0,-3.7370758,-3.5133667,0.0,0.0
D15B,2020-02-16,-66.9833,81.5833,24.0,-3.7370758,-3.5133667,0.0,0.0
D15B,2020-02-17,-66.9833,81.5833,24.0,-3.7370758,-3.5133667,0.0,0.0
D15B,2020-02-18,-66.9833,81.5833,24.0,-3.7370758,-3.5133667,0.0,0.0
D15B,2020-02-19,-66.9833,81.5833,24.0,-3.7370758,-3.5133667,0.0,0.0
D15B,2020-02-20,-66.9833,81.5833,24.0,-3.7370758,-3.5133667,0.0,0.0
D15B,2020-02-21,-66.9833,81.5833,24.0,-3.7370758,-3.5133667,0.0,0.0
D15B,2020-02-22,-66.9833,81.5833,24.0,-3.7370758,-3.5133667,0.0,0.0
D15B,2020-02-23,-66.9833,81.5833,24.0,-3.7370758,-3.5133667,0.0,0.0
D15B,2020-02-24,-66.9833,81.5833,24.0,-3.7370758,-3.5133667,0.0,0.0
D15B,2020-02-25,-66.9833,81.5833,24.0,-3.7370758,-3.5133667,0.0,0.0
D15B,2020-02-26,-66.9833,81.5833,24.0,-3.7370758,-3.5133667,0.0,0.0
D15B,2020-02-27,-66.9833,81.5833,24.0,-3.7370758,-3.5133667,0.0,0.0
D15B,2020-02-28,-66.9833,81.5833,24.0,-3.7370758,-3.5133667,0.0,0.0
D15B,2020-02-29,-66.9833,81.5833,24.0,-3.7370758,-3.5133667,0.0,0.0
D15B,2020-03-01,-66.9833,81.5833,24.0,-3.7370758,-3.5133667,0.0,0.0
D15B,2020-03-02,-66.9833,81.5833,24.0,-3.7370758,-3.5133667,0.0,0.0
D15B,2020-03-03,-66.9833,81.5833,24.0,-3.7370758,-3.5133667,0.0,0.0
D15B,2020-03-04,-66.9833,81.5833,24.0,-3.7370758,-3.5133667,0.0,0.0
D15B,2020-03-05,-66.9833,81.5833,24.0,-3.7370758,-3.5133667,0.0,0.0
D15B,2020-03-06,-66.9833,81.5833,24.0,-3.7370758,-3.5133667,0.0,0.0
D15B,2020-03-07,-66.9833,81.5833,24.0,-3.7370758,-3.5133667,0.0,0.0
D15B,2020-03-08,-66.9833,81.5833,24.0,-3.7370758,-3.5133667,0.0,0.0
D15B,2020-03-09,-66.9833,81.5833,24.0,-3.7370758,-3.5133667,0.0,0.0
D15B,2020-03-10,-66.9833,81.5833,24.0,-3.7370758,-3.5133667,0.0,0.0
D15B,2020-03-11,-66.9833,81.5833,24.0,-3.7370758,-3.5133667,0.0,0.0
D15B,2020-03-12,-66.9833,81.5833,24.0,-3.7370758,-3.5133667,0.0,0.0
D15B,2020-03-13,-66.9833,81.5833,24.0,-3.7370758,-3.5133667,0.0,0.0
D15B,2020-03-14,-66.9833,81.5824,24.0,-3.7370758,-3.5133667,-0.000452093069452762,0.0
D15B,2020-03-15,-66.9833,81.58,24.0,-3.7370758,-3.5133667,-0.001205581518562114,0.0
D15B,2020-03-16,-66.9833,81.5768,24.0,-3.7370758,-3.5133667,-0.0016074420247399674,0.0
D15B,2020-03-17,-66.9833,81.5732,24.0,-3.7370758,-3.5133667,-0.001808372277839602,0.0
D15B,2020-03-18,-66.9833,81.57,24.0,-3.7370758,-3.5133667,-0.001607442024747106,0.0
D15B,2020-03-19,-66.9833,81.5676,24.0,-3.7370758,-3.5133667,-0.0012055815185549755,0.0
D15B,2020-03-20,-66.9833,81.5667,24.0,-3.7370758,-3.5133667,-0.0004520930694599005,0.0
D15B,2020-03-21,-66.9833,81.5676,24.0,-3.7370758,-3.5133667,0.0004520930694599005,0.0
D15B,2020-03-22,-66.9833,81.57,24.0,-3.7370758,-3.5133667,0.0012055815185549755,0.0
D15B,2020-03-23,-66.9833,81.5732,24.0,-3.7370758,-3.5133667,0.001607442024747106,0.0
D15B,2020-03-24,-66.9833,81.5768,24.0,-3.7370758,-3.5133667,0.001808372277839602,0.0
D15B,2020-03-25,-66.9833,81.58,24.0,-3.7370758,-3.5133667,0.0016074420247399674,0.0
D15B,2020-03-26,-66.9833,81.5824,24.0,-3.7370758,-3.5133667,0.001205581518562114,0.0
D15B,2020-03-27,-66.9833,81.5833,24.0,-3.7370758,-3.5133667,0.000452093069452762,0.0
D15B,2020-03-28,-66.9833,81.5833,24.0,-3.7370758,-3.5133667,0.0,0.0
D15B,2020-03-29,-66.9833,81.5833,24.0,-3.7370758,-3.5133667,0.0,0.0
D15B,2020-03-30,-66.9833,81.5833,24.0,-3.7370758,-3.5133667,0.0,0.0
D15B,2020-03-31,-66.9833,81.5833,24.0,-3.7370758,-3.5133667,0.0,0.0
D15B,2020-04-01,-66.9833,81.5833,24.0,-3.7370758,-3.5133667,0.0,0.0
D15B,2020-04-02,-66.9833,81.5833,24.0,-3.7370758,-3.5133667,0.0,0.0
D15B,2020-04-03,-66.9833,81.5833,24.0,-3.7370758,-3.5133667,0.0,0.0
D15B,2020-04-04,-66.9833,81.5824,24.0,-3.7370758,-3.5133667,-0.000452093069452762,0.0
D15B,2020-04-05,-66.9833,81.58,24.0,-3.7370758,-3.5133667,-0.001205581518562114,0.0
D15B,2020-04-06,-66.9833,81.5768,24.0,-3.7370758,-3.5133667,-0.0016074420247399674,0.0
D15B,2020-04-07,-66.9833,81.5732,24.0,-3.7370758,-3.5133667,-0.001808372277839602,0.0
D15B,2020-04-08,-66.9833,81.57,24.0,-3.7370758,-3.5133667,-0.001607442024747106,0.0
D15B,2020-04-09,-66.9833,81.5676,24.0,-3.7370758,-3.5133667,-0.0012055815185549755,0.0
D15B,2020-04-10,-66.9833,81.5667,24.0,-3.7370758,-3.5133667,-0.0004520930694599005,0.0
D15B,2020-04-11,-66.9833,81.5676,24.0,-3.7370758,-3.5133667,0.0004520930694599005,0.0
D15B,2020-04-12,-66.9833,81.57,24.0,-3.7370758,-3.5133667,0.0012055815185549755,0.0
D15B,2020-04-13,-66.9833,81.5732,24.0,-3.7370758,-3.5133667,0.001607442024747106,0.0
D15B,2020-04-14,-66.9833,81.5768,24.0,-3.7370758,-3.5133667,0.001808372277839602,0.0
D15B,2020-04-15,-66.9833,81.58,24.0,-3.7370758,-3.5133667,0.0016074420247399674,0.0
D15B,2020-04-16,-66.9833,81.5824,24.0,-3.7370758,-3.5133667,0.001205581518562114,0.0
D15B,2020-04-17,-66.9833,81.5833,24.0,-3.7370758,-3.5133667,0.000452093069452762,0.0
D15B,2020-04-18,-66.9833,81.5833,24.0,-3.7370758,-3.5133667,0.0,0.0
D15B,2020-04-19,-66.9833,81.5833,24.0,-3.7370758,-3.5133667,0.0,0.0
D15B,2020-04-20,-66.9833,81.5833,24.0,-3.7370758,-3.5133667,0.0,0.0
D15B,2020-04-21,-66.9833,81.5833,24.0,-3.7370758,-3.5133667,0.0,0.0
D15B,2020-04-22,-66.9833,81.5833,24.0,-3.7370758,-3.5133667,0.0,0.0
D15B,2020-04-23,-66.9833,81.5833,24.0,-3.7370758,-3.5133667,0.0,0.0
D15B,2020-04-24,-66.9833,81.5833,24.0,-3.7370758,-3.5133667,0.0,0.0
D15B,2020-04-25,-66.9833,81.5833,24.0,-3.7370758,-3.5133667,0.0,0.0
D15B,2020-04-26,-66.9833,81.5833,24.0,-3.7370758,-3.5133667,0.0,0.0
D15B,2020-04-27,-66.9833,81.5833,24.0,-3.7370758,-3.5133667,0.0,0.0
D15B,2020-04-28,-66.9833,81.5833,24.0,-3.7370758,-3.5133667,0.0,0.0
D15B,2020-04-29,-66.9833,81.5833,24.0,-3.7370758,-3.5133667,0.0,0.0
D15B,2020-04-30,-66.9833,81.5833,24.0,-3.7370758,-3.5133667,0.0,0.0
D15B,2020-05-01,-66.9833,81.5833,24.0,-3.7370758,-3.5133667,0.0,0.0
D15B,2020-05-02,-66.9833,81.5824,24.0,-3.7370758,-3.5133667,-0.000452093069452762,0.0
D15B,2020-05-03,-66.9833,81.58,24.0,-3.7370758,-3.5133667,-0.001205581518562114,0.0
D15B,2020-05-04,-66.9833,81.5768,24.0,-3.7370758,-3.5133667,-0.0016074420247399674,0.0
D15B,2020-05-05,-66.9833,81.5732,24.0,-3.7370758,-3.5133667,-0.001808372277839602,0.0
D15B,2020-05-06,-66.9833,81.57,24.0,-3.7370758,-3.5133667,-0.001607442024747106,0.0
D15B,2020-05-07,-66.9833,81.5676,24.0,-3.7370758,-3.5133667,-0.0012055815185549755,0.0
D15B,2020-05-08,-66.9833,81.5667,24.0,-3.7370758,-3.5133667,-0.0004520930694599005,0.0
D15B,2020-05-09,-66.9833,81.5667,24.0,-3.7370758,-3.5133667,0.0,0.0
D15B,2020-05-10,-66.9833,81.5667,24.0,-3.7370758,-3.5133667,0.0,0.0
D15B,2020-05-11,-66.9833,81.5667,24.0,-3.7370758,-3.5133667,0.0,0.0
D15B,2020-05-12,-66.9833,81.5667,24.0,-3.7370758,-3.5133667,0.0,0.0
D15B,2020-05-13,-66.9833,81.5667,24.0,-3.7370758,-3.5133667,0.0,0.0
D15B,2020-05-14,-66.9833,81.5667,24.0,-3.7370758,-3.5133667,0.0,0.0
D15B,2020-05-15,-66.9833,81.5667,24.0,-3.7370758,-3.5133667,0.0,0.0
D15B,2020-05-16,-66.9833,81.5667,24.0,-3.7370758,-3.5133667,0.0,0.0
D15B,2020-05-17,-66.9833,81.5667,24.0,-3.7370758,-3.5133667,0.0,0.0
D15B,2020-05-18,-66.9833,81.5667,24.0,-3.7370758,-3.5133667,0.0,0.0
D15B,2020-05-19,-66.9833,81.5667,24.0,-3.7370758,-3.5133667,0.0,0.0
D15B,2020-05-20,-66.9833,81.5667,24.0,-3.7370758,-3.5133667,0.0,0.0
D15B,2020-05-21,-66.9833,81.5667,24.0,-3.7370758,-3.5133667,0.0,0.0
D15B,2020-05-22,-66.9833,81.5667,24.0,-3.7370758,-3.5133667,0.0,0.0
D15B,2020-05-23,-66.9833,81.5667,24.0,-3.7370758,-3.5133667,0.0,0.0
D15B,2020-05-24,-66.9833,81.5667,24.0,-3.7370758,-3.5133667,0.0,0.0
D15B,2020-05-25,-66.9833,81.5667,24.0,-3.7370758,-3.5133667,0.0,0.0
D15B,2020-05-26,-66.9833,81.5667,24.0,-3.7370758,-3.5133667,0.0,0.0
D15B,2020-05-27,-66.9833,81.5667,24.0,-3.7370758,-3.5133667,0.0,0.0
D15B,2020-05-28,-66.9833,81.5667,24.0,-3.7370758,-3.5133667,0.0,0.0
D15B,2020-05-29,-66.9833,81.5667,24.0,-3.7370758,-3.5133667,0.0,0.0
D15B,2020-05-30,-66.9833,81.5667,24.0,-3.7370758,-3.5133667,0.0,0.0
D15B,2020-05-31,-66.9833,81.5667,24.0,-3.7370758,-3.5133667,0.0,0.0
D15B,2020-06-01,-66.9833,81.5667,24.0,-3.7370758,-3.5133667,0.0,0.0
D15B,2020-06-02,-66.9833,81.5667,24.0,-6.2393036,-0.45922852,0.0,0.0
D15B,2020-06-03,-66.9833,81.5667,24.0,-7.9483337,-3.9311523,0.0,0.0
D15B,2020-06-04,-66.9833,81.5667,24.0,-18.201721,-6.773773,0.0,0.0
D15B,2020-06-05,-66.9833,81.5667,24.0,-14.155304,-2.100647,0.0,0.0
D15B,2020-06-06,-66.9833,81.5667,24.0,-7.136688,4.774643,0.0,0.0
D15B,2020-06-07,-66.9833,81.5667,24.0,-9.682556,-5.625366,0.0,0.0
D15B,2020-06-08,-66.9833,81.5667,24.0,-7.8644867,-3.9515533,0.0,0.0
D15B,2020-06-09,-66.9833,81.5667,24.0,-20.756912,-4.267105,0.0,0.0
D15B,2020-06-10,-66.9833,81.5667,24.0,-14.651169,-3.126892,0.0,0.0
D15B,2020-06-11,-66.9833,81.5667,24.0,-7.5112,0.91996765,0.0,0.0
D15B,2020-06-12,-66.9833,81.5667,24.0,-7.6909637,0.17738342,0.0,0.0
D15B,2020-06-13,-66.9833,81.5667,24.0,-8.506241,-0.8782959,0.0,0.0
D15B,2020-06-14,-66.9833,81.5667,24.0,-2.3315125,1.7405853,0.0,0.0
D15B,2020-06-15,-66.9833,81.5667,24.0,7.2410736,5.119568,0.0,0.0
D15B,2020-06-16,-66.9833,81.5667,24.0,0.4282074,7.0148163,0.0,0.0
D15B,2020-06-17,-66.9833,81.5667,24.0,-7.498123,0.5677948,0.0,0.0
D15B,2020-06-18,-66.9833,81.5667,24.0,-10.345825,0.2711029,0.0,0.0
D15B,2020-06-19,-66.9833,81.5667,24.0,-3.2365112,7.3010254,0.0,0.0
D15B,2020-06-20,-66.9833,81.5667,24.0,5.4582214,-4.293564,0.0,0.0
D15B,2020-06-21,-66.9833,81.5667,24.0,-14.843414,-3.109024,0.0,0.0
D15B,2020-06-22,-66.9833,81.5667,24.0,-5.611191,1.3411407,0.0,0.0
D15B,2020-06-23,-66.9833,81.5667,24.0,-8.113159,-0.5077362,0.0,0.0
D15B,2020-06-24,-66.9833,81.5667,24.0,-10.91333,-2.5442352,0.0,0.0
D15B,2020-06-25,-66.9833,81.5667,24.0,-9.894379,-2.1421356,0.0,0.0
D15B,2020-06-26,-66.9833,81.5667,24.0,-8.865555,-0.52575684,0.0,0.0
D15B,2020-06-27,-66.9833,81.5667,24.0,-7.171936,0.5675049,0.0,0.0
D15B,2020-06-28,-66.9833,81.5667,24.0,-7.7883606,-4.0571747,0.0,0.0
D15B,2020-06-29,-66.9833,81.5667,24.0,-11.002045,-0.8426056,0.0,0.0
D15B,2020-06-30,-66.9833,81.5667,24.0,-6.6745605,0.5738678,0.0,0.0
D15B,2020-07-01,-66.9833,81.5667,24.0,-10.729782,-1.6404724,0.0,0.0
D15B,2020-07-02,-66.9833,81.5667,24.0,-2.1842346,4.509186,0.0,0.0
D15B,2020-07-03,-66.9833,81.5667,24.0,3.003296,0.6512451,0.0,0.0
D15B,2020-07-04,-66.9833,81.5667,24.0,10.1028595,2.0888214,0.0,0.0
D15B,2020-07-05,-66.9833,81.5667,24.0,-3.0744476,-0.9790497,0.0,0.0
D15B,2020-07-06,-66.9833,81.5667,24.0,3.3209076,2.0013275,0.0,0.0
D15B,2020-07-07,-66.9833,81.5667,24.0,-0.51849365,-0.56378174,0.0,0.0
D15B,2020-07-08,-66.9833,81.5667,24.0,-9.278564,-0.66204834,0.0,0.0
D15B,2020-07-09,-66.9833,81.5667,24.0,-12.398499,0.97761536,0.0,0.0
D15B,2020-07-10,-66.9833,81.5667,24.0,-22.482422,-3.5947418,0.0,0.0
D15B,2020-07-11,-66.9833,81.5667,24.0,-24.225388,-2.8380127,0.0,0.0
D15B,2020-07-12,-66.9833,81.5667,24.0,-6.360321,2.3682709,0.0,0.0
D15B,2020-07-13,-66.9833,81.5667,24.0,-11.820404,1.5817719,0.0,0.0
D15B,2020-07-14,-66.9833,81.5667,24.0,-0.18751526,3.7940216,0.0,0.0
D15B,2020-07-15,-66.9833,81.5667,24.0,-8.923477,-2.8643646,0.0,0.0
D15B,2020-07-16,-66.9833,81.5667,24.0,-12.68837,-5.74411,0.0,0.0
D15B,2020-07-17,-66.9833,81.5667,24.0,-12.91893,-7.654236,0.0,0.0
D15B,2020-07-18,-66.9833,81.5667,24.0,-19.762558,-4.53183,0.0,0.0
D15B,2020-07-19,-66.9833,81.5667,24.0,-23.8275,-4.8744507,0.0,0.0
D15B,2020-07-20,-66.9833,81.5667,24.0,-1.5344849,5.0395355,0.0,0.0
D15B,2020-07-21,-66.9833,81.5667,24.0,-16.10028,-3.4273987,0.0,0.0
D15B,2020-07-22,-66.9833,81.5667,24.0,-11.184006,-4.0276947,0.0,0.0
D15B,2020-07-23,-66.9833,81.5667,24.0,-10.049225,0.10548401,0.0,0.0
D15B,2020-07-24,-66.9833,81.5667,24.0,-7.2838135,2.3740234,0.0,0.0
D15B,2020-07-25,-66.9833,81.5667,24.0,-1.4742279,-0.5979004,0.0,0.0
D15B,2020-07-26,-66.9833,81.5667,24.0,-1.7200317,-3.3516083,0.0,0.0
D15B,2020-07-27,-66.9833,81.5667,24.0,-0.5469818,2.2888947,0.0,0.0
D15B,2020-07-28,-66.9833,81.5667,24.0,7.2761993,2.700821,0.0,0.0
D15B,2020-07-29,-66.9833,81.5667,24.0,6.991638,3.5139923,0.0,0.0
D15B,2020-07-30,-66.9833,81.5667,24.0,-8.070511,-1.1376953,0.0,0.0
D15B,2020-07-31,-66.9833,81.5667,24.0,-8.088409,-1.7031708,0.0,0.0
D15B,2020-08-01,-66.9833,81.5667,24.0,-20.660553,-4.4655,0.0,0.0
D15B,2020-08-02,-66.9833,81.5667,24.0,-3.2168121,-6.792206,0.0,0.0
D15B,2020-08-03,-66.9833,81.5667,24.0,-1.3538055,2.0151367,0.0,0.0
D15B,2020-08-04,-66.9833,81.5667,24.0,0.9288788,4.389847,0.0,0.0
D15B,2020-08-05,-66.9833,81.5667,24.0,-11.001556,0.14666748,0.0,0.0
D15B,2020-08-06,-66.9833,81.5667,24.0,7.496277,-2.512329,0.0,0.0
D15B,2020-08-07,-66.9833,81.5667,24.0,1.4650726,-0.9712219,0.0,0.0
D15B,2020-08-08,-66.9833,81.5667,24.0,-11.411987,-3.7039185,0.0,0.0
D15B,2020-08-09,-66.9833,81.5667,24.0,-8.755005,-3.7748108,0.0,0.0
D15B,2020-08-10,-66.9833,81.5667,24.0,-10.814941,0.14453125,0.0,0.0
D15B,2020-08-11,-66.9833,81.5667,24.0,-21.06894,-4.603363,0.0,0.0
D15B,2020-08-12,-66.9833,81.5667,24.0,-20.760437,-6.237747,0.0,0.0
D15B,2020-08-13,-66.9833,81.5667,24.0,-13.093826,1.3171844,0.0,0.0
D15B,2020-08-14,-66.9833,81.5667,24.0,-7.9214783,1.0369873,0.0,0.0
D15B,2020-08-15,-66.9833,81.5667,24.0,-9.718338,-3.7988586,0.0,0.0
D15B,2020-08-16,-66.9833,81.5667,24.0,-21.535812,-1.0149231,0.0,0.0
D15B,2020-08-17,-66.9833,81.5667,24.0,-10.485992,-8.318558,0.0,0.0
D15B,2020-08-18,-66.9833,81.5667,24.0,-20.326523,-5.4805603,0.0,0.0
D15B,2020-08-19,-66.9833,81.5667,24.0,-18.376495,-3.7909393,0.0,0.0
D15B,2020-08-20,-66.9833,81.5667,24.0,-18.73462,-1.8218689,0.0,0.0
D15B,2020-08-21,-66.9833,81.5667,24.0,-6.505615,-0.3407135,0.0,0.0
D15B,2020-08-22,-66.9833,81.5667,24.0,6.6076202,6.1797333,0.0,0.0
D15B,2020-08-23,-66.9833,81.5667,24.0,1.0486145,3.8362122,0.0,0.0
D15B,2020-08-24,-66.9833,81.5667,24.0,-3.369049,1.9835052,0.0,0.0
D15B,2020-08-25,-66.9833,81.5667,24.0,-12.395294,-1.7684174,0.0,0.0
D15B,2020-08-26,-66.9833,81.5667,24.0,-9.394455,-0.1321106,0.0,0.0
D15B,2020-08-27,-66.9833,81.5667,24.0,-4.212723,1.1828461,0.0,0.0
D15B,2020-08-28,-66.9833,81.5667,24.0,-4.760315,-0.7788391,0.0,0.0
D15B,2020-08-29,-66.9833,81.5667,24.0,-3.4397583,-1.8525085,0.0,0.0
D15B,2020-08-30,-66.9833,81.5667,24.0,-9.45372,-4.0199127,0.0,0.0
D15B,2020-08-31,-66.9833,81.5667,24.0,-13.191086,-2.7815704,0.0,0.0
D15B,2020-09-01,-66.9833,81.5667,24.0,-3.3185577,0.5977173,0.0,0.0
D15B,2020-09-02,-66.9833,81.5667,24.0,-3.3185577,0.5977173,0.0,0.0
D15B,2020-09-03,-66.9833,81.5667,24.0,-3.3185577,0.5977173,0.0,0.0
D15B,2020-09-04,-66.9833,81.5667,24.0,-3.3185577,0.5977173,0.0,0.0
D15B,2020-09-05,-66.9833,81.5667,24.0,-3.3185577,0.5977173,0.0,0.0
D15B,2020-09-06,-66.9833,81.5667,24.0,-3.3185577,0.5977173,0.0,0.0
D15B,2020-09-07,-66.9833,81.5667,24.0,-3.3185577,0.5977173,0.0,0.0
D15B,2020-09-08,-66.9833,81.5667,24.0,-3.3185577,0.5977173,0.0,0.0
D15B,2020-09-09,-66.9833,81.5667,24.0,-3.3185577,0.5977173,0.0,0.0
D15B,2020-09-10,-66.9833,81.5667,24.0,-3.3185577,0.5977173,0.0,0.0
D15B,2020-09-11,-66.9833,81.5667,24.0,-3.3185577,0.5977173,0.0,0.0
D15B,2020-09-12,-66.9833,81.5667,24.0,-3.3185577,0.5977173,0.0,0.0
D15B,2020-09-13,-66.9833,81.5667,24.0,-3.3185577,0.5977173,0.0,0.0
D15B,2020-09-14,-66.9833,81.5667,24.0,-3.3185577,0.5977173,0.0,0.0
D15B,2020-09-15,-66.9833,81.5667,24.0,-3.3185577,0.5977173,0.0,0.0
D15B,2020-09-16,-66.9833,81.5667,24.0,-3.3185577,0.5977173,0.0,0.0
D15B,2020-09-17,-66.9833,81.5667,24.0,-3.3185577,0.5977173,0.0,0.0
D15B,2020-09-18,-66.9833,81.5667,24.0,-3.3185577,0.5977173,0.0,0.0
D15B,2020-09-19,-66.9833,81.5667,24.0,-3.3185577,0.5977173,0.0,0.0
D15B,2020-09-20,-66.9833,81.5667,24.0,-3.3185577,0.5977173,0.0,0.0
D15B,2020-09-21,-66.9833,81.5667,24.0,-3.3185577,0.5977173,0.0,0.0
D15B,2020-09-22,-66.9833,81.5667,24.0,-3.3185577,0.5977173,0.0,0.0
D15B,2020-09-23,-66.9833,81.5667,24.0,-3.3185577,0.5977173,0.0,0.0
D15B,2020-09-24,-66.9833,81.5667,24.0,-3.3185577,0.5977173,0.0,0.0
D15B,2020-09-25,-66.9833,81.5667,24.0,-3.3185577,0.5977173,0.0,0.0
D15B,2020-10-10,-66.9833,81.5667,24.0,-3.3185577,0.5977173,0.0,0.0
D15B,2020-10-11,-66.9833,81.5667,24.0,-3.3185577,0.5977173,0.0,0.0
D15B,2020-10-12,-66.9833,81.5667,24.0,-3.3185577,0.5977173,0.0,0.0
D15B,2020-10-13,-66.9833,81.5667,24.0,-3.3185577,0.5977173,0.0,0.0
D15B,2020-10-14,-66.9833,81.5667,24.0,-3.3185577,0.5977173,0.0,0.0
D15B,2020-10-15,-66.9833,81.5667,24.0,-3.3185577,0.5977173,0.0,0.0
D15B,2020-10-16,-66.9833,81.5667,24.0,-3.3185577,0.5977173,0.0,0.0
D15B,2020-10-17,-66.9833,81.5667,24.0,-3.3185577,0.5977173,0.0,0.0
D15B,2020-10-18,-66.9833,81.5667,24.0,-3.3185577,0.5977173,0.0,0.0
D15B,2020-10-19,-66.9833,81.5667,24.0,-3.3185577,0.5977173,0.0,0.0
D15B,2020-10-20,-66.9833,81.5667,24.0,-3.3185577,0.5977173,0.0,0.0
D15B,2020-10-21,-66.9833,81.5667,24.0,-3.3185577,0.5977173,0.0,0.0
D15B,2020-10-22,-66.9833,81.5667,24.0,-3.3185577,0.5977173,0.0,0.0
D15B,2020-10-23,-66.9833,81.5667,24.0,-3.3185577,0.5977173,0.0,0.0
D15B,2020-10-24,-66.9833,81.5667,24.0,-3.3185577,0.5977173,0.0,0.0
D15B,2020-10-25,-66.9833,81.5667,24.0,-3.3185577,0.5977173,0.0,0.0
D15B,2020-10-26,-66.9833,81.5667,24.0,-3.3185577,0.5977173,0.0,0.0
D15B,2020-10-27,-66.9833,81.5667,24.0,-3.3185577,0.5977173,0.0,0.0
D15B,2020-10-28,-66.9833,81.5667,24.0,-3.3185577,0.5977173,0.0,0.0
D15B,2020-10-29,-66.9833,81.5667,24.0,-3.3185577,0.5977173,0.0,0.0
D15B,2020-10-30,-66.9833,81.5667,24.0,-3.3185577,0.5977173,0.0,0.0
D15B,2020-10-31,-66.9833,81.5667,24.0,-3.3185577,0.5977173,0.0,0.0
D15B,2020-11-01,-66.9833,81.5667,24.0,-3.3185577,0.5977173,0.0,0.0
D15B,2020-11-02,-66.9833,81.5667,24.0,-3.3185577,0.5977173,0.0,0.0
D15B,2020-11-03,-66.9833,81.5667,24.0,-3.3185577,0.5977173,0.0,0.0
D15B,2020-11-04,-66.9833,81.5667,24.0,-3.3185577,0.5977173,0.0,0.0
D15B,2020-11-05,-66.9833,81.5667,24.0,-3.3185577,0.5977173,0.0,0.0
D15B,2020-11-06,-66.9833,81.5667,24.0,-3.3185577,0.5977173,0.0,0.0
D20A,2020-01-01,-68.7667,36.3167,24.0,-7.3112946,-0.15008545,0.0,0.0
D20A,2020-01-02,-68.7667,36.3167,24.0,-7.3112946,-0.15008545,0.0,0.0
D20A,2020-01-03,-68.7667,36.3167,24.0,-7.3112946,-0.15008545,0.0,0.0
D20A,2020-01-04,-68.7667,36.3167,24.0,-7.3112946,-0.15008545,0.0,0.0
D20A,2020-01-05,-68.7667,36.3167,24.0,-7.3112946,-0.15008545,0.0,0.0
D20A,2020-01-06,-68.7667,36.3167,24.0,-7.3112946,-0.15008545,0.0,0.0
D20A,2020-01-07,-68.7667,36.3167,24.0,-7.3112946,-0.15008545,0.0,0.0
D20A,2020-01-08,-68.7667,36.3167,24.0,-7.3112946,-0.15008545,0.0,0.0
D20A,2020-01-09,-68.7667,36.3167,24.0,-7.3112946,-0.15008545,0.0,0.0
D20A,2020-01-10,-68.7667,36.3167,24.0,-7.3112946,-0.15008545,0.0,0.0
D20A,2020-01-11,-68.7667,36.3167,24.0,-7.3112946,-0.15008545,0.0,0.0
D20A,2020-01-12,-68.7667,36.3167,24.0,-7.3112946,-0.15008545,0.0,0.0
D20A,2020-01-13,-68.7667,36.3167,24.0,-7.3112946,-0.15008545,0.0,0.0
D20A,2020-01-14,-68.7667,36.3167,24.0,-7.3112946,-0.15008545,0.0,0.0
D20A,2020-01-15,-68.7667,36.3167,24.0,-7.3112946,-0.15008545,0.0,0.0
D20A,2020-01-16,-68.7667,36.3167,24.0,-7.3112946,-0.15008545,0.0,0.0
D20A,2020-01-17,-68.7667,36.3167,24.0,-7.3112946,-0.15008545,0.0,0.0
D20A,2020-01-18,-68.7662,36.3167,24.0,-7.3112946,-0.15008545,0.0,0.0006423611111141783
D20A,2020-01-19,-68.7648,36.3167,24.0,-7.3112946,-0.15008545,0.0,0.0017986111111160479
D20A,2020-01-20,-68.7628,36.3167,24.0,-7.3112946,-0.15008545,0.0,0.0025694444444384562
D20A,2020-01-21,-68.7601,36.3167,24.0,-7.3112946,-0.15008545,0.0,0.0034687500000056084
D20A,2020-01-22,-68.757,36.3167,24.0,-7.3112946,-0.15008545,0.0,0.003982638888875043
D20A,2020-01-23,-68.7536,36.3167,24.0,-7.3112946,-0.15008545,0.0,0.004368055555554504
D20A,2020-01-24,-68.75,36.3167,24.0,-7.3112946,-0.15008545,0.0,0.004625000000007478
D20A,2020-01-25,-68.745,36.3148,24.0,-7.3112946,-0.15008545,-0.0008848997120245332,0.006423611111105269
D20A,2020-01-26,-68.7379,36.3101,24.0,-7.3112946,-0.15008545,-0.002189659773659972,0.00912152777778847
D20A,2020-01-27,-68.7294,36.3036,24.0,-7.3112946,-0.15008545,-0.0030294073686639757,0.010920138888886259
D20A,2020-01-28,-68.7206,36.2964,24.0,-7.3112946,-0.15008545,-0.003356975116064762,0.011305555555547464
D20A,2020-01-29,-68.7121,36.2899,24.0,-7.3112946,-0.15008545,-0.003031756889806182,0.010920138888886259
D20A,2020-01-30,-68.705,36.2852,24.0,-7.3112946,-0.15008545,-0.00219289061562776,0.00912152777778847
D20A,2020-01-31,-68.7,36.2833,24.0,-7.3112946,-0.15008545,-0.00088668616327549,0.006423611111105269
D20A,2020-02-01,-68.6967,36.2833,24.0,-7.3112946,-0.15008545,0.0,0.004239583333328017
D20A,2020-02-02,-68.694,36.2833,24.0,-7.3112946,-0.15008545,0.0,0.0034687500000056084
D20A,2020-02-03,-68.6917,36.2833,24.0,-7.3112946,-0.15008545,0.0,0.0029548611111179174
D20A,2020-02-04,-68.6896,36.2833,24.0,-7.3112946,-0.15008545,0.0,0.002697916666664943
D20A,2020-02-05,-68.6876,36.2833,24.0,-7.3112946,-0.15008545,0.0,0.0025694444444384562
D20A,2020-02-06,-68.6855,36.2833,24.0,-7.3112946,-0.15008545,0.0,0.002697916666664943
D20A,2020-02-07,-68.6833,36.2833,24.0,-7.3112946,-0.15008545,0.0,0.00282638888889143
D20A,2020-02-08,-68.6806,36.2815,24.0,-7.3112946,-0.15008545,-0.0008407479349811281,0.0034687500000056084
D20A,2020-02-09,-68.6776,36.2767,24.0,-7.3112946,-0.15008545,-0.0022422952804571155,0.003854166666666813
D20A,2020-02-10,-68.6744,36.2702,24.0,-7.3112946,-0.15008545,-0.0030368759867924508,0.00411111111110153
D20A,2020-02-11,-68.6715,36.2631,24.0,-7.3112946,-0.15008545,-0.003317633066813698,0.0037256944444585827
D20A,2020-02-12,-68.669,36.2566,24.0,-7.3112946,-0.15008545,-0.0030376091185515385,0.0032118055555526346
D20A,2020-02-13,-68.6673,36.2518,24.0,-7.3112946,-0.15008545,-0.002243327936272045,0.002184027777777252
D20A,2020-02-14,-68.6667,36.25,24.0,-7.3112946,-0.15008545,-0.0008412705332816945,0.0007708333333224084
D20A,2020-02-15,-68.6667,36.25,24.0,-7.3112946,-0.15008545,0.0,0.0
D20A,2020-02-16,-68.6667,36.25,24.0,-7.3112946,-0.15008545,0.0,0.0
D20A,2020-02-17,-68.6667,36.25,24.0,-7.3112946,-0.15008545,0.0,0.0
D20A,2020-02-18,-68.6667,36.25,24.0,-7.3112946,-0.15008545,0.0,0.0
D20A,2020-02-19,-68.6667,36.25,24.0,-7.3112946,-0.15008545,0.0,0.0
D20A,2020-02-20,-68.6667,36.25,24.0,-7.3112946,-0.15008545,0.0,0.0
D20A,2020-02-21,-68.6667,36.25,24.0,-7.3112946,-0.15008545,0.0,0.0
D20A,2020-02-22,-68.6676,36.2491,24.0,-7.3112946,-0.15008545,-0.0004206183487403484,-0.0011562499999836124
D20A,2020-02-23,-68.67,36.2467,24.0,-7.3112946,-0.15008545,-0.0011215286235499412,-0.0030833333333444043
D20A,2020-02-24,-68.6732,36.2434,24.0,-7.3112946,-0.15008545,-0.001541881291393453,-0.00411111111110153
D20A,2020-02-25,-68.6768,36.2399,24.0,-7.3112946,-0.15008545,-0.0016350654609701136,-0.004625000000007478
D20A,2020-02-26,-68.68,36.2366,24.0,-7.3112946,-0.15008545,-0.0015414125727073325,-0.004111111111119787
D20A,2020-02-27,-68.6824,36.2342,24.0,-7.3112946,-0.15008545,-0.0011209070090193816,-0.0030833333333261472
D20A,2020-02-28,-68.6833,36.2333,24.0,-7.3112946,-0.15008545,-0.0004203232086723386,-0.0011562500000018695
D20A,2020-02-29,-68.6833,36.2333,24.0,-7.3112946,-0.15008545,0.0,0.0
D20A,2020-03-01,-68.6833,36.2333,24.0,-7.3112946,-0.15008545,0.0,0.0
D20A,2020-03-02,-68.6833,36.2333,24.0,-7.3112946,-0.15008545,0.0,0.0
D20A,2020-03-03,-68.6833,36.2333,24.0,-7.3112946,-0.15008545,0.0,0.0
D20A,2020-03-04,-68.6833,36.2333,24.0,-7.3112946,-0.15008545,0.0,0.0
D20A,2020-03-05,-68.6833,36.2333,24.0,-7.3112946,-0.15008545,0.0,0.0
D20A,2020-03-06,-68.6833,36.2333,24.0,-7.3112946,-0.15008545,0.0,0.0
D20A,2020-03-07,-68.6833,36.2333,24.0,-7.3112946,-0.15008545,0.0,0.0
D20A,2020-03-08,-68.6833,36.2333,24.0,-7.3112946,-0.15008545,0.0,0.0
D20A,2020-03-09,-68.6833,36.2333,24.0,-7.3112946,-0.15008545,0.0,0.0
D20A,2020-03-10,-68.6833,36.2333,24.0,-7.3112946,-0.15008545,0.0,0.0
D20A,2020-03-11,-68.6833,36.2333,24.0,-7.3112946,-0.15008545,0.0,0.0
D20A,2020-03-12,-68.6833,36.2333,24.0,-7.3112946,-0.15008545,0.0,0.0
D20A,2020-03-13,-68.6833,36.2333,24.0,-7.3112946,-0.15008545,0.0,0.0
D20A,2020-03-14,-68.6833,36.2333,24.0,-7.3112946,-0.15008545,0.0,0.0
D20A,2020-03-15,-68.6833,36.2333,24.0,-7.3112946,-0.15008545,0.0,0.0
D20A,2020-03-16,-68.6833,36.2333,24.0,-7.3112946,-0.15008545,0.0,0.0
D20A,2020-03-17,-68.6833,36.2333,24.0,-7.3112946,-0.15008545,0.0,0.0
D20A,2020-03-18,-68.6833,36.2333,24.0,-7.3112946,-0.15008545,0.0,0.0
D20A,2020-03-19,-68.6833,36.2333,24.0,-7.3112946,-0.15008545,0.0,0.0
D20A,2020-03-20,-68.6833,36.2333,24.0,-7.3112946,-0.15008545,0.0,0.0
D20A,2020-03-21,-68.6824,36.2333,24.0,-7.3112946,-0.15008545,0.0,0.0011562500000018695
D20A,2020-03-22,-68.68,36.2333,24.0,-7.3112946,-0.15008545,0.0,0.0030833333333261472
D20A,2020-03-23,-68.6768,36.2333,24.0,-7.3112946,-0.15008545,0.0,0.004111111111119787
D20A,2020-03-24,-68.6732,36.2333,24.0,-7.3112946,-0.15008545,0.0,0.004625000000007478
D20A,2020-03-25,-68.67,36.2333,24.0,-7.3112946,-0.15008545,0.0,0.00411111111110153
D20A,2020-03-26,-68.6676,36.2333,24.0,-7.3112946,-0.15008545,0.0,0.0030833333333444043
D20A,2020-03-27,-68.6667,36.2333,24.0,-7.3112946,-0.15008545,0.0,0.0011562499999836124
D20A,2020-03-28,-68.6667,36.2333,24.0,-7.3112946,-0.15008545,0.0,0.0
D20A,2020-03-29,-68.6667,36.2333,24.0,-7.3112946,-0.15008545,0.0,0.0
D20A,2020-03-30,-68.6667,36.2333,24.0,-7.3112946,-0.15008545,0.0,0.0
D20A,2020-03-31,-68.6667,36.2333,24.0,-7.3112946,-0.15008545,0.0,0.0
D20A,2020-04-01,-68.6667,36.2333,24.0,-7.3112946,-0.15008545,0.0,0.0
D20A,2020-04-02,-68.6667,36.2333,24.0,-7.3112946,-0.15008545,0.0,0.0
D20A,2020-04-03,-68.6667,36.2333,24.0,-7.3112946,-0.15008545,0.0,0.0
D20A,2020-04-04,-68.6667,36.2333,24.0,-7.3112946,-0.15008545,0.0,0.0
D20A,2020-04-05,-68.6667,36.2333,24.0,-7.3112946,-0.15008545,0.0,0.0
D20A,2020-04-06,-68.6667,36.2333,24.0,-7.3112946,-0.15008545,0.0,0.0
D20A,2020-04-07,-68.6667,36.2333,24.0,-7.3112946,-0.15008545,0.0,0.0
D20A,2020-04-08,-68.6667,36.2333,24.0,-7.3112946,-0.15008545,0.0,0.0
D20A,2020-04-09,-68.6667,36.2333,24.0,-7.3112946,-0.15008545,0.0,0.0
D20A,2020-04-10,-68.6667,36.2333,24.0,-7.3112946,-0.15008545,0.0,0.0
D20A,2020-04-11,-68.6667,36.2333,24.0,-7.3112946,-0.15008545,0.0,0.0
D20A,2020-04-12,-68.6667,36.2333,24.0,-7.3112946,-0.15008545,0.0,0.0
D20A,2020-04-13,-68.6667,36.2333,24.0,-7.3112946,-0.15008545,0.0,0.0
D20A,2020-04-14,-68.6667,36.2333,24.0,-7.3112946,-0.15008545,0.0,0.0
D20A,2020-04-15,-68.6667,36.2333,24.0,-7.3112946,-0.15008545,0.0,0.0
D20A,2020-04-16,-68.6667,36.2333,24.0,-7.3112946,-0.15008545,0.0,0.0
D20A,2020-04-17,-68.6667,36.2333,24.0,-7.3112946,-0.15008545,0.0,0.0
D20A,2020-04-18,-68.6667,36.2342,24.0,-7.3112946,-0.15008545,0.00042063526664084725,0.0
D20A,2020-04-19,-68.6667,36.2366,24.0,-7.3112946,-0.15008545,0.0011216940443744855,0.0
D20A,2020-04-20,-68.6667,36.2399,24.0,-7.3112946,-0.15008545,0.0015423293110120118,0.0
D20A,2020-04-21,-68.6667,36.2434,24.0,-7.3112946,-0.15008545,0.0016358038147129298,0.0
D20A,2020-04-22,-68.6667,36.2467,24.0,-7.3112946,-0.15008545,0.0015423293110120118,0.0
D20A,2020-04-23,-68.6667,36.2491,24.0,-7.3112946,-0.15008545,0.0011216940443744855,0.0
D20A,2020-04-24,-68.6667,36.25,24.0,-7.3112946,-0.15008545,0.00042063526664084725,0.0
D20A,2020-04-25,-68.6667,36.25,24.0,-7.3112946,-0.15008545,0.0,0.0
D20A,2020-04-26,-68.6667,36.25,24.0,-7.3112946,-0.15008545,0.0,0.0
D20A,2020-04-27,-68.6667,36.25,24.0,-7.3112946,-0.15008545,0.0,0.0
D20A,2020-04-28,-68.6667,36.25,24.0,-7.3112946,-0.15008545,0.0,0.0
D20A,2020-04-29,-68.6667,36.25,24.0,-7.3112946,-0.15008545,0.0,0.0
D20A,2020-04-30,-68.6667,36.25,24.0,-7.3112946,-0.15008545,0.0,0.0
D20A,2020-05-01,-68.6667,36.25,24.0,-7.3112946,-0.15008545,0.0,0.0
D20A,2020-05-02,-68.6667,36.25,24.0,-7.3112946,-0.15008545,0.0,0.0
D20A,2020-05-03,-68.6667,36.25,24.0,-7.3112946,-0.15008545,0.0,0.0
D20A,2020-05-04,-68.6667,36.25,24.0,-7.3112946,-0.15008545,0.0,0.0
D20A,2020-05-05,-68.6667,36.25,24.0,-7.3112946,-0.15008545,0.0,0.0
D20A,2020-05-06,-68.6667,36.25,24.0,-7.3112946,-0.15008545,0.0,0.0
D20A,2020-05-07,-68.6667,36.25,24.0,-7.3112946,-0.15008545,0.0,0.0
D20A,2020-05-08,-68.6667,36.25,24.0,-7.3112946,-0.15008545,0.0,0.0
D20A,2020-05-09,-68.6658,36.2509,24.0,-7.3112946,-0.15008545,0.0004206521844375587,0.0011562500000018695
D20A,2020-05-10,-68.6634,36.2533,24.0,-7.3112946,-0.15008545,0.0011218594614780533,0.0030833333333444043
D20A,2020-05-11,-68.6601,36.2566,24.0,-7.3112946,-0.15008545,0.0015427842029297229,0.004239583333328017
D20A,2020-05-12,-68.6566,36.2601,24.0,-7.3112946,-0.15008545,0.0016365421176247424,0.004496527777780991
D20A,2020-05-13,-68.6533,36.2634,24.0,-7.3112946,-0.15008545,0.0015432528580396083,0.004239583333328017
D20A,2020-05-14,-68.6509,36.2658,24.0,-7.3112946,-0.15008545,0.001122486007664564,0.0030833333333444043
D20A,2020-05-15,-68.65,36.2667,24.0,-7.3112946,-0.15008545,0.0004209491688486095,0.0011562499999836124
D20A,2020-05-16,-68.65,36.2667,24.0,-7.3112946,-0.15008545,0.0,0.0
D20A,2020-05-17,-68.65,36.2667,24.0,-7.3112946,-0.15008545,0.0,0.0
D20A,2020-05-18,-68.65,36.2667,24.0,-7.3112946,-0.15008545,0.0,0.0
D20A,2020-05-19,-68.65,36.2667,24.0,-7.3112946,-0.15008545,0.0,0.0
D20A,2020-05-20,-68.65,36.2667,24.0,-7.3112946,-0.15008545,0.0,0.0
D20A,2020-05-21,-68.65,36.2667,24.0,-7.3112946,-0.15008545,0.0,0.0
D20A,2020-05-22,-68.65,36.2667,24.0,-7.3112946,-0.15008545,0.0,0.0
D20A,2020-05-23,-68.65,36.2667,24.0,-7.3112946,-0.15008545,0.0,0.0
D20A,2020-05-24,-68.65,36.2667,24.0,-7.3112946,-0.15008545,0.0,0.0
D20A,2020-05-25,-68.65,36.2667,24.0,-7.3112946,-0.15008545,0.0,0.0
D20A,2020-05-26,-68.65,36.2667,24.0,-7.3112946,-0.15008545,0.0,0.0
D20A,2020-05-27,-68.65,36.2667,24.0,-7.3112946,-0.15008545,0.0,0.0
D20A,2020-05-28,-68.65,36.2667,24.0,-7.3112946,-0.15008545,0.0,0.0
D20A,2020-05-29,-68.65,36.2667,24.0,-7.3112946,-0.15008545,0.0,0.0
D20A,2020-05-30,-68.65,36.2667,24.0,-7.3112946,-0.15008545,0.0,0.0
D20A,2020-05-31,-68.65,36.2667,24.0,-7.3112946,-0.15008545,0.0,0.0
D20A,2020-06-01,-68.65,36.2667,24.0,-7.3112946,-0.15008545,0.0,0.0
D20A,2020-06-02,-68.65,36.2667,24.0,-2.9766083,3.5202637,0.0,0.0
D20A,2020-06-03,-68.65,36.2667,24.0,-4.1524353,2.7026367,0.0,0.0
D20A,2020-06-04,-68.65,36.2667,24.0,-1.4683228,3.192047,0.0,0.0
D20A,2020-06-05,-68.65,36.2667,24.0,1.719696,0.41204834,0.0,0.0
D20A,2020-06-06,-68.65,36.2667,24.0,-6.0468445,2.370346,0.0,0.0
D20A,2020-06-07,-68.65,36.2667,24.0,9.548889,-3.1732178,0.0,0.0
D20A,2020-06-08,-68.65,36.2667,24.0,-0.6564789,4.474228,0.0,0.0
D20A,2020-06-09,-68.65,36.2667,24.0,2.8192596,5.5825043,0.0,0.0
D20A,2020-06-10,-68.65,36.2667,24.0,-3.3191376,4.623108,0.0,0.0
D20A,2020-06-11,-68.65,36.2667,24.0,-2.6811218,0.21781921,0.0,0.0
D20A,2020-06-12,-68.65,36.2667,24.0,-5.5395966,0.68226624,0.0,0.0
D20A,2020-06-13,-68.65,36.2667,24.0,-13.359756,-9.96521,0.0,0.0
D20A,2020-06-14,-68.65,36.2667,24.0,-18.44284,-7.6842194,0.0,0.0
D20A,2020-06-15,-68.65,36.2667,24.0,-15.093887,-9.364807,0.0,0.0
D20A,2020-06-16,-68.65,36.2667,24.0,0.13035583,1.1730194,0.0,0.0
D20A,2020-06-17,-68.65,36.2667,24.0,-3.043045,3.6205292,0.0,0.0
D20A,2020-06-18,-68.65,36.2667,24.0,-4.828247,1.0738373,0.0,0.0
D20A,2020-06-19,-68.65,36.2667,24.0,-5.324402,10.397705,0.0,0.0
D20A,2020-06-20,-68.65,36.2667,24.0,-7.9324036,1.3158112,0.0,0.0
D20A,2020-06-21,-68.65,36.2667,24.0,-7.442047,-5.901993,0.0,0.0
D20A,2020-06-22,-68.65,36.2667,24.0,-9.938339,3.9417267,0.0,0.0
D20A,2020-06-23,-68.65,36.2667,24.0,-7.501831,1.8994904,0.0,0.0
D20A,2020-06-24,-68.65,36.2667,24.0,-7.723877,1.4137726,0.0,0.0
D20A,2020-06-25,-68.65,36.2667,24.0,-5.8260193,5.18013,0.0,0.0
D20A,2020-06-26,-68.65,36.2667,24.0,-4.9602814,1.838501,0.0,0.0
D20A,2020-06-27,-68.65,36.2667,24.0,-2.5401,3.3721924,0.0,0.0
D20A,2020-06-28,-68.65,36.2667,24.0,2.073944,3.3773956,0.0,0.0
D20A,2020-06-29,-68.65,36.2667,24.0,-1.7188416,0.9777069,0.0,0.0
D20A,2020-06-30,-68.65,36.2667,24.0,-4.8483887,-0.81285095,0.0,0.0
D20A,2020-07-01,-68.65,36.2667,24.0,-4.026657,1.3302307,0.0,0.0
D20A,2020-07-02,-68.65,36.2667,24.0,-2.464508,3.059967,0.0,0.0
D20A,2020-07-03,-68.65,36.2667,24.0,3.6361084,0.20593262,0.0,0.0
D20A,2020-07-04,-68.65,36.2667,24.0,-1.9996796,1.1415558,0.0,0.0
D20A,2020-07-05,-68.65,36.2667,24.0,-0.7287445,2.6156769,0.0,0.0
D20A,2020-07-06,-68.65,36.2667,24.0,-2.3255768,3.5501556,0.0,0.0
D20A,2020-07-07,-68.65,36.2667,24.0,-1.2382202,3.0700073,0.0,0.0
D20A,2020-07-08,-68.65,36.2667,24.0,1.7194824,2.5361938,0.0,0.0
D20A,2020-07-09,-68.65,36.2667,24.0,-5.218811,1.1895294,0.0,0.0
D20A,2020-07-10,-68.65,36.2667,24.0,-15.2421875,-2.4570465,0.0,0.0
D20A,2020-07-11,-68.65,36.2667,24.0,-23.132614,-7.4346924,0.0,0.0
D20A,2020-07-12,-68.65,36.2667,24.0,-23.117157,-10.363174,0.0,0.0
D20A,2020-07-13,-68.65,36.2667,24.0,-14.987396,-3.594986,0.0,0.0
D20A,2020-07-14,-68.65,36.2667,24.0,-1.1640778,-0.1747284,0.0,0.0
D20A,2020-07-15,-68.65,36.2667,24.0,6.049179,1.6668854,0.0,0.0
D20A,2020-07-16,-68.65,36.2667,24.0,6.6172943,1.8603821,0.0,0.0
D20A,2020-07-17,-68.65,36.2667,24.0,10.122086,4.13678,0.0,0.0
D20A,2020-07-18,-68.65,36.2667,24.0,-6.166855,0.1156311,0.0,0.0
D20A,2020-07-19,-68.65,36.2667,24.0,-8.780624,2.6431274,0.0,0.0
D20A,2020-07-20,-68.65,36.2667,24.0,-7.5462036,3.0864105,0.0,0.0
D20A,2020-07-21,-68.65,36.2667,24.0,2.1575317,3.6399841,0.0,0.0
D20A,2020-07-22,-68.65,36.2667,24.0,5.238846,1.1891022,0.0,0.0
D20A,2020-07-23,-68.65,36.2667,24.0,-15.84317,-3.8056488,0.0,0.0
D20A,2020-07-24,-68.65,36.2667,24.0,-10.038696,-4.591797,0.0,0.0
D20A,2020-07-25,-68.65,36.2667,24.0,-7.009384,1.892334,0.0,0.0
D20A,2020-07-26,-68.65,36.2667,24.0,0.5055542,3.6728058,0.0,0.0
D20A,2020-07-27,-68.65,36.2667,24.0,-14.820419,1.5877228,0.0,0.0
D20A,2020-07-28,-68.65,36.2667,24.0,-16.089035,-4.9026947,0.0,0.0
D20A,2020-07-29,-68.65,36.2667,24.0,-9.24762,3.610672,0.0,0.0
D20A,2020-07-30,-68.65,36.2667,24.0,-5.306839,2.3125,0.0,0.0
D20A,2020-07-31,-68.65,36.2667,24.0,-3.0210266,4.471634,0.0,0.0
D20A,2020-08-01,-68.65,36.2667,24.0,1.690033,2.3157501,0.0,0.0
D20A,2020-08-02,-68.65,36.2667,24.0,4.2216644,2.6482239,0.0,0.0
D20A,2020-08-03,-68.65,36.2667,24.0,-4.9338837,-1.2270508,0.0,0.0
D20A,2020-08-04,-68.65,36.2667,24.0,7.109543,-0.43730164,0.0,0.0
D20A,2020-08-05,-68.65,36.2667,24.0,-0.56503296,2.960144,0.0,0.0
D20A,2020-08-06,-68.65,36.2667,24.0,-6.3377075,-2.5367432,0.0,0.0
D20A,2020-08-07,-68.65,36.2667,24.0,0.011947632,1.7485046,0.0,0.0
D20A,2020-08-08,-68.65,36.2667,24.0,1.3624268,6.5997925,0.0,0.0
D20A,2020-08-09,-68.65,36.2667,24.0,-2.8839111,5.8384705,0.0,0.0
D20A,2020-08-10,-68.65,36.2667,24.0,-4.7661133,8.461914,0.0,0.0
D20A,2020-08-11,-68.65,36.2667,24.0,2.0052795,7.869293,0.0,0.0
D20A,2020-08-12,-68.65,36.2667,24.0,-7.7457886,9.071823,0.0,0.0
D20A,2020-08-13,-68.65,36.2667,24.0,-8.209061,-3.7423859,0.0,0.0
D20A,2020-08-14,-68.65,36.2667,24.0,-6.131439,3.6209717,0.0,0.0
D20A,2020-08-15,-68.65,36.2667,24.0,-1.9956818,3.0292664,0.0,0.0
D20A,2020-08-16,-68.65,36.2667,24.0,-2.7858124,4.5729675,0.0,0.0
D20A,2020-08-17,-68.65,36.2667,24.0,1.7210388,5.621872,0.0,0.0
D20A,2020-08-18,-68.65,36.2667,24.0,-2.0013275,2.873932,0.0,0.0
D20A,2020-08-19,-68.65,36.2667,24.0,-2.8901672,0.8643341,0.0,0.0
D20A,2020-08-20,-68.65,36.2667,24.0,-4.777588,-1.5464783,0.0,0.0
D20A,2020-08-21,-68.65,36.2667,24.0,-6.0358887,1.2286224,0.0,0.0
D20A,2020-08-22,-68.65,36.2667,24.0,-8.665817,5.3574677,0.0,0.0
D20A,2020-08-23,-68.65,36.2667,24.0,-11.339081,-0.5602722,0.0,0.0
D20A,2020-08-24,-68.65,36.2667,24.0,-8.390533,-0.34950256,0.0,0.0
D20A,2020-08-25,-68.65,36.2667,24.0,-7.8884583,-1.4529877,0.0,0.0
D20A,2020-08-26,-68.65,36.2667,24.0,-8.164963,-5.4289856,0.0,0.0
D20A,2020-08-27,-68.65,36.2667,24.0,-6.978348,-3.0114899,0.0,0.0
D20A,2020-08-28,-68.65,36.2667,24.0,-1.166565,-1.1860657,0.0,0.0
D20A,2020-08-29,-68.65,36.2667,24.0,-5.446594,6.6181946,0.0,0.0
D20A,2020-08-30,-68.65,36.2667,24.0,-6.9947357,5.960556,0.0,0.0
D20A,2020-08-31,-68.65,36.2667,24.0,-2.8854218,2.983078,0.0,0.0
D20A,2020-09-01,-68.65,36.2667,24.0,-4.327347,-0.9315796,0.0,0.0
D20A,2020-09-02,-68.65,36.2667,24.0,-4.327347,-0.9315796,0.0,0.0
D20A,2020-09-03,-68.65,36.2667,24.0,-4.327347,-0.9315796,0.0,0.0
D20A,2020-09-04,-68.65,36.2667,24.0,-4.327347,-0.9315796,0.0,0.0
D20A,2020-09-05,-68.65,36.2667,24.0,-4.327347,-0.9315796,0.0,0.0
D20A,2020-09-06,-68.65,36.2667,24.0,-4.327347,-0.9315796,0.0,0.0
D20A,2020-09-07,-68.65,36.2667,24.0,-4.327347,-0.9315796,0.0,0.0
D20A,2020-09-08,-68.65,36.2667,24.0,-4.327347,-0.9315796,0.0,0.0
D20A,2020-09-09,-68.65,36.2667,24.0,-4.327347,-0.9315796,0.0,0.0
D20A,2020-09-10,-68.65,36.2667,24.0,-4.327347,-0.9315796,0.0,0.0
D20A,2020-09-11,-68.65,36.2667,24.0,-4.327347,-0.9315796,0.0,0.0
D20A,2020-09-12,-68.65,36.2667,24.0,-4.327347,-0.9315796,0.0,0.0
D20A,2020-09-13,-68.65,36.2667,24.0,-4.327347,-0.9315796,0.0,0.0
D20A,2020-09-14,-68.65,36.2667,24.0,-4.327347,-0.9315796,0.0,0.0
D20A,2020-09-15,-68.65,36.2667,24.0,-4.327347,-0.9315796,0.0,0.0
D20A,2020-09-16,-68.65,36.2667,24.0,-4.327347,-0.9315796,0.0,0.0
D20A,2020-09-17,-68.65,36.2667,24.0,-4.327347,-0.9315796,0.0,0.0
D20A,2020-09-18,-68.65,36.2667,24.0,-4.327347,-0.9315796,0.0,0.0
D20A,2020-09-19,-68.65,36.2667,24.0,-4.327347,-0.9315796,0.0,0.0
D20A,2020-09-20,-68.65,36.2667,24.0,-4.327347,-0.9315796,0.0,0.0
D20A,2020-09-21,-68.65,36.2667,24.0,-4.327347,-0.9315796,0.0,0.0
D20A,2020-09-22,-68.65,36.2667,24.0,-4.327347,-0.9315796,0.0,0.0
D20A,2020-09-23,-68.65,36.2667,24.0,-4.327347,-0.9315796,0.0,0.0
D20A,2020-09-24,-68.65,36.2667,24.0,-4.327347,-0.9315796,0.0,0.0
D20A,2020-09-25,-68.65,36.2667,24.0,-4.327347,-0.9315796,0.0,0.0
D20A,2020-10-10,-68.65,36.2667,24.0,-4.327347,-0.9315796,0.0,0.0
D20A,2020-10-11,-68.65,36.2667,24.0,-4.327347,-0.9315796,0.0,0.0
D20A,2020-10-12,-68.65,36.2667,24.0,-4.327347,-0.9315796,0.0,0.0
D20A,2020-10-13,-68.65,36.2667,24.0,-4.327347,-0.9315796,0.0,0.0
D20A,2020-10-14,-68.65,36.2667,24.0,-4.327347,-0.9315796,0.0,0.0
D20A,2020-10-15,-68.65,36.2667,24.0,-4.327347,-0.9315796,0.0,0.0
D20A,2020-10-16,-68.65,36.2667,24.0,-4.327347,-0.9315796,0.0,0.0
D20A,2020-10-17,-68.65,36.2667,24.0,-4.327347,-0.9315796,0.0,0.0
D20A,2020-10-18,-68.65,36.2667,24.0,-4.327347,-0.9315796,0.0,0.0
D20A,2020-10-19,-68.65,36.2667,24.0,-4.327347,-0.9315796,0.0,0.0
D20A,2020-10-20,-68.65,36.2667,24.0,-4.327347,-0.9315796,0.0,0.0
D20A,2020-10-21,-68.65,36.2667,24.0,-4.327347,-0.9315796,0.0,0.0
D20A,2020-10-22,-68.65,36.2667,24.0,-4.327347,-0.9315796,0.0,0.0
D20A,2020-10-23,-68.65,36.2667,24.0,-4.327347,-0.9315796,0.0,0.0
D20A,2020-10-24,-68.65,36.2667,24.0,-4.327347,-0.9315796,0.0,0.0
D20A,2020-10-25,-68.65,36.2667,24.0,-4.327347,-0.9315796,0.0,0.0
D20A,2020-10-26,-68.65,36.2667,24.0,-4.327347,-0.9315796,0.0,0.0
D20A,2020-10-27,-68.65,36.2667,24.0,-4.327347,-0.9315796,0.0,0.0
D20A,2020-10-28,-68.65,36.2667,24.0,-4.327347,-0.9315796,0.0,0.0
D20A,2020-10-29,-68.65,36.2667,24.0,-4.327347,-0.9315796,0.0,0.0
D20A,2020-10-30,-68.65,36.2667,24.0,-4.327347,-0.9315796,0.0,0.0
D20A,2020-10-31,-68.65,36.2667,24.0,-4.327347,-0.9315796,0.0,0.0
D20A,2020-11-01,-68.65,36.2667,24.0,-4.327347,-0.9315796,0.0,0.0
D20A,2020-11-02,-68.65,36.2667,24.0,-4.327347,-0.9315796,0.0,0.0
D20A,2020-11-03,-68.65,36.2667,24.0,-4.327347,-0.9315796,0.0,0.0
D20A,2020-11-04,-68.65,36.2667,24.0,-4.327347,-0.9315796,0.0,0.0
D20A,2020-11-05,-68.65,36.2667,24.0,-4.327347,-0.9315796,0.0,0.0
D20A,2020-11-06,-68.65,36.2667,24.0,-4.327347,-0.9315796,0.0,0.0
D21B,2020-01-01,-76.0778,-39.0124,24.0,-9.298599,-3.9293823,0.0016691912298995594,0.021968749999999006
D21B,2020-01-02,-76.0645,-39.0072,24.0,-9.298599,-3.9293823,0.0016088744826069337,0.01708680555555681
D21B,2020-01-03,-76.05,-39.0,24.0,-9.298599,-3.9293823,0.002229944312704812,0.018628472222219885
D21B,2020-01-04,-76.0241,-38.9678,24.0,-9.298599,-3.9293823,0.009990953987571041,0.033274305555546474
D21B,2020-01-05,-75.9808,-38.8972,24.0,-9.298599,-3.9293823,0.02197214218668829,0.05562847222222494
D21B,2020-01-06,-75.9266,-38.8021,24.0,-9.298599,-3.9293823,0.029709155662046557,0.0696319444444556
D21B,2020-01-07,-75.8682,-38.696,24.0,-9.298599,-3.9293823,0.03328029451682995,0.07502777777776724
D21B,2020-01-08,-75.8121,-38.5929,24.0,-9.298599,-3.9293823,0.03246503723184899,0.07207291666666758
D21B,2020-01-09,-75.765,-38.5063,24.0,-9.298599,-3.9293823,0.027358031520500148,0.060510416666667136
D21B,2020-01-10,-75.7333,-38.45,24.0,-9.298599,-3.9293823,0.01782466605034738,0.040725694444445376
D21B,2020-01-11,-75.7118,-38.4139,24.0,-9.298599,-3.9293823,0.011446180963630865,0.027621527777781867
D21B,2020-01-12,-75.6913,-38.3797,24.0,-9.298599,-3.9293823,0.010858983910938013,0.026336805555553514
D21B,2020-01-13,-75.6727,-38.3486,24.0,-9.298599,-3.9293823,0.009887257752218518,0.023895833333323284
D21B,2020-01-14,-75.6567,-38.3221,24.0,-9.298599,-3.9293823,0.008434044950219209,0.02055555555556242
D21B,2020-01-15,-75.6443,-38.3014,24.0,-9.298599,-3.9293823,0.006593678919562962,0.01593055555555494
D21B,2020-01-16,-75.6362,-38.2881,24.0,-9.298599,-3.9293823,0.004238858461073236,0.01040624999999857
D21B,2020-01-17,-75.6333,-38.2833,24.0,-9.298599,-3.9293823,0.0015301159440876107,0.0037256944444403256
D21B,2020-01-18,-75.6481,-38.3138,24.0,-9.298599,-3.9293823,-0.009712806354020805,-0.01901388888888109
D21B,2020-01-19,-75.6862,-38.3923,24.0,-9.298599,-3.9293823,-0.02493355905402319,-0.048947916666666695
D21B,2020-01-20,-75.7383,-38.4998,24.0,-9.298599,-3.9293823,-0.03402298371039318,-0.06693402777777241
D21B,2020-01-21,-75.795,-38.6168,24.0,-9.298599,-3.9293823,-0.036885482746965535,-0.07284375000000824
D21B,2020-01-22,-75.8471,-38.7243,24.0,-9.298599,-3.9293823,-0.033768749947820566,-0.06693402777777241
D21B,2020-01-23,-75.8852,-38.8028,24.0,-9.298599,-3.9293823,-0.024594008057983393,-0.048947916666666695
D21B,2020-01-24,-75.9,-38.8333,24.0,-9.298599,-3.9293823,-0.009545817388908265,-0.019013888888899346
D21B,2020-01-25,-75.8996,-38.8156,24.0,-9.298599,-3.9293823,0.005539857830978382,0.0005138888888876912
D21B,2020-01-26,-75.8985,-38.7664,24.0,-9.298599,-3.9293823,0.015400103799499867,0.0014131944444548436
D21B,2020-01-27,-75.8967,-38.6921,24.0,-9.298599,-3.9293823,0.023259569243570675,0.002312500000003739
D21B,2020-01-28,-75.8942,-38.5988,24.0,-9.298599,-3.9293823,0.029212579948887006,0.0032118055555526346
D21B,2020-01-29,-75.8912,-38.4927,24.0,-9.298599,-3.9293823,0.033227229834278185,0.003854166666666813
D21B,2020-01-30,-75.8875,-38.3799,24.0,-9.298599,-3.9293823,0.03533453800603837,0.004753472222215708
D21B,2020-01-31,-75.8833,-38.2667,24.0,-9.298599,-3.9293823,0.03547017655770268,0.005395833333329886
D21B,2020-02-01,-75.8696,-38.1351,24.0,-9.298599,-3.9293823,0.0412748511535948,0.017600694444444502
D21B,2020-02-02,-75.8407,-37.97,24.0,-9.298599,-3.9293823,0.051885490538125266,0.03712847222223154
D21B,2020-02-03,-75.8018,-37.7822,24.0,-9.298599,-3.9293823,0.05917816923432862,0.04997569444444208
D21B,2020-02-04,-75.7581,-37.5823,24.0,-9.298599,-3.9293823,0.06318090724868085,0.056142361111112635
D21B,2020-02-05,-75.7148,-37.381,24.0,-9.298599,-3.9293823,0.06381281204793454,0.05562847222222494
D21B,2020-02-06,-75.6771,-37.1889,24.0,-9.298599,-3.9293823,0.061053733695599764,0.048434027777779005
D21B,2020-02-07,-75.65,-37.0167,24.0,-9.298599,-3.9293823,0.0548304420019073,0.03481597222220954
D21B,2020-02-08,-75.6321,-36.8447,24.0,-9.298599,-3.9293823,0.054833637952527034,0.02299652777779265
D21B,2020-02-09,-75.6175,-36.6565,24.0,-9.298599,-3.9293823,0.060057883643346625,0.018756944444428117
D21B,2020-02-10,-75.605,-36.4676,24.0,-9.298599,-3.9293823,0.06033255042971713,0.01605902777778143
D21B,2020-02-11,-75.5933,-36.2937,24.0,-9.298599,-3.9293823,0.055585906245913676,0.015031250000006045
D21B,2020-02-12,-75.5811,-36.1502,24.0,-9.298599,-3.9293823,0.04590678089190268,0.01567361111110197
D21B,2020-02-13,-75.5671,-36.0527,24.0,-9.298599,-3.9293823,0.031220660254023792,0.017986111111123963
D21B,2020-02-14,-75.55,-36.0167,24.0,-9.298599,-3.9293823,0.011540995628931777,0.021968749999999006
D21B,2020-02-15,-75.5289,-36.0315,24.0,-9.298599,-3.9293823,-0.004751411846907497,0.027107638888894177
D21B,2020-02-16,-75.5042,-36.0696,24.0,-9.298599,-3.9293823,-0.012252105759325536,0.0317326388888834
D21B,2020-02-17,-75.4766,-36.1216,24.0,-9.298599,-3.9293823,-0.016753188679368675,0.035458333333323724
D21B,2020-02-18,-75.4467,-36.1784,24.0,-9.298599,-3.9293823,-0.018336498316740907,0.03841319444444164
D21B,2020-02-19,-75.4152,-36.2304,24.0,-9.298599,-3.9293823,-0.01682248236015456,0.04046875000001066
D21B,2020-02-20,-75.3827,-36.2685,24.0,-9.298599,-3.9293823,-0.01235257156872651,0.04175347222222076
D21B,2020-02-21,-75.35,-36.2833,24.0,-9.298599,-3.9293823,-0.004808873897549567,0.04201041666667374
D21B,2020-02-22,-75.3112,-36.2159,24.0,-9.298599,-3.9293823,0.02195659813221367,0.04984722222221559
D21B,2020-02-23,-75.2638,-36.0421,24.0,-9.298599,-3.9293823,0.05679671654221153,0.06089583333332834
D21B,2020-02-24,-75.213,-35.8045,24.0,-9.298599,-3.9293823,0.0779078543552063,0.0652638888889011
D21B,2020-02-25,-75.1643,-35.5455,24.0,-9.298599,-3.9293823,0.08519823351402486,0.0625659722222179
D21B,2020-02-26,-75.1228,-35.3079,24.0,-9.298599,-3.9293823,0.07837239350598203,0.0533159722222212
D21B,2020-02-27,-75.0941,-35.1341,24.0,-9.298599,-3.9293823,0.057436043503507506,0.036871527777778565
D21B,2020-02-28,-75.0833,-35.0667,24.0,-9.298599,-3.9293823,0.022289588889688874,0.013875000000004176
D21B,2020-02-29,-75.0833,-35.0667,24.0,-9.298599,-3.9293823,0.0,0.0
D21B,2020-03-01,-75.0833,-35.0667,24.0,-9.298599,-3.9293823,0.0,0.0
D21B,2020-03-02,-75.0833,-35.0667,24.0,-9.298599,-3.9293823,0.0,0.0
D21B,2020-03-03,-75.0833,-35.0667,24.0,-9.298599,-3.9293823,0.0,0.0
D21B,2020-03-04,-75.0833,-35.0667,24.0,-9.298599,-3.9293823,0.0,0.0
D21B,2020-03-05,-75.0833,-35.0667,24.0,-9.298599,-3.9293823,0.0,0.0
D21B,2020-03-06,-75.0833,-35.0667,24.0,-9.298599,-3.9293823,0.0,0.0
D21B,2020-03-07,-75.0498,-35.1775,24.0,-9.298599,-3.9293823,-0.036722649537347024,0.04303819444443086
D21B,2020-03-08,-74.9611,-35.4719,24.0,-9.298599,-3.9293823,-0.09813912956494575,0.11395486111111483
D21B,2020-03-09,-74.8352,-35.8929,24.0,-9.644302,-3.1246948,-0.1414890635291453,0.16174652777777965
D21B,2020-03-10,-74.69,-36.3832,24.0,-9.644302,-3.1246948,-0.16631949007178481,0.18654166666667008
D21B,2020-03-11,-74.5432,-36.8859,24.0,-9.739029,-2.4967651,-0.172121239990844,0.18859722222222083
D21B,2020-03-12,-74.4128,-37.3439,24.0,-9.739029,-2.4967651,-0.15810655735662932,0.16752777777777075
D21B,2020-03-13,-74.3167,-37.7,24.0,-9.622818,-2.3424683,-0.12366851039028293,0.12346180555556449
D21B,2020-03-14,-74.2467,-37.9782,24.0,-9.622818,-2.3424683,-0.09703526807639401,0.0899305555555468
D21B,2020-03-15,-74.1823,-38.2405,24.0,-9.622818,-2.3424683,-0.09185388039238959,0.08273611111111911
D21B,2020-03-16,-74.1233,-38.487,24.0,-9.612076,-2.5905151,-0.08663464546118756,0.0757986111111079
D21B,2020-03-17,-74.0693,-38.7177,24.0,-9.612076,-2.5905151,-0.08135023780202304,0.06937500000000263
D21B,2020-03-18,-74.0199,-38.9329,24.0,-9.612076,-2.5905151,-0.07611376304466498,0.0634652777777668
D21B,2020-03-19,-73.9746,-39.1325,24.0,-9.612076,-2.5905151,-0.07079110875754133,0.05819791666668165
D21B,2020-03-20,-73.9333,-39.3167,24.0,-9.612076,-2.5905151,-0.06549320318874675,0.05305902777776822
D21B,2020-03-21,-73.8979,-39.5018,24.0,-9.612076,-2.5905151,-0.0659543763064165,0.04547916666666109
D21B,2020-03-22,-73.869,-39.6951,24.0,-9.156998,-3.229187,-0.06899651835467074,0.03712847222223154
D21B,2020-03-23,-73.8434,-39.8832,24.0,-9.156998,-3.229187,-0.06724414524840723,0.03288888888888527
D21B,2020-03-24,-73.8184,-40.0528,24.0,-9.156998,-3.229187,-0.06072186437515676,0.03211805555556286
D21B,2020-03-25,-73.7909,-40.1905,24.0,-9.156998,-3.229187,-0.04938225122514639,0.03532986111111549
D21B,2020-03-26,-73.758,-40.2829,24.0,-9.156998,-3.229187,-0.033202122906127035,0.04226736111110845
D21B,2020-03-27,-73.7167,-40.3167,24.0,-9.156998,-3.229187,-0.01217541355473337,0.05305902777776822
D21B,2020-03-28,-73.6466,-40.3102,24.0,-9.156998,-3.229187,0.002351230972508263,0.09005902777777328
D21B,2020-03-29,-73.5405,-40.2936,24.0,-8.919693,-4.1393433,0.0060425662252077674,0.1363090277777933
D21B,2020-03-30,-73.4154,-40.2708,24.0,-8.919693,-4.1393433,0.008360743219395325,0.160718749999986
D21B,2020-03-31,-73.2884,-40.2459,24.0,-8.63942,-4.5700073,0.009198746496388861,0.1631597222222345
D21B,2020-04-01,-73.1766,-40.2231,24.0,-8.63942,-4.5700073,0.008477674685237897,0.14363194444444743
D21B,2020-04-02,-73.097,-40.2065,24.0,-8.407974,-4.7750854,0.0062006964461564906,0.1022638888888879
D21B,2020-04-03,-73.0667,-40.2,24.0,-8.407974,-4.7750854,0.0024322085616262897,0.03892708333332933
D21B,2020-04-04,-73.0685,-40.2369,24.0,-8.407974,-4.7750854,-0.013806036163195725,-0.002312500000003739
D21B,2020-04-05,-73.0733,-40.3367,24.0,-8.407974,-4.7750854,-0.03732962681441801,-0.0061666666666705516
D21B,2020-04-06,-73.0798,-40.4828,24.0,-8.407974,-4.7750854,-0.05462750901551222,-0.008350694444447804
D21B,2020-04-07,-73.0869,-40.6588,24.0,-8.407974,-4.7750854,-0.06578045926551247,-0.009121527777770212
D21B,2020-04-08,-73.0934,-40.8479,24.0,-8.407974,-4.7750854,-0.07065024929948402,-0.008350694444447804
D21B,2020-04-09,-73.0982,-41.0339,24.0,-8.407974,-4.7750854,-0.06947289453711361,-0.0061666666666705516
D21B,2020-04-10,-73.1,-41.2,24.0,-8.407974,-4.7750854,-0.0620336274721105,-0.002312499999985482
D21B,2020-04-11,-73.0873,-41.3537,24.0,-8.407974,-4.7750854,-0.057444457155634135,0.016315972222216146
D21B,2020-04-12,-73.0528,-41.5121,24.0,-8.407974,-4.7750854,-0.059318278798070966,0.04432291666665922
D21B,2020-04-13,-73.0022,-41.6736,24.0,-8.407974,-4.7750854,-0.060654434135768966,0.06500694444444813
D21B,2020-04-14,-72.941,-41.8365,24.0,-8.407974,-4.7750854,-0.06139397292270933,0.07862499999999932
D21B,2020-04-15,-72.8748,-41.9991,24.0,-8.020279,-4.6793823,-0.06151160840187687,0.08504861111112286
D21B,2020-04-16,-72.8093,-42.1597,24.0,-8.020279,-4.6793823,-0.06098038105901846,0.0841493055555557
D21B,2020-04-17,-72.75,-42.3167,24.0,-8.020279,-4.6793823,-0.05981284753586989,0.0761840277777691
D21B,2020-04-18,-72.6972,-42.4826,24.0,-8.020279,-4.6793823,-0.06339106217772823,0.06783333333333956
D21B,2020-04-19,-72.6461,-42.663,24.0,-8.020279,-4.6793823,-0.06912889115762977,0.06564930555554405
D21B,2020-04-20,-72.5942,-42.8462,24.0,-9.223404,-4.7418823,-0.07040530792280174,0.06667708333333769
D21B,2020-04-21,-72.5393,-43.02,24.0,-9.223404,-4.7418823,-0.06699692936794786,0.0705312500000045
D21B,2020-04-22,-72.4791,-43.1727,24.0,-9.223404,-4.7418823,-0.059059830997614964,0.07734027777777097
D21B,2020-04-23,-72.4112,-43.2922,24.0,-9.223404,-4.7418823,-0.046392520929178255,0.08723263888890011
D21B,2020-04-24,-72.3333,-43.3667,24.0,-11.926529,-4.954773,-0.029046554418258888,0.10007986111111064
D21B,2020-04-25,-72.2261,-43.4086,24.0,-11.926529,-4.954773,-0.016432186778160402,0.13772222222221162
D21B,2020-04-26,-72.0821,-43.4405,24.0,-14.384537,-5.1452026,-0.012608468446664195,0.18500000000000702
D21B,2020-04-27,-71.9166,-43.4657,24.0,-14.384537,-5.1452026,-0.010049233305852643,0.21262152777777063
D21B,2020-04-28,-71.7452,-43.4876,24.0,-15.211685,-5.494812,-0.008813232654035809,0.220201388888896
D21B,2020-04-29,-71.5834,-43.5095,24.0,-14.655045,-6.2789917,-0.008888651587594672,0.2078680555555549
D21B,2020-04-30,-71.4465,-43.5348,24.0,-14.655045,-6.2789917,-0.010342280354642847,0.17587847222221853
D21B,2020-05-01,-71.35,-43.5667,24.0,-15.248795,-6.9918823,-0.013105685295010711,0.1239756944444522
D21B,2020-05-02,-71.2861,-43.6128,24.0,-15.248795,-6.9918823,-0.019002136162042917,0.08209374999998668
D21B,2020-05-03,-71.234,-43.6732,24.0,-15.248795,-6.9918823,-0.024963327896249016,0.06693402777779066
D21B,2020-05-04,-71.19,-43.7401,24.0,-15.248795,-6.9918823,-0.027712265136921207,0.05652777777777383
D21B,2020-05-05,-71.1501,-43.8057,24.0,-15.248795,-6.9918823,-0.027229309583252575,0.05126041666667043
D21B,2020-05-06,-71.1104,-43.8622,24.0,-15.63356,-6.371765,-0.023499665078996,0.05100347222221746
D21B,2020-05-07,-71.0673,-43.9018,24.0,-15.63356,-6.371765,-0.016506766041682545,0.05537152777777196
D21B,2020-05-08,-71.0167,-43.9167,24.0,-15.63356,-6.371765,-0.006226867465488759,0.06500694444444813
D21B,2020-05-09,-70.958,-43.9056,24.0,-15.63356,-6.371765,0.004652620201251737,0.07541319444444669
D21B,2020-05-10,-70.8942,-43.877,24.0,-15.63356,-6.371765,0.012026500085006128,0.08196527777777846
D21B,2020-05-11,-70.8267,-43.838,24.0,-14.04274,-5.3063354,0.016455537542234545,0.08671874999999415
D21B,2020-05-12,-70.757,-43.7954,24.0,-14.04274,-5.3063354,0.018037381554095223,0.08954513888888559
D21B,2020-05-13,-70.6866,-43.7564,24.0,-14.04274,-5.3063354,0.01657120728885112,0.09044444444445274
D21B,2020-05-14,-70.6171,-43.7278,24.0,-10.154068,-4.8688354,0.012194270987084428,0.08928819444445087
D21B,2020-05-15,-70.55,-43.7167,24.0,-10.154068,-4.8688354,0.004748492328090383,0.08620486111110646
D21B,2020-05-16,-70.4833,-43.7195,24.0,-10.154068,-4.8688354,-0.001201765743868936,0.08569097222221878
D21B,2020-05-17,-70.415,-43.7266,24.0,-10.154068,-4.8688354,-0.003057581063760221,0.08774652777776953
D21B,2020-05-18,-70.3465,-43.7364,24.0,-5.702896,-4.822937,-0.00423450160432422,0.08800347222222252
D21B,2020-05-19,-70.2794,-43.747,24.0,-5.702896,-4.822937,-0.004595191293725487,0.08620486111112473
D21B,2020-05-20,-70.215,-43.7568,24.0,-5.702896,-4.822937,-0.0042617031011172495,0.08273611111110085
D21B,2020-05-21,-70.1547,-43.7639,24.0,-5.702896,-4.822937,-0.003096591818286254,0.07746874999999745
D21B,2020-05-22,-70.1,-43.7667,24.0,-2.7429352,-4.789734,-0.0012244208820166428,0.07027430555556978
D21B,2020-05-23,-70.0512,-43.7399,24.0,-2.7429352,-4.789734,0.011747026911883994,0.06269444444444439
D21B,2020-05-24,-70.0069,-43.6709,24.0,-2.7429352,-4.789734,0.030308628792934104,0.05691319444443504
D21B,2020-05-25,-69.9655,-43.5764,24.0,-2.7429352,-4.789734,0.04159207020855756,0.05318749999999471
D21B,2020-05-26,-69.9255,-43.4736,24.0,-2.7429352,-4.789734,0.04533174171917745,0.05138888888889692
D21B,2020-05-27,-69.8856,-43.3791,24.0,-2.7429352,-4.789734,0.0417510877964713,0.05126041666667043
D21B,2020-05-28,-69.8442,-43.3101,24.0,-1.575943,-4.6657104,0.030545059078424985,0.05318749999999471
D21B,2020-05-29,-69.8,-43.2833,24.0,-1.575943,-4.6657104,0.011888808823852992,0.05678472222222681
D21B,2020-05-30,-69.7467,-43.2935,24.0,-1.575943,-4.6657104,-0.0045362836905860834,0.06847569444443548
D21B,2020-05-31,-69.6835,-43.3217,24.0,-1.575943,-4.6657104,-0.012578974252808375,0.08119444444445605
D21B,2020-06-01,-69.617,-43.364,24.0,-0.87672424,-4.447937,-0.01892759852027577,0.08543402777776579
D21B,2020-06-02,-69.5538,-43.4168,24.0,-14.114304,-4.375244,-0.02369606257867687,0.08119444444445605
D21B,2020-06-03,-69.5005,-43.4762,24.0,0.00869751,-2.947754,-0.026724577002445658,0.06847569444443548
D21B,2020-06-04,-69.4637,-43.5385,24.0,-19.851135,-3.4524841,-0.02807745814612113,0.047277777777777134
D21B,2020-06-05,-69.45,-43.6,24.0,4.045868,-4.54303,-0.027734603737652186,0.017600694444444502
D21B,2020-06-06,-69.4528,-43.6781,24.0,-3.6073914,-4.7400055,-0.035216100498292525,-0.0035972222222138387
D21B,2020-06-07,-69.4599,-43.7833,24.0,-1.265564,-0.06970215,-0.047420088902651966,-0.00912152777778847
D21B,2020-06-08,-69.4697,-43.9013,24.0,-0.5617523,-5.575577,-0.053165551671428606,-0.012590277777775822
D21B,2020-06-09,-69.4803,-44.0179,24.0,-6.435623,4.324692,-0.05250881973371007,-0.013618055555551201
D21B,2020-06-10,-69.4901,-44.1188,24.0,-3.9792938,-3.1864624,-0.045417826879445254,-0.012590277777775822
D21B,2020-06-11,-69.4972,-44.1899,24.0,-6.046356,4.5986786,-0.03199343665257758,-0.00912152777778847
D21B,2020-06-12,-69.5,-44.2167,24.0,0.5219269,1.5240631,-0.012057834696420388,-0.0035972222222138387
D21B,2020-06-13,-69.488,-44.1777,24.0,0.6929779,2.8590088,0.017556677856850278,0.015416666666667252
D21B,2020-06-14,-69.4558,-44.0761,24.0,-4.1664734,4.627304,0.045806094675618844,0.04136805555555956
D21B,2020-06-15,-69.4095,-43.9348,24.0,7.74205,0.5853882,0.06384207888344832,0.059482638888891756
D21B,2020-06-16,-69.3548,-43.7769,24.0,-9.020035,-1.201004,0.0715235434285114,0.07027430555555152
D21B,2020-06-17,-69.2977,-43.6253,24.0,-5.393631,-7.2642365,0.0688514487474989,0.07335763888887767
D21B,2020-06-18,-69.2442,-43.5031,24.0,-0.4395752,-2.7777252,0.05563609374294035,0.06873263888888845
D21B,2020-06-19,-69.2,-43.4333,24.0,-5.732605,3.0246582,0.03184372364983557,0.05678472222222681
D21B,2020-06-20,-69.1654,-43.3986,24.0,9.110565,3.5843658,0.015855782675063164,0.0444513888888857
D21B,2020-06-21,-69.1352,-43.3669,24.0,-6.6861877,-1.0924225,0.014505026154897481,0.0387986111111211
D21B,2020-06-22,-69.107,-43.339,24.0,1.4845123,11.770828,0.012782736555348008,0.03622916666666439
D21B,2020-06-23,-69.0783,-43.3159,24.0,-5.642456,3.2637482,0.010597442839443865,0.036871527777778565
D21B,2020-06-24,-69.047,-43.2984,24.0,2.7390137,3.1588898,0.008039836825326165,0.040211805555557686
D21B,2020-06-25,-69.0106,-43.2872,24.0,2.3351135,-0.27104187,0.005154031314054025,0.046763888888889445
D21B,2020-06-26,-68.9667,-43.2833,24.0,-0.9593048,-2.873413,0.001798291055490952,0.05639930555554735
D21B,2020-06-27,-68.9053,-43.3701,24.0,-0.52838135,-1.783081,-0.04013502018628232,0.0788819444444523
D21B,2020-06-28,-68.8227,-43.5939,24.0,4.000702,1.1449738,-0.10386838596765838,0.10611805555555472
D21B,2020-06-29,-68.7262,-43.8999,24.0,0.5643616,2.0743866,-0.14263563796878945,0.12397569444443392
D21B,2020-06-30,-68.6234,-44.2334,24.0,-0.34448242,1.4019928,-0.15617029906693713,0.13206944444444702
D21B,2020-07-01,-68.5214,-44.5394,24.0,-4.450485,1.8761292,-0.14394416929431952,0.13104166666667164
D21B,2020-07-02,-68.4279,-44.7632,24.0,-2.5445862,1.3207092,-0.10571329005683067,0.12012152777778538
D21B,2020-07-03,-68.35,-44.85,24.0,-0.16467285,1.1229248,-0.041141465302015484,0.10007986111111064
D21B,2020-07-04,-68.284,-44.8278,24.0,-6.231125,-0.004928589,0.010552885322632776,0.08479166666665162
D21B,2020-07-05,-68.2212,-44.7689,24.0,-2.9387054,0.7504425,0.028075457382218557,0.08068055555556834
D21B,2020-07-06,-68.162,-44.685,24.0,-4.3167877,-0.8844147,0.040095435104225,0.07605555555554262
D21B,2020-07-07,-68.1067,-44.5879,24.0,-8.137634,1.2252808,0.04651539565766678,0.07104513888889219
D21B,2020-07-08,-68.0555,-44.4891,24.0,-4.8674316,-0.01751709,0.04743500137285114,0.06577777777778879
D21B,2020-07-09,-68.0087,-44.4003,24.0,-8.180725,-0.53996277,0.04272030692540681,0.060124999999987674
D21B,2020-07-10,-67.9667,-44.3333,24.0,-1.7910156,6.611313,0.03229116171938707,0.05395833333333538
D21B,2020-07-11,-67.9309,-44.2846,24.0,8.909378,7.5672607,0.023507570214159283,0.045993055555567035
D21B,2020-07-12,-67.9008,-44.2416,24.0,-3.344696,5.356552,0.020783063200663542,0.038670138888876354
D21B,2020-07-13,-67.8741,-44.2027,24.0,-6.128998,2.4284515,0.01882299812857416,0.03430208333334011
D21B,2020-07-14,-67.8481,-44.166,24.0,2.6572113,-2.9071503,0.01777827662534727,0.03340277777777296
D21B,2020-07-15,-67.8204,-44.1295,24.0,3.736679,-2.6456146,0.017702387259669963,0.03558680555555021
D21B,2020-07-16,-67.7886,-44.0914,24.0,2.1016693,-2.5849304,0.01850353607681915,0.04085416666667187
D21B,2020-07-17,-67.75,-44.05,24.0,-8.097641,5.2852173,0.020139373335433988,0.049590277777780876
D21B,2020-07-18,-67.6981,-43.9994,24.0,-7.594589,9.623444,0.02466927995365062,0.06667708333333769
D21B,2020-07-19,-67.6314,-43.9393,24.0,-2.0794525,5.727112,0.029384005546011997,0.08569097222221878
D21B,2020-07-20,-67.5554,-43.876,24.0,8.14032,0.28660583,0.031048271721520547,0.09763888888888042
D21B,2020-07-21,-67.4755,-43.8157,24.0,3.7659302,-4.5846252,0.02967660894382985,0.10264930555556737
D21B,2020-07-22,-67.3971,-43.7649,24.0,-11.096115,6.1842194,0.02508365684885667,0.10072222222222482
D21B,2020-07-23,-67.3257,-43.7298,24.0,3.0523376,-1.2011566,0.01738328886711198,0.09172916666666284
D21B,2020-07-24,-67.2667,-43.7167,24.0,-10.724243,2.7558594,0.00650376773403531,0.0757986111111079
D21B,2020-07-25,-67.2174,-43.7269,24.0,-14.423447,-7.2609863,-0.005074399978797799,0.06333680555555857
D21B,2020-07-26,-67.1714,-43.753,24.0,-4.371399,-3.5410614,-0.013009310164022899,0.05909722222221229
D21B,2020-07-27,-67.1285,-43.7888,24.0,-7.843857,2.6775665,-0.017875922536872365,0.05511458333333725
D21B,2020-07-28,-67.0885,-43.8279,24.0,-1.2247772,6.3307037,-0.019556010178150698,0.05138888888889692
D21B,2020-07-29,-67.0511,-43.8637,24.0,2.7640991,0.12727356,-0.017933152694210055,0.04804861111109955
D21B,2020-07-30,-67.0161,-43.8898,24.0,5.0046844,1.1533203,-0.013093029440830151,0.04496527777779165
D21B,2020-07-31,-66.9833,-43.9,24.0,-0.7407532,0.13179016,-0.005123721453869354,0.04213888888888197
D21B,2020-08-01,-66.9537,-43.8381,24.0,-0.34414673,2.5354767,0.031131765528872972,0.038027777777780436
D21B,2020-08-02,-66.9275,-43.6786,24.0,4.6943207,2.3523254,0.08030457699054114,0.03365972222222593
D21B,2020-08-03,-66.9034,-43.4605,24.0,9.1549835,2.5317383,0.10991674838102838,0.030961805555542732
D21B,2020-08-04,-66.8799,-43.2228,24.0,-1.8787384,2.3673859,0.11990984253443952,0.030190972222220322
D21B,2020-08-05,-66.8558,-43.0047,24.0,8.489655,2.661316,0.1101308336463658,0.03096180555556099
D21B,2020-08-06,-66.8296,-42.8452,24.0,5.7540894,2.1566162,0.08062658309124966,0.03365972222222593
D21B,2020-08-07,-66.8,-42.7833,24.0,3.7170258,-1.4878235,0.03132795678945056,0.038027777777780436
D21B,2020-08-08,-66.7641,-42.8045,24.0,0.09289551,-3.7546997,-0.010745128941909633,0.04612152777777527
D21B,2020-08-09,-66.722,-42.8612,24.0,-1.4171143,-9.447662,-0.028787326640905782,0.05408680555556186
D21B,2020-08-10,-66.6764,-42.9431,24.0,-10.127441,-10.511719,-0.041658604695884054,0.0585833333333246
D21B,2020-08-11,-66.6302,-43.0398,24.0,-9.517181,-5.315277,-0.04927862748830305,0.059354166666665265
D21B,2020-08-12,-66.5863,-43.1412,24.0,-7.2789917,3.2495575,-0.051765372396104604,0.056399305555565604
D21B,2020-08-13,-66.5475,-43.237,24.0,-3.503006,5.434372,-0.048983007139667654,0.04984722222221559
D21B,2020-08-14,-66.5167,-43.3167,24.0,-0.26913452,8.41394,-0.040801487908249064,0.03956944444444351
D21B,2020-08-15,-66.4903,-43.3819,24.0,0.9037323,6.456024,-0.03341377702655713,0.03391666666666065
D21B,2020-08-16,-66.4638,-43.4423,24.0,1.8977814,3.2428894,-0.030986774305928614,0.03404513888888713
D21B,2020-08-17,-66.4388,-43.5002,24.0,2.1175232,2.6804657,-0.02973396293237384,0.03211805555556286
D21B,2020-08-18,-66.4168,-43.5576,24.0,-8.128281,0.14932251,-0.029503145542080573,0.028263888888896048
D21B,2020-08-19,-66.3992,-43.617,24.0,-9.046417,4.855545,-0.030552611950048675,0.022611111111113184
D21B,2020-08-20,-66.3875,-43.6804,24.0,-3.5461426,7.93985,-0.032625267673391786,0.01503124999998779
D21B,2020-08-21,-66.3833,-43.75,24.0,-3.9685059,6.3223724,-0.03582175697052397,0.005395833333329886
D21B,2020-08-22,-66.3935,-43.8231,24.0,-0.32792664,5.9443817,-0.03760781933113502,-0.013104166666663511
D21B,2020-08-23,-66.4197,-43.8973,24.0,7.5466614,5.1076965,-0.03813379055448804,-0.03365972222222593
D21B,2020-08-24,-66.4555,-43.9755,24.0,9.8975525,5.0899506,-0.04013198072349892,-0.04599305555554878
D21B,2020-08-25,-66.4945,-44.0603,24.0,4.714081,-0.5545502,-0.043451086123783816,-0.05010416666666856
D21B,2020-08-26,-66.5303,-44.1547,24.0,-1.0575409,-4.313751,-0.04830057773297982,-0.04599305555554878
D21B,2020-08-27,-66.5565,-44.2614,24.0,6.818527,1.618393,-0.054536475951840635,-0.03365972222222593
D21B,2020-08-28,-66.5667,-44.3833,24.0,3.487732,9.26413,-0.062279916518657406,-0.013104166666663511
D21B,2020-08-29,-66.5076,-44.5696,24.0,-4.477844,4.0420227,-0.09540898202542693,0.0759270833333344
D21B,2020-08-30,-66.3552,-44.8402,24.0,4.6947174,1.5630951,-0.13942872250360916,0.19579166666666678
D21B,2020-08-31,-66.1469,-45.1539,24.0,-10.262375,-0.3811798,-0.16297743193159972,0.2676076388888814
D21B,2020-09-01,-65.9198,-45.4696,24.0,-6.9503937,9.692444,-0.16548549363860102,0.2917604166666759
D21B,2020-09-02,-65.7115,-45.7461,24.0,-6.183792,9.623108,-0.14611548930046891,0.2676076388888814
D21B,2020-09-03,-65.5591,-45.9422,24.0,-5.1183624,9.519592,-0.10423881417451948,0.19579166666666678
D21B,2020-09-04,-65.5,-46.0167,24.0,-5.1183624,9.519592,-0.03969103900631702,0.0759270833333344
D21B,2020-09-05,-65.5065,-46.0109,24.0,-5.1183624,9.519592,0.003089271380220696,-0.008350694444447804
D21B,2020-09-06,-65.5231,-45.9942,24.0,-5.1183624,9.519592,0.008889314056097152,-0.02132638888888483
D21B,2020-09-07,-65.5459,-45.9677,24.0,-5.1183624,9.519592,0.014093466440998391,-0.029291666666671427
D21B,2020-09-08,-65.5708,-45.9323,24.0,-5.1183624,9.519592,0.018808750442330602,-0.031989583333336374
D21B,2020-09-09,-65.5936,-45.8891,24.0,-5.1183624,9.519592,0.022932941413157375,-0.029291666666653175
D21B,2020-09-10,-65.6102,-45.8391,24.0,-5.1183624,9.519592,0.026525807472364504,-0.021326388888903085
D21B,2020-09-11,-65.6167,-45.7833,24.0,-5.1183624,9.519592,0.02959539404380552,-0.008350694444429548
D21B,2020-09-12,-65.5992,-45.6588,24.0,-5.1183624,9.519592,0.06607722673432226,0.0224826388888867
D21B,2020-09-13,-65.5539,-45.4295,24.0,-5.1183624,9.519592,0.12191092844507033,0.058197916666663393
D21B,2020-09-14,-65.4921,-45.1365,24.0,-5.1183624,9.519592,0.1561475549278633,0.07939583333334
D21B,2020-09-15,-65.4246,-44.8209,24.0,-5.1183624,9.519592,0.16862621727281144,0.08671874999999415
D21B,2020-09-16,-65.3628,-44.5239,24.0,-3.5919952,9.336975,0.1590623551971444,0.07939583333334
D21B,2020-09-17,-65.3175,-44.2865,24.0,-3.5919952,9.336975,0.12736191778847852,0.058197916666663393
D21B,2020-09-18,-65.3,-44.15,24.0,-3.5919952,9.336975,0.07327908528584405,0.0224826388888867
D21B,2020-09-19,-65.3157,-44.0851,24.0,-3.5919952,9.336975,0.034820360126744485,-0.020170138888901217
D21B,2020-09-20,-65.3562,-44.033,24.0,-3.5919952,9.336975,0.027909865759205107,-0.05203124999999284
D21B,2020-09-21,-65.4115,-43.9904,24.0,-5.1183624,9.519592,0.022772712580652315,-0.07104513888889219
D21B,2020-09-22,-65.4718,-43.954,24.0,-5.1183624,9.519592,0.019413610390921883,-0.07746874999999745
D21B,2020-09-23,-65.5271,-43.9207,24.0,-5.1183624,9.519592,0.01772268036789671,-0.07104513888889219
D21B,2020-09-24,-65.5676,-43.8871,24.0,-5.1183624,9.519592,0.01785456831586014,-0.05203124999999284
D21B,2020-09-25,-65.5833,-43.85,24.0,-5.1183624,9.519592,0.019702527501137573,-0.02017013888888296
D21B,2020-10-10,-64.8291,-43.2754,24.0,0.47050476,9.010803,0.03163758186048802,0.04830555555555252
D21B,2020-10-11,-64.7947,-43.204,24.0,0.47050476,9.010803,0.03906405704586921,0.044194444444432726
D21B,2020-10-12,-64.7623,-43.1254,24.0,0.47050476,9.010803,0.04305494833374864,0.041625000000012534
D21B,2020-10-13,-64.731,-43.0461,24.0,0.47050476,9.010803,0.04348872540500627,0.040211805555557686
D21B,2020-10-14,-64.6997,-42.9723,24.0,0.47050476,9.010803,0.040519316241955115,0.04021180555553943
D21B,2020-10-15,-64.6675,-42.9104,24.0,0.47050476,9.010803,0.034026113856884775,0.04136805555555956
D21B,2020-10-16,-64.6333,-42.8667,24.0,0.47050476,9.010803,0.02405195158235359,0.04393749999999801
D21B,2020-10-17,-64.5943,-42.8364,24.0,2.8083954,8.844788,0.016700691867859312,0.05010416666666856
D21B,2020-10-18,-64.5504,-42.8101,24.0,2.8083954,8.844788,0.014519360702894722,0.056399305555565604
D21B,2020-10-19,-64.5047,-42.7871,24.0,2.8083954,8.844788,0.01271881717143025,0.05871180555555109
D21B,2020-10-20,-64.4604,-42.7669,24.0,2.8083954,8.844788,0.011188547276129827,0.05691319444443504
D21B,2020-10-21,-64.4206,-42.7488,24.0,2.8083954,8.844788,0.010039953534733644,0.0511319444444622
D21B,2020-10-22,-64.3883,-42.7323,24.0,2.8083954,8.844788,0.009163221257729084,0.04149652777776779
D21B,2020-10-23,-64.3667,-42.7167,24.0,5.0154266,8.44928,0.008670221729546783,0.02775000000000835
D21B,2020-10-24,-64.3538,-42.7036,24.0,5.0154266,8.44928,0.007284179206783353,0.016572916666650863
D21B,2020-10-25,-64.3445,-42.6938,24.0,5.0154266,8.44928,0.005451075499153385,0.0119479166666799
D21B,2020-10-26,-64.3374,-42.6856,24.0,5.0154266,8.44928,0.004562280700503756,0.009121527777770212
D21B,2020-10-27,-64.3308,-42.6772,24.0,5.0154266,8.44928,0.004674676298722794,0.00847916666667429
D21B,2020-10-28,-64.3235,-42.6668,24.0,5.0154266,8.44928,0.005789228741816628,0.009378472222223187
D21B,2020-10-29,-64.3137,-42.6528,24.0,5.0154266,8.44928,0.007795965030031112,0.012590277777775822
D21B,2020-10-30,-64.3,-42.6333,24.0,5.0154266,8.44928,0.010864063525344624,0.017600694444444502
D21B,2020-10-31,-64.2738,-42.5389,24.0,5.0154266,8.44928,0.052643176024593,0.03365972222222593
D21B,2020-11-01,-64.2306,-42.3266,24.0,5.0154266,8.44928,0.1185766084285453,0.05549999999999845
D21B,2020-11-02,-64.1755,-42.0347,24.0,5.0154266,8.44928,0.1633605530341629,0.07078819444443922
D21B,2020-11-03,-64.1132,-41.7012,24.0,6.708786,8.82135,0.18706105023097255,0.08003819444443591
D21B,2020-11-04,-64.0489,-41.3644,24.0,6.708786,8.82135,0.18934877512648302,0.08260763888889262
D21B,2020-11-05,-63.9872,-41.0624,24.0,6.708786,8.82135,0.17015981692898344,0.07926736111111352
D21B,2020-11-06,-63.9333,-40.8333,24.0,6.708786,8.82135,0.12933359366464994,0.06924652777777614
D23,2020-01-01,-69.4333,74.6667,24.0,-5.812271,0.12530518,0.0,0.0
D23,2020-01-02,-69.4333,74.6667,24.0,-5.812271,0.12530518,0.0,0.0
D23,2020-01-03,-69.4333,74.6667,24.0,-5.812271,0.12530518,0.0,0.0
D23,2020-01-04,-69.4333,74.6667,24.0,-5.812271,0.12530518,0.0,0.0
D23,2020-01-05,-69.4333,74.6667,24.0,-5.812271,0.12530518,0.0,0.0
D23,2020-01-06,-69.4333,74.6667,24.0,-5.812271,0.12530518,0.0,0.0
D23,2020-01-07,-69.4333,74.6667,24.0,-5.812271,0.12530518,0.0,0.0
D23,2020-01-08,-69.4333,74.6667,24.0,-5.812271,0.12530518,0.0,0.0
D23,2020-01-09,-69.4333,74.6667,24.0,-5.812271,0.12530518,0.0,0.0
D23,2020-01-10,-69.4333,74.6667,24.0,-5.812271,0.12530518,0.0,0.0
D23,2020-01-11,-69.4333,74.6667,24.0,-5.812271,0.12530518,0.0,0.0
D23,2020-01-12,-69.4333,74.6667,24.0,-5.812271,0.12530518,0.0,0.0
D23,2020-01-13,-69.4333,74.6667,24.0,-5.812271,0.12530518,0.0,0.0
D23,2020-01-14,-69.4333,74.6667,24.0,-5.812271,0.12530518,0.0,0.0
D23,2020-01-15,-69.4333,74.6667,24.0,-5.812271,0.12530518,0.0,0.0
D23,2020-01-16,-69.4333,74.6667,24.0,-5.812271,0.12530518,0.0,0.0
D23,2020-01-17,-69.4333,74.6667,24.0,-5.812271,0.12530518,0.0,0.0
D23,2020-01-18,-69.4333,74.6667,24.0,-5.812271,0.12530518,0.0,0.0
D23,2020-01-19,-69.4333,74.6667,24.0,-5.812271,0.12530518,0.0,0.0
D23,2020-01-20,-69.4333,74.6667,24.0,-5.812271,0.12530518,0.0,0.0
D23,2020-01-21,-69.4333,74.6667,24.0,-5.812271,0.12530518,0.0,0.0
D23,2020-01-22,-69.4333,74.6667,24.0,-5.812271,0.12530518,0.0,0.0
D23,2020-01-23,-69.4333,74.6667,24.0,-5.812271,0.12530518,0.0,0.0
D23,2020-01-24,-69.4333,74.6667,24.0,-5.812271,0.12530518,0.0,0.0
D23,2020-01-25,-69.4333,74.6667,24.0,-5.812271,0.12530518,0.0,0.0
D23,2020-01-26,-69.4333,74.6667,24.0,-5.812271,0.12530518,0.0,0.0
D23,2020-01-27,-69.4333,74.6667,24.0,-5.812271,0.12530518,0.0,0.0
D23,2020-01-28,-69.4333,74.6667,24.0,-5.812271,0.12530518,0.0,0.0
D23,2020-01-29,-69.4333,74.6667,24.0,-5.812271,0.12530518,0.0,0.0
D23,2020-01-30,-69.4333,74.6667,24.0,-5.812271,0.12530518,0.0,0.0
D23,2020-01-31,-69.4333,74.6667,24.0,-5.812271,0.12530518,0.0,0.0
D23,2020-02-01,-69.4333,74.6667,24.0,-5.812271,0.12530518,0.0,0.0
D23,2020-02-02,-69.4333,74.6667,24.0,-5.812271,0.12530518,0.0,0.0
D23,2020-02-03,-69.4333,74.6667,24.0,-5.812271,0.12530518,0.0,0.0
D23,2020-02-04,-69.4333,74.6667,24.0,-5.812271,0.12530518,0.0,0.0
D23,2020-02-05,-69.4333,74.6667,24.0,-5.812271,0.12530518,0.0,0.0
D23,2020-02-06,-69.4333,74.6667,24.0,-5.812271,0.12530518,0.0,0.0
D23,2020-02-07,-69.4333,74.6667,24.0,-5.812271,0.12530518,0.0,0.0
D23,2020-02-08,-69.4333,74.6667,24.0,-5.812271,0.12530518,0.0,0.0
D23,2020-02-09,-69.4333,74.6667,24.0,-5.812271,0.12530518,0.0,0.0
D23,2020-02-10,-69.4333,74.6667,24.0,-5.812271,0.12530518,0.0,0.0
D23,2020-02-11,-69.4333,74.6667,24.0,-5.812271,0.12530518,0.0,0.0
D23,2020-02-12,-69.4333,74.6667,24.0,-5.812271,0.12530518,0.0,0.0
D23,2020-02-13,-69.4333,74.6667,24.0,-5.812271,0.12530518,0.0,0.0
D23,2020-02-14,-69.4333,74.6667,24.0,-5.812271,0.12530518,0.0,0.0
D23,2020-02-15,-69.4333,74.6667,24.0,-5.812271,0.12530518,0.0,0.0
D23,2020-02-16,-69.4333,74.6667,24.0,-5.812271,0.12530518,0.0,0.0
D23,2020-02-17,-69.4333,74.6667,24.0,-5.812271,0.12530518,0.0,0.0
D23,2020-02-18,-69.4333,74.6667,24.0,-5.812271,0.12530518,0.0,0.0
D23,2020-02-19,-69.4333,74.6667,24.0,-5.812271,0.12530518,0.0,0.0
D23,2020-02-20,-69.4333,74.6667,24.0,-5.812271,0.12530518,0.0,0.0
D23,2020-02-21,-69.4333,74.6667,24.0,-5.812271,0.12530518,0.0,0.0
D23,2020-02-22,-69.4333,74.6667,24.0,-5.812271,0.12530518,0.0,0.0
D23,2020-02-23,-69.4333,74.6667,24.0,-5.812271,0.12530518,0.0,0.0
D23,2020-02-24,-69.4333,74.6667,24.0,-5.812271,0.12530518,0.0,0.0
D23,2020-02-25,-69.4333,74.6667,24.0,-5.812271,0.12530518,0.0,0.0
D23,2020-02-26,-69.4333,74.6667,24.0,-5.812271,0.12530518,0.0,0.0
D23,2020-02-27,-69.4333,74.6667,24.0,-5.812271,0.12530518,0.0,0.0
D23,2020-02-28,-69.4333,74.6667,24.0,-5.812271,0.12530518,0.0,0.0
D23,2020-02-29,-69.4333,74.6667,24.0,-5.812271,0.12530518,0.0,0.0
D23,2020-03-01,-69.4333,74.6667,24.0,-5.812271,0.12530518,0.0,0.0
D23,2020-03-02,-69.4333,74.6667,24.0,-5.812271,0.12530518,0.0,0.0
D23,2020-03-03,-69.4333,74.6667,24.0,-5.812271,0.12530518,0.0,0.0
D23,2020-03-04,-69.4333,74.6667,24.0,-5.812271,0.12530518,0.0,0.0
D23,2020-03-05,-69.4333,74.6667,24.0,-5.812271,0.12530518,0.0,0.0
D23,2020-03-06,-69.4333,74.6667,24.0,-5.812271,0.12530518,0.0,0.0
D23,2020-03-07,-69.4333,74.6667,24.0,-5.812271,0.12530518,0.0,0.0
D23,2020-03-08,-69.4333,74.6667,24.0,-5.812271,0.12530518,0.0,0.0
D23,2020-03-09,-69.4333,74.6667,24.0,-5.812271,0.12530518,0.0,0.0
D23,2020-03-10,-69.4333,74.6667,24.0,-5.812271,0.12530518,0.0,0.0
D23,2020-03-11,-69.4333,74.6667,24.0,-5.812271,0.12530518,0.0,0.0
D23,2020-03-12,-69.4333,74.6667,24.0,-5.812271,0.12530518,0.0,0.0
D23,2020-03-13,-69.4333,74.6667,24.0,-5.812271,0.12530518,0.0,0.0
D23,2020-03-14,-69.4333,74.6667,24.0,-5.812271,0.12530518,0.0,0.0
D23,2020-03-15,-69.4333,74.6667,24.0,-5.812271,0.12530518,0.0,0.0
D23,2020-03-16,-69.4333,74.6667,24.0,-5.812271,0.12530518,0.0,0.0
D23,2020-03-17,-69.4333,74.6667,24.0,-5.812271,0.12530518,0.0,0.0
D23,2020-03-18,-69.4333,74.6667,24.0,-5.812271,0.12530518,0.0,0.0
D23,2020-03-19,-69.4333,74.6667,24.0,-5.812271,0.12530518,0.0,0.0
D23,2020-03-20,-69.4333,74.6667,24.0,-5.812271,0.12530518,0.0,0.0
D23,2020-03-21,-69.4333,74.6667,24.0,-5.812271,0.12530518,0.0,0.0
D23,2020-03-22,-69.4333,74.6667,24.0,-5.812271,0.12530518,0.0,0.0
D23,2020-03-23,-69.4333,74.6667,24.0,-5.812271,0.12530518,0.0,0.0
D23,2020-03-24,-69.4333,74.6667,24.0,-5.812271,0.12530518,0.0,0.0
D23,2020-03-25,-69.4333,74.6667,24.0,-5.812271,0.12530518,0.0,0.0
D23,2020-03-26,-69.4333,74.6667,24.0,-5.812271,0.12530518,0.0,0.0
D23,2020-03-27,-69.4333,74.6667,24.0,-5.812271,0.12530518,0.0,0.0
D23,2020-03-28,-69.4333,74.6667,24.0,-5.812271,0.12530518,0.0,0.0
D23,2020-03-29,-69.4333,74.6667,24.0,-5.812271,0.12530518,0.0,0.0
D23,2020-03-30,-69.4333,74.6667,24.0,-5.812271,0.12530518,0.0,0.0
D23,2020-03-31,-69.4333,74.6667,24.0,-5.812271,0.12530518,0.0,0.0
D23,2020-04-01,-69.4333,74.6667,24.0,-5.812271,0.12530518,0.0,0.0
D23,2020-04-02,-69.4333,74.6667,24.0,-5.812271,0.12530518,0.0,0.0
D23,2020-04-03,-69.4333,74.6667,24.0,-5.812271,0.12530518,0.0,0.0
D23,2020-04-04,-69.4333,74.6667,24.0,-5.812271,0.12530518,0.0,0.0
D23,2020-04-05,-69.4333,74.6667,24.0,-5.812271,0.12530518,0.0,0.0
D23,2020-04-06,-69.4333,74.6667,24.0,-5.812271,0.12530518,0.0,0.0
D23,2020-04-07,-69.4333,74.6667,24.0,-5.812271,0.12530518,0.0,0.0
D23,2020-04-08,-69.4333,74.6667,24.0,-5.812271,0.12530518,0.0,0.0
D23,2020-04-09,-69.4333,74.6667,24.0,-5.812271,0.12530518,0.0,0.0
D23,2020-04-10,-69.4333,74.6667,24.0,-5.812271,0.12530518,0.0,0.0
D23,2020-04-11,-69.4333,74.6667,24.0,-5.812271,0.12530518,0.0,0.0
D23,2020-04-12,-69.4333,74.6667,24.0,-5.812271,0.12530518,0.0,0.0
D23,2020-04-13,-69.4333,74.6667,24.0,-5.812271,0.12530518,0.0,0.0
D23,2020-04-14,-69.4333,74.6667,24.0,-5.812271,0.12530518,0.0,0.0
D23,2020-04-15,-69.4333,74.6667,24.0,-5.812271,0.12530518,0.0,0.0
D23,2020-04-16,-69.4333,74.6667,24.0,-5.812271,0.12530518,0.0,0.0
D23,2020-04-17,-69.4333,74.6667,24.0,-5.812271,0.12530518,0.0,0.0
D23,2020-04-18,-69.4324,74.6685,24.0,-5.812271,0.12530518,0.0008124096081381306,0.0011562500000018695
D23,2020-04-19,-69.43,74.6733,24.0,-5.812271,0.12530518,0.002166667463520095,0.0030833333333261472
D23,2020-04-20,-69.4268,74.6798,24.0,-5.812271,0.12530518,0.002934465507653086,0.004111111111119787
D23,2020-04-21,-69.4232,74.6869,24.0,-5.812271,0.12530518,0.003205875811526486,0.004625000000007478
D23,2020-04-22,-69.42,74.6934,24.0,-5.812271,0.12530518,0.002935393360216856,0.00411111111110153
D23,2020-04-23,-69.4176,74.6982,24.0,-5.812271,0.12530518,0.0021679169189331615,0.0030833333333444043
D23,2020-04-24,-69.4167,74.7,24.0,-5.812271,0.12530518,0.0008130028504738417,0.0011562499999836124
D23,2020-04-25,-69.4176,74.6982,24.0,-5.812271,0.12530518,-0.0008129688446007377,-0.0011562499999836124
D23,2020-04-26,-69.42,74.6934,24.0,-5.812271,0.12530518,-0.0021676750967760177,-0.0030833333333444043
D23,2020-04-27,-69.4232,74.6869,24.0,-5.812271,0.12530518,-0.0029349567288658915,-0.00411111111110153
D23,2020-04-28,-69.4268,74.6798,24.0,-5.812271,0.12530518,-0.003205339246817115,-0.004625000000007478
D23,2020-04-29,-69.43,74.6733,24.0,-5.812271,0.12530518,-0.0029340288568494603,-0.004111111111119787
D23,2020-04-30,-69.4324,74.6685,24.0,-5.812271,0.12530518,-0.002166425621716647,-0.0030833333333261472
D23,2020-05-01,-69.4333,74.6667,24.0,-5.812271,0.12530518,-0.0008123755987670135,-0.0011562500000018695
D23,2020-05-02,-69.4333,74.6667,24.0,-5.812271,0.12530518,0.0,0.0
D23,2020-05-03,-69.4333,74.6667,24.0,-5.812271,0.12530518,0.0,0.0
D23,2020-05-04,-69.4333,74.6667,24.0,-5.812271,0.12530518,0.0,0.0
D23,2020-05-05,-69.4333,74.6667,24.0,-5.812271,0.12530518,0.0,0.0
D23,2020-05-06,-69.4333,74.6667,24.0,-5.812271,0.12530518,0.0,0.0
D23,2020-05-07,-69.4333,74.6667,24.0,-5.812271,0.12530518,0.0,0.0
D23,2020-05-08,-69.4333,74.6667,24.0,-5.812271,0.12530518,0.0,0.0
D23,2020-05-09,-69.4333,74.6667,24.0,-5.812271,0.12530518,0.0,0.0
D23,2020-05-10,-69.4333,74.6667,24.0,-5.812271,0.12530518,0.0,0.0
D23,2020-05-11,-69.4333,74.6667,24.0,-5.812271,0.12530518,0.0,0.0
D23,2020-05-12,-69.4333,74.6667,24.0,-5.812271,0.12530518,0.0,0.0
D23,2020-05-13,-69.4333,74.6667,24.0,-5.812271,0.12530518,0.0,0.0
D23,2020-05-14,-69.4333,74.6667,24.0,-5.812271,0.12530518,0.0,0.0
D23,2020-05-15,-69.4333,74.6667,24.0,-5.812271,0.12530518,0.0,0.0
D23,2020-05-16,-69.4333,74.6667,24.0,-5.812271,0.12530518,0.0,0.0
D23,2020-05-17,-69.4333,74.6667,24.0,-5.812271,0.12530518,0.0,0.0
D23,2020-05-18,-69.4333,74.6667,24.0,-5.812271,0.12530518,0.0,0.0
D23,2020-05-19,-69.4333,74.6667,24.0,-5.812271,0.12530518,0.0,0.0
D23,2020-05-20,-69.4333,74.6667,24.0,-5.812271,0.12530518,0.0,0.0
D23,2020-05-21,-69.4333,74.6667,24.0,-5.812271,0.12530518,0.0,0.0
D23,2020-05-22,-69.4333,74.6667,24.0,-5.812271,0.12530518,0.0,0.0
D23,2020-05-23,-69.4333,74.6667,24.0,-5.812271,0.12530518,0.0,0.0
D23,2020-05-24,-69.4333,74.6667,24.0,-5.812271,0.12530518,0.0,0.0
D23,2020-05-25,-69.4333,74.6667,24.0,-5.812271,0.12530518,0.0,0.0
D23,2020-05-26,-69.4333,74.6667,24.0,-5.812271,0.12530518,0.0,0.0
D23,2020-05-27,-69.4333,74.6667,24.0,-5.812271,0.12530518,0.0,0.0
D23,2020-05-28,-69.4333,74.6667,24.0,-5.812271,0.12530518,0.0,0.0
D23,2020-05-29,-69.4333,74.6667,24.0,-5.812271,0.12530518,0.0,0.0
D23,2020-05-30,-69.4333,74.6667,24.0,-5.812271,0.12530518,0.0,0.0
D23,2020-05-31,-69.4333,74.6667,24.0,-5.812271,0.12530518,0.0,0.0
D23,2020-06-01,-69.4333,74.6667,24.0,-5.812271,0.12530518,0.0,0.0
D23,2020-06-02,-69.4333,74.6667,24.0,-4.421921,-1.857666,0.0,0.0
D23,2020-06-03,-69.4333,74.6667,24.0,-6.7080994,-1.315918,0.0,0.0
D23,2020-06-04,-69.4333,74.6667,24.0,-5.427307,0.70474243,0.0,0.0
D23,2020-06-05,-69.4333,74.6667,24.0,-1.5478821,3.743103,0.0,0.0
D23,2020-06-06,-69.4333,74.6667,24.0,-2.8798523,2.017807,0.0,0.0
D23,2020-06-07,-69.4333,74.6667,24.0,-4.671814,-0.93395996,0.0,0.0
D23,2020-06-08,-69.4333,74.6667,24.0,-4.6174164,0.27207947,0.0,0.0
D23,2020-06-09,-69.4333,74.6667,24.0,-6.320389,2.3725433,0.0,0.0
D23,2020-06-10,-69.4333,74.6667,24.0,-4.1091766,0.16900635,0.0,0.0
D23,2020-06-11,-69.4333,74.6667,24.0,1.0376282,1.5312958,0.0,0.0
D23,2020-06-12,-69.4333,74.6667,24.0,-4.518112,-1.2845306,0.0,0.0
D23,2020-06-13,-69.4333,74.6667,24.0,-2.9603424,-0.552124,0.0,0.0
D23,2020-06-14,-69.4333,74.6667,24.0,1.660675,1.4886322,0.0,0.0
D23,2020-06-15,-69.4333,74.6667,24.0,1.9881439,0.8969116,0.0,0.0
D23,2020-06-16,-69.4333,74.6667,24.0,0.719223,2.4991913,0.0,0.0
D23,2020-06-17,-69.4333,74.6667,24.0,-2.1719513,0.19865417,0.0,0.0
D23,2020-06-18,-69.4333,74.6667,24.0,-0.90441895,1.0962982,0.0,0.0
D23,2020-06-19,-69.4333,74.6667,24.0,4.383606,3.0129395,0.0,0.0
D23,2020-06-20,-69.4333,74.6667,24.0,0.73654175,-3.960556,0.0,0.0
D23,2020-06-21,-69.4333,74.6667,24.0,-6.4928284,0.41734314,0.0,0.0
D23,2020-06-22,-69.4333,74.6667,24.0,-3.2527924,1.7220001,0.0,0.0
D23,2020-06-23,-69.4333,74.6667,24.0,-3.843628,0.55281067,0.0,0.0
D23,2020-06-24,-69.4333,74.6667,24.0,-7.8146973,-4.859665,0.0,0.0
D23,2020-06-25,-69.4333,74.6667,24.0,-4.4500427,-1.0688934,0.0,0.0
D23,2020-06-26,-69.4333,74.6667,24.0,-5.260086,-0.9349365,0.0,0.0
D23,2020-06-27,-69.4333,74.6667,24.0,-1.5508423,-0.25769043,0.0,0.0
D23,2020-06-28,-69.4333,74.6667,24.0,-4.6994934,0.14302063,0.0,0.0
D23,2020-06-29,-69.4333,74.6667,24.0,-6.291107,-0.4519806,0.0,0.0
D23,2020-06-30,-69.4333,74.6667,24.0,-5.425537,-0.67515564,0.0,0.0
D23,2020-07-01,-69.4333,74.6667,24.0,-5.8625946,0.2501526,0.0,0.0
D23,2020-07-02,-69.4333,74.6667,24.0,2.8489685,3.7894592,0.0,0.0
D23,2020-07-03,-69.4333,74.6667,24.0,-3.3218994,-0.538208,0.0,0.0
D23,2020-07-04,-69.4333,74.6667,24.0,4.4173126,-0.863327,0.0,0.0
D23,2020-07-05,-69.4333,74.6667,24.0,-3.3273773,1.0502472,0.0,0.0
D23,2020-07-06,-69.4333,74.6667,24.0,3.906845,1.062851,0.0,0.0
D23,2020-07-07,-69.4333,74.6667,24.0,-4.3202515,-1.8684692,0.0,0.0
D23,2020-07-08,-69.4333,74.6667,24.0,2.1921387,2.3672485,0.0,0.0
D23,2020-07-09,-69.4333,74.6667,24.0,0.53118896,3.9990997,0.0,0.0
D23,2020-07-10,-69.4333,74.6667,24.0,-6.4023438,1.4072113,0.0,0.0
D23,2020-07-11,-69.4333,74.6667,24.0,-9.495895,0.36218262,0.0,0.0
D23,2020-07-12,-69.4333,74.6667,24.0,-7.24704,0.63487244,0.0,0.0
D23,2020-07-13,-69.4333,74.6667,24.0,-3.20224,0.09446716,0.0,0.0
D23,2020-07-14,-69.4333,74.6667,24.0,-4.6152496,2.5313263,0.0,0.0
D23,2020-07-15,-69.4333,74.6667,24.0,-8.732071,-5.5323334,0.0,0.0
D23,2020-07-16,-69.4333,74.6667,24.0,-12.365128,-8.871063,0.0,0.0
D23,2020-07-17,-69.4333,74.6667,24.0,-14.780258,-9.760681,0.0,0.0
D23,2020-07-18,-69.4333,74.6667,24.0,-5.6483,0.5160217,0.0,0.0
D23,2020-07-19,-69.4333,74.6667,24.0,-5.0130463,2.2808228,0.0,0.0
D23,2020-07-20,-69.4333,74.6667,24.0,-1.1663208,3.514145,0.0,0.0
D23,2020-07-21,-69.4333,74.6667,24.0,-6.0758667,1.1976013,0.0,0.0
D23,2020-07-22,-69.4333,74.6667,24.0,-7.1683807,0.81996155,0.0,0.0
D23,2020-07-23,-69.4333,74.6667,24.0,-5.070709,2.2363434,0.0,0.0
D23,2020-07-24,-69.4333,74.6667,24.0,1.1048584,3.0273438,0.0,0.0
D23,2020-07-25,-69.4333,74.6667,24.0,-3.1920013,-1.3205566,0.0,0.0
D23,2020-07-26,-69.4333,74.6667,24.0,-1.4094849,-3.6562958,0.0,0.0
D23,2020-07-27,-69.4333,74.6667,24.0,1.1893463,-1.4943085,0.0,0.0
D23,2020-07-28,-69.4333,74.6667,24.0,4.659012,1.8600006,0.0,0.0
D23,2020-07-29,-69.4333,74.6667,24.0,2.090271,1.6253204,0.0,0.0
D23,2020-07-30,-69.4333,74.6667,24.0,-0.4572296,0.5605469,0.0,0.0
D23,2020-07-31,-69.4333,74.6667,24.0,1.2846375,0.9481964,0.0,0.0
D23,2020-08-01,-69.4333,74.6667,24.0,-7.225006,0.87532043,0.0,0.0
D23,2020-08-02,-69.4333,74.6667,24.0,-8.305679,-11.989471,0.0,0.0
D23,2020-08-03,-69.4333,74.6667,24.0,-4.7493134,-4.61084,0.0,0.0
D23,2020-08-04,-69.4333,74.6667,24.0,0.6388397,3.4269562,0.0,0.0
D23,2020-08-05,-69.4333,74.6667,24.0,1.223053,2.3204956,0.0,0.0
D23,2020-08-06,-69.4333,74.6667,24.0,6.0148315,0.8284912,0.0,0.0
D23,2020-08-07,-69.4333,74.6667,24.0,-3.0573883,0.63912964,0.0,0.0
D23,2020-08-08,-69.4333,74.6667,24.0,-7.5721436,-1.0691528,0.0,0.0
D23,2020-08-09,-69.4333,74.6667,24.0,-9.203247,-1.1585999,0.0,0.0
D23,2020-08-10,-69.4333,74.6667,24.0,-1.987793,5.057617,0.0,0.0
D23,2020-08-11,-69.4333,74.6667,24.0,-1.5669861,5.004059,0.0,0.0
D23,2020-08-12,-69.4333,74.6667,24.0,-11.005554,0.53764343,0.0,0.0
D23,2020-08-13,-69.4333,74.6667,24.0,-4.086014,2.1892548,0.0,0.0
D23,2020-08-14,-69.4333,74.6667,24.0,-2.8140564,3.0360107,0.0,0.0
D23,2020-08-15,-69.4333,74.6667,24.0,-4.5767365,-0.21096802,0.0,0.0
D23,2020-08-16,-69.4333,74.6667,24.0,-3.7447968,3.0387878,0.0,0.0
D23,2020-08-17,-69.4333,74.6667,24.0,-7.551422,3.6873016,0.0,0.0
D23,2020-08-18,-69.4333,74.6667,24.0,-10.257187,-6.4873962,0.0,0.0
D23,2020-08-19,-69.4333,74.6667,24.0,-5.0141907,1.315506,0.0,0.0
D23,2020-08-20,-69.4333,74.6667,24.0,-2.7365723,3.801178,0.0,0.0
D23,2020-08-21,-69.4333,74.6667,24.0,0.7902832,2.8751068,0.0,0.0
D23,2020-08-22,-69.4333,74.6667,24.0,0.5246124,-2.1786652,0.0,0.0
D23,2020-08-23,-69.4333,74.6667,24.0,-2.568573,2.7014465,0.0,0.0
D23,2020-08-24,-69.4333,74.6667,24.0,-0.24307251,2.4317474,0.0,0.0
D23,2020-08-25,-69.4333,74.6667,24.0,-6.9099426,-1.7186127,0.0,0.0
D23,2020-08-26,-69.4333,74.6667,24.0,-3.541916,-0.2727356,0.0,0.0
D23,2020-08-27,-69.4333,74.6667,24.0,0.72966003,1.6086273,0.0,0.0
D23,2020-08-28,-69.4333,74.6667,24.0,-4.7368774,-1.433136,0.0,0.0
D23,2020-08-29,-69.4333,74.6667,24.0,-3.8782349,-2.092743,0.0,0.0
D23,2020-08-30,-69.4333,74.6667,24.0,-7.500595,-1.9007721,0.0,0.0
D23,2020-08-31,-69.4333,74.6667,24.0,-6.1090546,-4.50618,0.0,0.0
D23,2020-09-01,-69.4333,74.6667,24.0,-2.7101593,1.7217407,0.0,0.0
D23,2020-09-02,-69.4333,74.6667,24.0,-2.7101593,1.7217407,0.0,0.0
D23,2020-09-03,-69.4333,74.6667,24.0,-2.7101593,1.7217407,0.0,0.0
D23,2020-09-04,-69.4333,74.6667,24.0,-2.7101593,1.7217407,0.0,0.0
D23,2020-09-05,-69.4333,74.6667,24.0,-2.7101593,1.7217407,0.0,0.0
D23,2020-09-06,-69.4333,74.6667,24.0,-2.7101593,1.7217407,0.0,0.0
D23,2020-09-07,-69.4333,74.6667,24.0,-2.7101593,1.7217407,0.0,0.0
D23,2020-09-08,-69.4333,74.6667,24.0,-2.7101593,1.7217407,0.0,0.0
D23,2020-09-09,-69.4333,74.6667,24.0,-2.7101593,1.7217407,0.0,0.0
D23,2020-09-10,-69.4333,74.6667,24.0,-2.7101593,1.7217407,0.0,0.0
D23,2020-09-11,-69.4333,74.6667,24.0,-2.7101593,1.7217407,0.0,0.0
D23,2020-09-12,-69.4333,74.6667,24.0,-2.7101593,1.7217407,0.0,0.0
D23,2020-09-13,-69.4333,74.6667,24.0,-2.7101593,1.7217407,0.0,0.0
D23,2020-09-14,-69.4333,74.6667,24.0,-2.7101593,1.7217407,0.0,0.0
D23,2020-09-15,-69.4333,74.6667,24.0,-2.7101593,1.7217407,0.0,0.0
D23,2020-09-16,-69.4333,74.6667,24.0,-2.7101593,1.7217407,0.0,0.0
D23,2020-09-17,-69.4333,74.6667,24.0,-2.7101593,1.7217407,0.0,0.0
D23,2020-09-18,-69.4333,74.6667,24.0,-2.7101593,1.7217407,0.0,0.0
D23,2020-09-19,-69.4333,74.6667,24.0,-2.7101593,1.7217407,0.0,0.0
D23,2020-09-20,-69.4333,74.6667,24.0,-2.7101593,1.7217407,0.0,0.0
D23,2020-09-21,-69.4333,74.6667,24.0,-2.7101593,1.7217407,0.0,0.0
D23,2020-09-22,-69.4333,74.6667,24.0,-2.7101593,1.7217407,0.0,0.0
D23,2020-09-23,-69.4333,74.6667,24.0,-2.7101593,1.7217407,0.0,0.0
D23,2020-09-24,-69.4333,74.6667,24.0,-2.7101593,1.7217407,0.0,0.0
D23,2020-09-25,-69.4333,74.6667,24.0,-2.7101593,1.7217407,0.0,0.0
D23,2020-10-10,-69.4333,74.6667,24.0,-2.7101593,1.7217407,0.0,0.0
D23,2020-10-11,-69.4333,74.6667,24.0,-2.7101593,1.7217407,0.0,0.0
D23,2020-10-12,-69.4333,74.6667,24.0,-2.7101593,1.7217407,0.0,0.0
D23,2020-10-13,-69.4333,74.6667,24.0,-2.7101593,1.7217407,0.0,0.0
D23,2020-10-14,-69.4333,74.6667,24.0,-2.7101593,1.7217407,0.0,0.0
D23,2020-10-15,-69.4333,74.6667,24.0,-2.7101593,1.7217407,0.0,0.0
D23,2020-10-16,-69.4333,74.6667,24.0,-2.7101593,1.7217407,0.0,0.0
D23,2020-10-17,-69.4333,74.6667,24.0,-2.7101593,1.7217407,0.0,0.0
D23,2020-10-18,-69.4333,74.6667,24.0,-2.7101593,1.7217407,0.0,0.0
D23,2020-10-19,-69.4333,74.6667,24.0,-2.7101593,1.7217407,0.0,0.0
D23,2020-10-20,-69.4333,74.6667,24.0,-2.7101593,1.7217407,0.0,0.0
D23,2020-10-21,-69.4333,74.6667,24.0,-2.7101593,1.7217407,0.0,0.0
D23,2020-10-22,-69.4333,74.6667,24.0,-2.7101593,1.7217407,0.0,0.0
D23,2020-10-23,-69.4333,74.6667,24.0,-2.7101593,1.7217407,0.0,0.0
D23,2020-10-24,-69.4333,74.6667,24.0,-2.7101593,1.7217407,0.0,0.0
D23,2020-10-25,-69.4333,74.6667,24.0,-2.7101593,1.7217407,0.0,0.0
D23,2020-10-26,-69.4333,74.6667,24.0,-2.7101593,1.7217407,0.0,0.0
D23,2020-10-27,-69.4333,74.6667,24.0,-2.7101593,1.7217407,0.0,0.0
D23,2020-10-28,-69.4333,74.6667,24.0,-2.7101593,1.7217407,0.0,0.0
D23,2020-10-29,-69.4333,74.6667,24.0,-2.7101593,1.7217407,0.0,0.0
D23,2020-10-30,-69.4333,74.6667,24.0,-2.7101593,1.7217407,0.0,0.0
D23,2020-10-31,-69.4333,74.6667,24.0,-2.7101593,1.7217407,0.0,0.0
D23,2020-11-01,-69.4333,74.6667,24.0,-2.7101593,1.7217407,0.0,0.0
D23,2020-11-02,-69.4333,74.6667,24.0,-2.7101593,1.7217407,0.0,0.0
D23,2020-11-03,-69.4333,74.6667,24.0,-2.7101593,1.7217407,0.0,0.0
D23,2020-11-04,-69.4333,74.6667,24.0,-2.7101593,1.7217407,0.0,0.0
D23,2020-11-05,-69.4333,74.6667,24.0,-2.7101593,1.7217407,0.0,0.0
D23,2020-11-06,-69.4333,74.6667,24.0,-2.7101593,1.7217407,0.0,0.0
D23,2020-11-07,-69.4331,74.6669,24.0,-2.7101593,1.7217407,9.026479515518973e-05,0.0002569444444529741
D23,2020-11-08,-69.4326,74.6674,24.0,-2.7101593,1.7217407,0.00022566723625733532,0.0006423611111141783
D23,2020-11-09,-69.432,74.668,24.0,-2.7101593,1.7217407,0.0002708082411208894,0.0007708333333224084
D23,2020-11-10,-69.4313,74.6687,24.0,-2.7101593,1.7217407,0.0003159532346732749,0.0008993055555671524
D23,2020-11-11,-69.4307,74.6693,24.0,-2.7101593,1.7217407,0.0002708246158424188,0.0007708333333224084
D23,2020-11-12,-69.4302,74.6698,24.0,-2.7101593,1.7217407,0.00022569242813844488,0.0006423611111141783
D23,2020-11-13,-69.43,74.67,24.0,-2.7101593,1.7217407,9.0277810982944e-05,0.0002569444444347171
D23,2020-11-14,-69.43,74.67,24.0,-2.7101593,1.7217407,0.0,0.0
D23,2020-11-15,-69.43,74.67,24.0,-2.7101593,1.7217407,0.0,0.0
D23,2020-11-16,-69.43,74.67,24.0,-2.7101593,1.7217407,0.0,0.0
D23,2020-11-17,-69.43,74.67,24.0,-2.7101593,1.7217407,0.0,0.0
D23,2020-11-18,-69.43,74.67,24.0,-2.7101593,1.7217407,0.0,0.0
D23,2020-11-19,-69.43,74.67,24.0,-2.7101593,1.7217407,0.0,0.0
D23,2020-11-20,-69.43,74.67,24.0,-2.7101593,1.7217407,0.0,0.0
D23,2020-11-21,-69.43,74.6706,24.0,-2.7101593,1.7217407,0.0002708334329360027,0.0
D23,2020-11-22,-69.43,74.672,24.0,-2.7101593,1.7217407,0.0006319446768613641,0.0
D23,2020-11-23,-69.43,74.6739,24.0,-2.7101593,1.7217407,0.0008576392043123094,0.0
D23,2020-11-24,-69.43,74.6761,24.0,-2.7101593,1.7217407,0.0009930559207803108,0.0
D23,2020-11-25,-69.43,74.678,24.0,-2.7101593,1.7217407,0.0008576392043058948,0.0
D23,2020-11-26,-69.43,74.6794,24.0,-2.7101593,1.7217407,0.0006319446768613641,0.0
D23,2020-11-27,-69.43,74.68,24.0,-2.7101593,1.7217407,0.0002708334329424173,0.0
D23,2020-11-28,-69.43,74.6789,24.0,-2.7101593,1.7217407,-0.0004965279603933627,0.0
D23,2020-11-29,-69.43,74.676,24.0,-2.7101593,1.7217407,-0.0013090282592077855,0.0
D23,2020-11-30,-69.43,74.6721,24.0,-2.7101593,1.7217407,-0.001760417314109676,0.0
D23,2020-12-01,-69.43,74.6679,24.0,-2.7101593,1.7217407,-0.0018958340305776776,0.0
D23,2020-12-02,-69.43,74.664,24.0,-2.7101593,1.7217407,-0.001760417314109676,0.0
D23,2020-12-03,-69.43,74.6611,24.0,-2.7101593,1.7217407,-0.0013090282592077855,0.0
D23,2020-12-04,-69.43,74.66,24.0,-2.7101593,1.7217407,-0.0004965279603933627,0.0
D23,2020-12-05,-69.43,74.66,24.0,-2.7101593,1.7217407,0.0,0.0
D23,2020-12-06,-69.43,74.66,24.0,-2.7101593,1.7217407,0.0,0.0
D23,2020-12-07,-69.43,74.66,24.0,-2.7101593,1.7217407,0.0,0.0
D23,2020-12-08,-69.43,74.66,24.0,-2.7101593,1.7217407,0.0,0.0
D23,2020-12-09,-69.43,74.66,24.0,-2.7101593,1.7217407,0.0,0.0
D23,2020-12-10,-69.43,74.66,24.0,-2.7101593,1.7217407,0.0,0.0
D23,2020-12-11,-69.43,74.66,24.0,-2.7101593,1.7217407,0.0,0.0
D23,2020-12-12,-69.43,74.66,24.0,-2.7101593,1.7217407,0.0,0.0
D23,2020-12-13,-69.43,74.66,24.0,-2.7101593,1.7217407,0.0,0.0
D23,2020-12-14,-69.43,74.66,24.0,-2.7101593,1.7217407,0.0,0.0
D23,2020-12-15,-69.43,74.66,24.0,-2.7101593,1.7217407,0.0,0.0
D23,2020-12-16,-69.43,74.66,24.0,-2.7101593,1.7217407,0.0,0.0
D23,2020-12-17,-69.43,74.66,24.0,-2.7101593,1.7217407,0.0,0.0
D23,2020-12-18,-69.43,74.66,24.0,-2.7101593,1.7217407,0.0,0.0
D23,2020-12-19,-69.43,74.66,24.0,-2.7101593,1.7217407,0.0,0.0
D23,2020-12-20,-69.43,74.66,24.0,-2.7101593,1.7217407,0.0,0.0
D23,2020-12-21,-69.43,74.66,24.0,-2.7101593,1.7217407,0.0,0.0
D23,2020-12-22,-69.43,74.66,24.0,-2.7101593,1.7217407,0.0,0.0
D23,2020-12-23,-69.43,74.66,24.0,-2.7101593,1.7217407,0.0,0.0
D23,2020-12-24,-69.43,74.66,24.0,-2.7101593,1.7217407,0.0,0.0
D23,2020-12-25,-69.43,74.66,24.0,-2.7101593,1.7217407,0.0,0.0
D23,2020-12-26,-69.43,74.66,24.0,-2.7101593,1.7217407,0.0,0.0
D23,2020-12-27,-69.43,74.66,24.0,-2.7101593,1.7217407,0.0,0.0
D23,2020-12-28,-69.43,74.66,24.0,-2.7101593,1.7217407,0.0,0.0
D23,2020-12-29,-69.43,74.66,24.0,-2.7101593,1.7217407,0.0,0.0
D23,2020-12-30,-69.43,74.66,24.0,-2.7101593,1.7217407,0.0,0.0
D23,2020-12-31,-69.43,74.66,24.0,-2.7101593,1.7217407,0.0,0.0
D26,2020-01-01,-69.3942,29.345,24.0,-4.1198883,2.3616333,-0.008274171476179126,-0.011819444444435155
D26,2020-01-02,-69.3984,29.3365,24.0,-4.1198883,2.3616333,-0.0038424451152770617,-0.005395833333329886
D26,2020-01-03,-69.4,29.3333,24.0,-4.1198883,2.3616333,-0.0014464601101080588,-0.002055555555569022
D26,2020-01-04,-69.3982,29.337,24.0,-4.1198883,2.3616333,0.0016726092876884818,0.002312500000003739
D26,2020-01-05,-69.3934,29.3465,24.0,-4.1198883,2.3616333,0.004295494428624517,0.0061666666666705516
D26,2020-01-06,-69.3869,29.3596,24.0,-4.1198883,2.3616333,0.005925047829376292,0.008350694444447804
D26,2020-01-07,-69.3798,29.3737,24.0,-4.1198883,2.3616333,0.006379442527909178,0.009121527777770212
D26,2020-01-08,-69.3733,29.3868,24.0,-1.5730133,1.8899536,0.005928786726813394,0.008350694444447804
D26,2020-01-09,-69.3685,29.3963,24.0,-1.5730133,1.8899536,0.004300458736666616,0.0061666666666705516
D26,2020-01-10,-69.3667,29.4,24.0,-1.5730133,1.8899536,0.0016750552644319884,0.002312500000003739
D26,2020-01-11,-69.3667,29.4,24.0,-1.5730133,1.8899536,0.0,0.0
D26,2020-01-12,-69.3667,29.4,24.0,-1.5730133,1.8899536,0.0,0.0
D26,2020-01-13,-69.3667,29.4,24.0,-1.5730133,1.8899536,0.0,0.0
D26,2020-01-14,-69.3667,29.4,24.0,-1.5730133,1.8899536,0.0,0.0
D26,2020-01-15,-69.3667,29.4,24.0,-1.5730133,1.8899536,0.0,0.0
D26,2020-01-16,-69.3667,29.4,24.0,-1.5730133,1.8899536,0.0,0.0
D26,2020-01-17,-69.3667,29.4,24.0,-1.5730133,1.8899536,0.0,0.0
D26,2020-01-18,-69.3667,29.4,24.0,-1.5730133,1.8899536,0.0,0.0
D26,2020-01-19,-69.3667,29.4,24.0,-1.5730133,1.8899536,0.0,0.0
D26,2020-01-20,-69.3667,29.4,24.0,-1.5730133,1.8899536,0.0,0.0
D26,2020-01-21,-69.3667,29.4,24.0,-1.5730133,1.8899536,0.0,0.0
D26,2020-01-22,-69.3667,29.4,24.0,-1.5730133,1.8899536,0.0,0.0
D26,2020-01-23,-69.3667,29.4,24.0,-1.5730133,1.8899536,0.0,0.0
D26,2020-01-24,-69.3667,29.4,24.0,-1.5730133,1.8899536,0.0,0.0
D26,2020-01-25,-69.3667,29.4,24.0,-1.5730133,1.8899536,0.0,0.0
D26,2020-01-26,-69.3667,29.4,24.0,-1.5730133,1.8899536,0.0,0.0
D26,2020-01-27,-69.3667,29.4,24.0,-1.5730133,1.8899536,0.0,0.0
D26,2020-01-28,-69.3667,29.4,24.0,-1.5730133,1.8899536,0.0,0.0
D26,2020-01-29,-69.3667,29.4,24.0,-1.5730133,1.8899536,0.0,0.0
D26,2020-01-30,-69.3667,29.4,24.0,-1.5730133,1.8899536,0.0,0.0
D26,2020-01-31,-69.3667,29.4,24.0,-1.5730133,1.8899536,0.0,0.0
D26,2020-02-01,-69.3685,29.3963,24.0,-1.5730133,1.8899536,-0.0016749155079643508,-0.002312500000003739
D26,2020-02-02,-69.3733,29.3868,24.0,-1.5730133,1.8899536,-0.004299501824787493,-0.0061666666666705516
D26,2020-02-03,-69.3798,29.3737,24.0,-4.1198883,2.3616333,-0.005926999795434375,-0.008350694444447804
D26,2020-02-04,-69.3869,29.3596,24.0,-4.1198883,2.3616333,-0.006377341556808493,-0.009121527777770212
D26,2020-02-05,-69.3934,29.3465,24.0,-4.1198883,2.3616333,-0.005923260738420239,-0.008350694444447804
D26,2020-02-06,-69.3982,29.337,24.0,-4.1198883,2.3616333,-0.004294537360282625,-0.0061666666666705516
D26,2020-02-07,-69.4,29.3333,24.0,-4.1198883,2.3616333,-0.0016724695023119414,-0.002312500000003739
D26,2020-02-08,-69.3982,29.337,24.0,-4.1198883,2.3616333,0.0016726092876884818,0.002312500000003739
D26,2020-02-09,-69.3934,29.3465,24.0,-4.1198883,2.3616333,0.004295494428624517,0.0061666666666705516
D26,2020-02-10,-69.3869,29.3596,24.0,-4.1198883,2.3616333,0.005925047829376292,0.008350694444447804
D26,2020-02-11,-69.3798,29.3737,24.0,-4.1198883,2.3616333,0.006379442527909178,0.009121527777770212
D26,2020-02-12,-69.3733,29.3868,24.0,-1.5730133,1.8899536,0.005928786726813394,0.008350694444447804
D26,2020-02-13,-69.3685,29.3963,24.0,-1.5730133,1.8899536,0.004300458736666616,0.0061666666666705516
D26,2020-02-14,-69.3667,29.4,24.0,-1.5730133,1.8899536,0.0016750552644319884,0.002312500000003739
D26,2020-02-15,-69.3667,29.4,24.0,-1.5730133,1.8899536,0.0,0.0
D26,2020-02-16,-69.3667,29.4,24.0,-1.5730133,1.8899536,0.0,0.0
D26,2020-02-17,-69.3667,29.4,24.0,-1.5730133,1.8899536,0.0,0.0
D26,2020-02-18,-69.3667,29.4,24.0,-1.5730133,1.8899536,0.0,0.0
D26,2020-02-19,-69.3667,29.4,24.0,-1.5730133,1.8899536,0.0,0.0
D26,2020-02-20,-69.3667,29.4,24.0,-1.5730133,1.8899536,0.0,0.0
D26,2020-02-21,-69.3667,29.4,24.0,-1.5730133,1.8899536,0.0,0.0
D26,2020-02-22,-69.3667,29.4,24.0,-1.5730133,1.8899536,0.0,0.0
D26,2020-02-23,-69.3667,29.4,24.0,-1.5730133,1.8899536,0.0,0.0
D26,2020-02-24,-69.3667,29.4,24.0,-1.5730133,1.8899536,0.0,0.0
D26,2020-02-25,-69.3667,29.4,24.0,-1.5730133,1.8899536,0.0,0.0
D26,2020-02-26,-69.3667,29.4,24.0,-1.5730133,1.8899536,0.0,0.0
D26,2020-02-27,-69.3667,29.4,24.0,-1.5730133,1.8899536,0.0,0.0
D26,2020-02-28,-69.3667,29.4,24.0,-1.5730133,1.8899536,0.0,0.0
D26,2020-02-29,-69.3667,29.4,24.0,-1.5730133,1.8899536,0.0,0.0
D26,2020-03-01,-69.3667,29.4,24.0,-1.5730133,1.8899536,0.0,0.0
D26,2020-03-02,-69.3667,29.4,24.0,-1.5730133,1.8899536,0.0,0.0
D26,2020-03-03,-69.3667,29.4,24.0,-1.5730133,1.8899536,0.0,0.0
D26,2020-03-04,-69.3667,29.4,24.0,-1.5730133,1.8899536,0.0,0.0
D26,2020-03-05,-69.3667,29.4,24.0,-1.5730133,1.8899536,0.0,0.0
D26,2020-03-06,-69.3667,29.4,24.0,-1.5730133,1.8899536,0.0,0.0
D26,2020-03-07,-69.3667,29.4,24.0,-1.5730133,1.8899536,0.0,0.0
D26,2020-03-08,-69.3667,29.4,24.0,-1.5730133,1.8899536,0.0,0.0
D26,2020-03-09,-69.3667,29.4,24.0,-1.5730133,1.8899536,0.0,0.0
D26,2020-03-10,-69.3667,29.4,24.0,-1.5730133,1.8899536,0.0,0.0
D26,2020-03-11,-69.3667,29.4,24.0,-1.5730133,1.8899536,0.0,0.0
D26,2020-03-12,-69.3667,29.4,24.0,-1.5730133,1.8899536,0.0,0.0
D26,2020-03-13,-69.3667,29.4,24.0,-1.5730133,1.8899536,0.0,0.0
D26,2020-03-14,-69.3685,29.3963,24.0,-1.5730133,1.8899536,-0.0016749155079643508,-0.002312500000003739
D26,2020-03-15,-69.3733,29.3868,24.0,-1.5730133,1.8899536,-0.004299501824787493,-0.0061666666666705516
D26,2020-03-16,-69.3798,29.3737,24.0,-4.1198883,2.3616333,-0.005926999795434375,-0.008350694444447804
D26,2020-03-17,-69.3869,29.3596,24.0,-4.1198883,2.3616333,-0.006377341556808493,-0.009121527777770212
D26,2020-03-18,-69.3934,29.3465,24.0,-4.1198883,2.3616333,-0.005923260738420239,-0.008350694444447804
D26,2020-03-19,-69.3982,29.337,24.0,-4.1198883,2.3616333,-0.004294537360282625,-0.0061666666666705516
D26,2020-03-20,-69.4,29.3333,24.0,-4.1198883,2.3616333,-0.0016724695023119414,-0.002312500000003739
D26,2020-03-21,-69.3982,29.337,24.0,-4.1198883,2.3616333,0.0016726092876884818,0.002312500000003739
D26,2020-03-22,-69.3934,29.3465,24.0,-4.1198883,2.3616333,0.004295494428624517,0.0061666666666705516
D26,2020-03-23,-69.3869,29.3596,24.0,-4.1198883,2.3616333,0.005925047829376292,0.008350694444447804
D26,2020-03-24,-69.3798,29.3737,24.0,-4.1198883,2.3616333,0.006379442527909178,0.009121527777770212
D26,2020-03-25,-69.3733,29.3868,24.0,-1.5730133,1.8899536,0.005928786726813394,0.008350694444447804
D26,2020-03-26,-69.3685,29.3963,24.0,-1.5730133,1.8899536,0.004300458736666616,0.0061666666666705516
D26,2020-03-27,-69.3667,29.4,24.0,-1.5730133,1.8899536,0.0016750552644319884,0.002312500000003739
D26,2020-03-28,-69.3667,29.4,24.0,-1.5730133,1.8899536,0.0,0.0
D26,2020-03-29,-69.3667,29.4,24.0,-1.5730133,1.8899536,0.0,0.0
D26,2020-03-30,-69.3667,29.4,24.0,-1.5730133,1.8899536,0.0,0.0
D26,2020-03-31,-69.3667,29.4,24.0,-1.5730133,1.8899536,0.0,0.0
D26,2020-04-01,-69.3667,29.4,24.0,-1.5730133,1.8899536,0.0,0.0
D26,2020-04-02,-69.3667,29.4,24.0,-1.5730133,1.8899536,0.0,0.0
D26,2020-04-03,-69.3667,29.4,24.0,-1.5730133,1.8899536,0.0,0.0
D26,2020-04-04,-69.3685,29.3963,24.0,-1.5730133,1.8899536,-0.0016749155079643508,-0.002312500000003739
D26,2020-04-05,-69.3733,29.3868,24.0,-1.5730133,1.8899536,-0.004299501824787493,-0.0061666666666705516
D26,2020-04-06,-69.3798,29.3737,24.0,-4.1198883,2.3616333,-0.005926999795434375,-0.008350694444447804
D26,2020-04-07,-69.3869,29.3596,24.0,-4.1198883,2.3616333,-0.006377341556808493,-0.009121527777770212
D26,2020-04-08,-69.3934,29.3465,24.0,-4.1198883,2.3616333,-0.005923260738420239,-0.008350694444447804
D26,2020-04-09,-69.3982,29.337,24.0,-4.1198883,2.3616333,-0.004294537360282625,-0.0061666666666705516
D26,2020-04-10,-69.4,29.3333,24.0,-4.1198883,2.3616333,-0.0016724695023119414,-0.002312500000003739
D26,2020-04-11,-69.3982,29.337,24.0,-4.1198883,2.3616333,0.0016726092876884818,0.002312500000003739
D26,2020-04-12,-69.3934,29.3465,24.0,-4.1198883,2.3616333,0.004295494428624517,0.0061666666666705516
D26,2020-04-13,-69.3869,29.3596,24.0,-4.1198883,2.3616333,0.005925047829376292,0.008350694444447804
D26,2020-04-14,-69.3798,29.3737,24.0,-4.1198883,2.3616333,0.006379442527909178,0.009121527777770212
D26,2020-04-15,-69.3733,29.3868,24.0,-1.5730133,1.8899536,0.005928786726813394,0.008350694444447804
D26,2020-04-16,-69.3685,29.3963,24.0,-1.5730133,1.8899536,0.004300458736666616,0.0061666666666705516
D26,2020-04-17,-69.3667,29.4,24.0,-1.5730133,1.8899536,0.0016750552644319884,0.002312500000003739
D26,2020-04-18,-69.3667,29.4,24.0,-1.5730133,1.8899536,0.0,0.0
D26,2020-04-19,-69.3667,29.4,24.0,-1.5730133,1.8899536,0.0,0.0
D26,2020-04-20,-69.3667,29.4,24.0,-1.5730133,1.8899536,0.0,0.0
D26,2020-04-21,-69.3667,29.4,24.0,-1.5730133,1.8899536,0.0,0.0
D26,2020-04-22,-69.3667,29.4,24.0,-1.5730133,1.8899536,0.0,0.0
D26,2020-04-23,-69.3667,29.4,24.0,-1.5730133,1.8899536,0.0,0.0
D26,2020-04-24,-69.3667,29.4,24.0,-1.5730133,1.8899536,0.0,0.0
D26,2020-04-25,-69.3667,29.4,24.0,-1.5730133,1.8899536,0.0,0.0
D26,2020-04-26,-69.3667,29.4,24.0,-1.5730133,1.8899536,0.0,0.0
D26,2020-04-27,-69.3667,29.4,24.0,-1.5730133,1.8899536,0.0,0.0
D26,2020-04-28,-69.3667,29.4,24.0,-1.5730133,1.8899536,0.0,0.0
D26,2020-04-29,-69.3667,29.4,24.0,-1.5730133,1.8899536,0.0,0.0
D26,2020-04-30,-69.3667,29.4,24.0,-1.5730133,1.8899536,0.0,0.0
D26,2020-05-01,-69.3667,29.4,24.0,-1.5730133,1.8899536,0.0,0.0
D26,2020-05-02,-69.3685,29.3963,24.0,-1.5730133,1.8899536,-0.0016749155079643508,-0.002312500000003739
D26,2020-05-03,-69.3733,29.3868,24.0,-1.5730133,1.8899536,-0.004299501824787493,-0.0061666666666705516
D26,2020-05-04,-69.3798,29.3737,24.0,-4.1198883,2.3616333,-0.005926999795434375,-0.008350694444447804
D26,2020-05-05,-69.3869,29.3596,24.0,-4.1198883,2.3616333,-0.006377341556808493,-0.009121527777770212
D26,2020-05-06,-69.3934,29.3465,24.0,-4.1198883,2.3616333,-0.005923260738420239,-0.008350694444447804
D26,2020-05-07,-69.3982,29.337,24.0,-4.1198883,2.3616333,-0.004294537360282625,-0.0061666666666705516
D26,2020-05-08,-69.4,29.3333,24.0,-4.1198883,2.3616333,-0.0016724695023119414,-0.002312500000003739
D26,2020-05-09,-69.3982,29.337,24.0,-4.1198883,2.3616333,0.0016726092876884818,0.002312500000003739
D26,2020-05-10,-69.3934,29.3465,24.0,-4.1198883,2.3616333,0.004295494428624517,0.0061666666666705516
D26,2020-05-11,-69.3869,29.3596,24.0,-4.1198883,2.3616333,0.005925047829376292,0.008350694444447804
D26,2020-05-12,-69.3798,29.3737,24.0,-4.1198883,2.3616333,0.006379442527909178,0.009121527777770212
D26,2020-05-13,-69.3733,29.3868,24.0,-1.5730133,1.8899536,0.005928786726813394,0.008350694444447804
D26,2020-05-14,-69.3685,29.3963,24.0,-1.5730133,1.8899536,0.004300458736666616,0.0061666666666705516
D26,2020-05-15,-69.3667,29.4,24.0,-1.5730133,1.8899536,0.0016750552644319884,0.002312500000003739
D26,2020-05-16,-69.3667,29.4,24.0,-1.5730133,1.8899536,0.0,0.0
D26,2020-05-17,-69.3667,29.4,24.0,-1.5730133,1.8899536,0.0,0.0
D26,2020-05-18,-69.3667,29.4,24.0,-1.5730133,1.8899536,0.0,0.0
D26,2020-05-19,-69.3667,29.4,24.0,-1.5730133,1.8899536,0.0,0.0
D26,2020-05-20,-69.3667,29.4,24.0,-1.5730133,1.8899536,0.0,0.0
D26,2020-05-21,-69.3667,29.4,24.0,-1.5730133,1.8899536,0.0,0.0
D26,2020-05-22,-69.3667,29.4,24.0,-1.5730133,1.8899536,0.0,0.0
D26,2020-05-23,-69.3667,29.4,24.0,-1.5730133,1.8899536,0.0,0.0
D26,2020-05-24,-69.3667,29.4,24.0,-1.5730133,1.8899536,0.0,0.0
D26,2020-05-25,-69.3667,29.4,24.0,-1.5730133,1.8899536,0.0,0.0
D26,2020-05-26,-69.3667,29.4,24.0,-1.5730133,1.8899536,0.0,0.0
D26,2020-05-27,-69.3667,29.4,24.0,-1.5730133,1.8899536,0.0,0.0
D26,2020-05-28,-69.3667,29.4,24.0,-1.5730133,1.8899536,0.0,0.0
D26,2020-05-29,-69.3667,29.4,24.0,-1.5730133,1.8899536,0.0,0.0
D26,2020-05-30,-69.3685,29.3963,24.0,-1.5730133,1.8899536,-0.0016749155079643508,-0.002312500000003739
D26,2020-05-31,-69.3733,29.3868,24.0,-1.5730133,1.8899536,-0.004299501824787493,-0.0061666666666705516
D26,2020-06-01,-69.3798,29.3737,24.0,-4.1198883,2.3616333,-0.005926999795434375,-0.008350694444447804
D26,2020-06-02,-69.3869,29.3596,24.0,-4.2705536,0.6501465,-0.006377341556808493,-0.009121527777770212
D26,2020-06-03,-69.3934,29.3465,24.0,-4.141693,1.3569336,-0.005923260738420239,-0.008350694444447804
D26,2020-06-04,-69.3982,29.337,24.0,1.3510132,0.533844,-0.004294537360282625,-0.0061666666666705516
D26,2020-06-05,-69.4,29.3333,24.0,-4.3301086,-1.3721313,-0.0016724695023119414,-0.002312500000003739
D26,2020-06-06,-69.3982,29.337,24.0,-0.601532,-5.2644196,0.0016726092876884818,0.002312500000003739
D26,2020-06-07,-69.3934,29.3465,24.0,6.10553,1.8218994,0.004295494428624517,0.0061666666666705516
D26,2020-06-08,-69.3869,29.3596,24.0,-4.9982758,2.2359467,0.005925047829376292,0.008350694444447804
D26,2020-06-09,-69.3798,29.3737,24.0,-0.83503723,1.819809,0.006379442527909178,0.009121527777770212
D26,2020-06-10,-69.3733,29.3868,24.0,0.39570618,0.91412354,0.005928786726813394,0.008350694444447804
D26,2020-06-11,-69.3685,29.3963,24.0,-2.7953796,0.6162567,0.004300458736666616,0.0061666666666705516
D26,2020-06-12,-69.3667,29.4,24.0,-11.430222,-4.594101,0.0016750552644319884,0.002312500000003739
D26,2020-06-13,-69.3667,29.4,24.0,-1.5287018,-4.699585,0.0,0.0
D26,2020-06-14,-69.3667,29.4,24.0,-14.997528,0.18003845,0.0,0.0
D26,2020-06-15,-69.3667,29.4,24.0,-0.05970764,-3.612854,0.0,0.0
D26,2020-06-16,-69.3667,29.4,24.0,-0.72706604,-3.30159,0.0,0.0
D26,2020-06-17,-69.3667,29.4,24.0,-4.631912,-2.8687286,0.0,0.0
D26,2020-06-18,-69.3667,29.4,24.0,-6.3946533,0.2584076,0.0,0.0
D26,2020-06-19,-69.3667,29.4,24.0,-3.2843628,3.342041,0.0,0.0
D26,2020-06-20,-69.3667,29.4,24.0,-5.5417786,-3.0953217,0.0,0.0
D26,2020-06-21,-69.3667,29.4,24.0,-12.905914,-5.7242584,0.0,0.0
D26,2020-06-22,-69.3667,29.4,24.0,-12.186386,0.30500793,0.0,0.0
D26,2020-06-23,-69.3667,29.4,24.0,-4.8514404,2.8184357,0.0,0.0
D26,2020-06-24,-69.3667,29.4,24.0,-8.445557,0.28193665,0.0,0.0
D26,2020-06-25,-69.3667,29.4,24.0,0.04019165,4.6166534,0.0,0.0
D26,2020-06-26,-69.3667,29.4,24.0,-3.7220001,1.5914307,0.0,0.0
D26,2020-06-27,-69.3685,29.3963,24.0,-3.1465454,-1.3846436,-0.0016749155079643508,-0.002312500000003739
D26,2020-06-28,-69.3733,29.3868,24.0,3.1110535,-1.0923309,-0.004299501824787493,-0.0061666666666705516
D26,2020-06-29,-69.3798,29.3737,24.0,2.4969788,1.1144257,-0.005926999795434375,-0.008350694444447804
D26,2020-06-30,-69.3869,29.3596,24.0,-3.4343262,-0.44761658,-0.006377341556808493,-0.009121527777770212
D26,2020-07-01,-69.3934,29.3465,24.0,-4.555954,1.7774963,-0.005923260738420239,-0.008350694444447804
D26,2020-07-02,-69.3982,29.337,24.0,-3.7760315,1.1517639,-0.004294537360282625,-0.0061666666666705516
D26,2020-07-03,-69.4,29.3333,24.0,-1.9898682,-0.4239502,-0.0016724695023119414,-0.002312500000003739
D26,2020-07-04,-69.3982,29.337,24.0,-1.7135468,0.22261047,0.0016726092876884818,0.002312500000003739
D26,2020-07-05,-69.3934,29.3465,24.0,-3.5431976,0.82954407,0.004295494428624517,0.0061666666666705516
D26,2020-07-06,-69.3869,29.3596,24.0,-3.01503,0.84117126,0.005925047829376292,0.008350694444447804
D26,2020-07-07,-69.3798,29.3737,24.0,-2.2352905,1.6491089,0.006379442527909178,0.009121527777770212
D26,2020-07-08,-69.3733,29.3868,24.0,2.3181152,1.1777954,0.005928786726813394,0.008350694444447804
D26,2020-07-09,-69.3685,29.3963,24.0,-3.9317017,0.37117004,0.004300458736666616,0.0061666666666705516
D26,2020-07-10,-69.3667,29.4,24.0,-16.583984,-1.6513824,0.0016750552644319884,0.002312500000003739
D26,2020-07-11,-69.3667,29.4,24.0,-24.500778,-2.2608643,0.0,0.0
D26,2020-07-12,-69.3667,29.4,24.0,-15.368134,-0.957901,0.0,0.0
D26,2020-07-13,-69.3667,29.4,24.0,6.358307,6.023178,0.0,0.0
D26,2020-07-14,-69.3667,29.4,24.0,2.260727,1.0518341,0.0,0.0
D26,2020-07-15,-69.3667,29.4,24.0,8.331406,1.7010651,0.0,0.0
D26,2020-07-16,-69.3667,29.4,24.0,0.48838806,-4.412079,0.0,0.0
D26,2020-07-17,-69.3667,29.4,24.0,6.7050934,0.95513916,0.0,0.0
D26,2020-07-18,-69.3685,29.3963,24.0,-7.443222,0.55215454,-0.0016749155079643508,-0.002312500000003739
D26,2020-07-19,-69.3733,29.3868,24.0,-12.045273,0.58258057,-0.004299501824787493,-0.0061666666666705516
D26,2020-07-20,-69.3798,29.3737,24.0,-5.9016724,3.0121918,-0.005926999795434375,-0.008350694444447804
D26,2020-07-21,-69.3869,29.3596,24.0,1.2766724,-0.39907837,-0.006377341556808493,-0.009121527777770212
D26,2020-07-22,-69.3934,29.3465,24.0,-0.8881073,-1.2669525,-0.005923260738420239,-0.008350694444447804
D26,2020-07-23,-69.3982,29.337,24.0,-19.333405,-1.7197113,-0.004294537360282625,-0.0061666666666705516
D26,2020-07-24,-69.4,29.3333,24.0,-12.369751,-3.553711,-0.0016724695023119414,-0.002312500000003739
D26,2020-07-25,-69.3982,29.337,24.0,-5.5377045,0.095458984,0.0016726092876884818,0.002312500000003739
D26,2020-07-26,-69.3934,29.3465,24.0,-1.8792114,1.8319855,0.004295494428624517,0.0061666666666705516
D26,2020-07-27,-69.3869,29.3596,24.0,-9.673935,4.05159,0.005925047829376292,0.008350694444447804
D26,2020-07-28,-69.3798,29.3737,24.0,-15.898605,-2.866562,0.006379442527909178,0.009121527777770212
D26,2020-07-29,-69.3733,29.3868,24.0,-5.7192993,4.867508,0.005928786726813394,0.008350694444447804
D26,2020-07-30,-69.3685,29.3963,24.0,-4.711136,1.6396484,0.004300458736666616,0.0061666666666705516
D26,2020-07-31,-69.3667,29.4,24.0,-1.2798157,1.7831573,0.0016750552644319884,0.002312500000003739
D26,2020-08-01,-69.3667,29.4,24.0,-0.61660767,0.005203247,0.0,0.0
D26,2020-08-02,-69.3667,29.4,24.0,3.6992035,-4.3556824,0.0,0.0
D26,2020-08-03,-69.3667,29.4,24.0,-3.7356415,-4.0717773,0.0,0.0
D26,2020-08-04,-69.3667,29.4,24.0,4.265793,-1.5271454,0.0,0.0
D26,2020-08-05,-69.3667,29.4,24.0,3.2435608,3.6681519,0.0,0.0
D26,2020-08-06,-69.3667,29.4,24.0,-6.1765747,1.4700928,0.0,0.0
D26,2020-08-07,-69.3667,29.4,24.0,-1.1208649,-3.5952454,0.0,0.0
D26,2020-08-08,-69.3667,29.4,24.0,0.90734863,-1.6062622,0.0,0.0
D26,2020-08-09,-69.3667,29.4,24.0,-1.9727783,4.959564,0.0,0.0
D26,2020-08-10,-69.3667,29.4,24.0,-4.476074,6.2666016,0.0,0.0
D26,2020-08-11,-69.3667,29.4,24.0,0.7015686,1.6896057,0.0,0.0
D26,2020-08-12,-69.3667,29.4,24.0,-0.4616089,2.3520966,0.0,0.0
D26,2020-08-13,-69.3667,29.4,24.0,-8.096756,-2.5441437,0.0,0.0
D26,2020-08-14,-69.3667,29.4,24.0,-8.260345,-0.9649658,0.0,0.0
D26,2020-08-15,-69.3667,29.4,24.0,-4.10408,1.4394226,0.0,0.0
D26,2020-08-16,-69.3667,29.4,24.0,-3.1373749,-1.9075012,0.0,0.0
D26,2020-08-17,-69.3667,29.4,24.0,0.5550232,3.5154266,0.0,0.0
D26,2020-08-18,-69.3667,29.4,24.0,-1.3177338,-2.0733337,0.0,0.0
D26,2020-08-19,-69.3667,29.4,24.0,1.6772156,4.4776154,0.0,0.0
D26,2020-08-20,-69.3667,29.4,24.0,-3.8215332,2.0921936,0.0,0.0
D26,2020-08-21,-69.3667,29.4,24.0,-4.7019043,2.2471771,0.0,0.0
D26,2020-08-22,-69.3667,29.4,24.0,-4.396286,3.6777802,0.0,0.0
D26,2020-08-23,-69.3667,29.4,24.0,-11.755096,-1.17453,0.0,0.0
D26,2020-08-24,-69.3667,29.4,24.0,-3.5604553,4.6348724,0.0,0.0
D26,2020-08-25,-69.3667,29.4,24.0,-8.285919,-3.420761,0.0,0.0
D26,2020-08-26,-69.3667,29.4,24.0,-4.243088,-4.7190247,0.0,0.0
D26,2020-08-27,-69.3667,29.4,24.0,-6.815262,-1.944107,0.0,0.0
D26,2020-08-28,-69.3667,29.4,24.0,-5.3823853,-0.5766907,0.0,0.0
D26,2020-08-29,-69.3667,29.4,24.0,-1.8655396,4.016632,0.0,0.0
D26,2020-08-30,-69.3667,29.4,24.0,-3.576767,3.7671967,0.0,0.0
D26,2020-08-31,-69.3667,29.4,24.0,5.639969,-0.83821106,0.0,0.0
D26,2020-09-01,-69.3667,29.4,24.0,-2.433792,-2.484314,0.0,0.0
D26,2020-09-02,-69.3667,29.4,24.0,-2.433792,-2.484314,0.0,0.0
D26,2020-09-03,-69.3667,29.4,24.0,-2.433792,-2.484314,0.0,0.0
D26,2020-09-04,-69.3667,29.4,24.0,-2.433792,-2.484314,0.0,0.0
D26,2020-09-05,-69.3667,29.4,24.0,-2.433792,-2.484314,0.0,0.0
D26,2020-09-06,-69.3667,29.4,24.0,-2.433792,-2.484314,0.0,0.0
D26,2020-09-07,-69.3667,29.4,24.0,-2.433792,-2.484314,0.0,0.0
D26,2020-09-08,-69.3667,29.4,24.0,-2.433792,-2.484314,0.0,0.0
D26,2020-09-09,-69.3667,29.4,24.0,-2.433792,-2.484314,0.0,0.0
D26,2020-09-10,-69.3667,29.4,24.0,-2.433792,-2.484314,0.0,0.0
D26,2020-09-11,-69.3667,29.4,24.0,-2.433792,-2.484314,0.0,0.0
D26,2020-09-12,-69.3667,29.4,24.0,-2.433792,-2.484314,0.0,0.0
D26,2020-09-13,-69.3667,29.4,24.0,-2.433792,-2.484314,0.0,0.0
D26,2020-09-14,-69.3667,29.4,24.0,-2.433792,-2.484314,0.0,0.0
D26,2020-09-15,-69.3667,29.4,24.0,-2.433792,-2.484314,0.0,0.0
D26,2020-09-16,-69.3667,29.4,24.0,-2.433792,-2.484314,0.0,0.0
D26,2020-09-17,-69.3667,29.4,24.0,-2.433792,-2.484314,0.0,0.0
D26,2020-09-18,-69.3667,29.4,24.0,-2.433792,-2.484314,0.0,0.0
D26,2020-09-19,-69.3685,29.3963,24.0,-2.433792,-2.484314,-0.0016749155079643508,-0.002312500000003739
D26,2020-09-20,-69.3733,29.3868,24.0,-2.433792,-2.484314,-0.004299501824787493,-0.0061666666666705516
D26,2020-09-21,-69.3798,29.3737,24.0,-2.878128,-2.640564,-0.005926999795434375,-0.008350694444447804
D26,2020-09-22,-69.3869,29.3596,24.0,-2.878128,-2.640564,-0.006377341556808493,-0.009121527777770212
D26,2020-09-23,-69.3934,29.3465,24.0,-2.878128,-2.640564,-0.005923260738420239,-0.008350694444447804
D26,2020-09-24,-69.3982,29.337,24.0,-2.878128,-2.640564,-0.004294537360282625,-0.0061666666666705516
D26,2020-09-25,-69.4,29.3333,24.0,-2.878128,-2.640564,-0.0016724695023119414,-0.002312500000003739
D26,2020-10-10,-69.3667,29.4,24.0,-2.433792,-2.484314,0.0,0.0
D26,2020-10-11,-69.3667,29.4,24.0,-2.433792,-2.484314,0.0,0.0
D26,2020-10-12,-69.3667,29.4,24.0,-2.433792,-2.484314,0.0,0.0
D26,2020-10-13,-69.3667,29.4,24.0,-2.433792,-2.484314,0.0,0.0
D26,2020-10-14,-69.3667,29.4,24.0,-2.433792,-2.484314,0.0,0.0
D26,2020-10-15,-69.3667,29.4,24.0,-2.433792,-2.484314,0.0,0.0
D26,2020-10-16,-69.3667,29.4,24.0,-2.433792,-2.484314,0.0,0.0
D26,2020-10-17,-69.3685,29.3963,24.0,-2.433792,-2.484314,-0.0016749155079643508,-0.002312500000003739
D26,2020-10-18,-69.3733,29.3868,24.0,-2.433792,-2.484314,-0.004299501824787493,-0.0061666666666705516
D26,2020-10-19,-69.3798,29.3737,24.0,-2.878128,-2.640564,-0.005926999795434375,-0.008350694444447804
D26,2020-10-20,-69.3869,29.3596,24.0,-2.878128,-2.640564,-0.006377341556808493,-0.009121527777770212
D26,2020-10-21,-69.3934,29.3465,24.0,-2.878128,-2.640564,-0.005923260738420239,-0.008350694444447804
D26,2020-10-22,-69.3982,29.337,24.0,-2.878128,-2.640564,-0.004294537360282625,-0.0061666666666705516
D26,2020-10-23,-69.4,29.3333,24.0,-2.878128,-2.640564,-0.0016724695023119414,-0.002312500000003739
D26,2020-10-24,-69.3982,29.337,24.0,-2.878128,-2.640564,0.0016726092876884818,0.002312500000003739
D26,2020-10-25,-69.3934,29.3465,24.0,-2.878128,-2.640564,0.004295494428624517,0.0061666666666705516
D26,2020-10-26,-69.3869,29.3596,24.0,-2.878128,-2.640564,0.005925047829376292,0.008350694444447804
D26,2020-10-27,-69.3798,29.3737,24.0,-2.878128,-2.640564,0.006379442527909178,0.009121527777770212
D26,2020-10-28,-69.3733,29.3868,24.0,-2.433792,-2.484314,0.005928786726813394,0.008350694444447804
D26,2020-10-29,-69.3685,29.3963,24.0,-2.433792,-2.484314,0.004300458736666616,0.0061666666666705516
D26,2020-10-30,-69.3667,29.4,24.0,-2.433792,-2.484314,0.0016750552644319884,0.002312500000003739
D26,2020-10-31,-69.3667,29.4,24.0,-2.433792,-2.484314,0.0,0.0
D26,2020-11-01,-69.3667,29.4,24.0,-2.433792,-2.484314,0.0,0.0
D26,2020-11-02,-69.3667,29.4,24.0,-2.433792,-2.484314,0.0,0.0
D26,2020-11-03,-69.3667,29.4,24.0,-2.433792,-2.484314,0.0,0.0
D26,2020-11-04,-69.3667,29.4,24.0,-2.433792,-2.484314,0.0,0.0
D26,2020-11-05,-69.3667,29.4,24.0,-2.433792,-2.484314,0.0,0.0
D26,2020-11-06,-69.3667,29.4,24.0,-2.433792,-2.484314,0.0,0.0
D27,2020-01-01,-67.2667,81.8667,24.0,-6.0173492,-2.2037964,0.0,0.0
D27,2020-01-02,-67.2667,81.8667,24.0,-6.0173492,-2.2037964,0.0,0.0
D27,2020-01-03,-67.2667,81.8667,24.0,-6.0173492,-2.2037964,0.0,0.0
D27,2020-01-04,-67.2667,81.8667,24.0,-6.0173492,-2.2037964,0.0,0.0
D27,2020-01-05,-67.2667,81.8667,24.0,-6.0173492,-2.2037964,0.0,0.0
D27,2020-01-06,-67.2667,81.8667,24.0,-6.0173492,-2.2037964,0.0,0.0
D27,2020-01-07,-67.2667,81.8667,24.0,-6.0173492,-2.2037964,0.0,0.0
D27,2020-01-08,-67.2667,81.8667,24.0,-6.0173492,-2.2037964,0.0,0.0
D27,2020-01-09,-67.2667,81.8667,24.0,-6.0173492,-2.2037964,0.0,0.0
D27,2020-01-10,-67.2667,81.8667,24.0,-6.0173492,-2.2037964,0.0,0.0
D27,2020-01-11,-67.2667,81.8667,24.0,-6.0173492,-2.2037964,0.0,0.0
D27,2020-01-12,-67.2667,81.8667,24.0,-6.0173492,-2.2037964,0.0,0.0
D27,2020-01-13,-67.2667,81.8667,24.0,-6.0173492,-2.2037964,0.0,0.0
D27,2020-01-14,-67.2667,81.8667,24.0,-6.0173492,-2.2037964,0.0,0.0
D27,2020-01-15,-67.2667,81.8667,24.0,-6.0173492,-2.2037964,0.0,0.0
D27,2020-01-16,-67.2667,81.8667,24.0,-6.0173492,-2.2037964,0.0,0.0
D27,2020-01-17,-67.2667,81.8667,24.0,-6.0173492,-2.2037964,0.0,0.0
D27,2020-01-18,-67.2667,81.8667,24.0,-6.0173492,-2.2037964,0.0,0.0
D27,2020-01-19,-67.2667,81.8667,24.0,-6.0173492,-2.2037964,0.0,0.0
D27,2020-01-20,-67.2667,81.8667,24.0,-6.0173492,-2.2037964,0.0,0.0
D27,2020-01-21,-67.2667,81.8667,24.0,-6.0173492,-2.2037964,0.0,0.0
D27,2020-01-22,-67.2667,81.8667,24.0,-6.0173492,-2.2037964,0.0,0.0
D27,2020-01-23,-67.2667,81.8667,24.0,-6.0173492,-2.2037964,0.0,0.0
D27,2020-01-24,-67.2667,81.8667,24.0,-6.0173492,-2.2037964,0.0,0.0
D27,2020-01-25,-67.2667,81.8667,24.0,-6.0173492,-2.2037964,0.0,0.0
D27,2020-01-26,-67.2667,81.8667,24.0,-6.0173492,-2.2037964,0.0,0.0
D27,2020-01-27,-67.2667,81.8667,24.0,-6.0173492,-2.2037964,0.0,0.0
D27,2020-01-28,-67.2667,81.8667,24.0,-6.0173492,-2.2037964,0.0,0.0
D27,2020-01-29,-67.2667,81.8667,24.0,-6.0173492,-2.2037964,0.0,0.0
D27,2020-01-30,-67.2667,81.8667,24.0,-6.0173492,-2.2037964,0.0,0.0
D27,2020-01-31,-67.2667,81.8667,24.0,-6.0173492,-2.2037964,0.0,0.0
D27,2020-02-01,-67.2667,81.8667,24.0,-6.0173492,-2.2037964,0.0,0.0
D27,2020-02-02,-67.2667,81.8667,24.0,-6.0173492,-2.2037964,0.0,0.0
D27,2020-02-03,-67.2667,81.8667,24.0,-6.0173492,-2.2037964,0.0,0.0
D27,2020-02-04,-67.2667,81.8667,24.0,-6.0173492,-2.2037964,0.0,0.0
D27,2020-02-05,-67.2667,81.8667,24.0,-6.0173492,-2.2037964,0.0,0.0
D27,2020-02-06,-67.2667,81.8667,24.0,-6.0173492,-2.2037964,0.0,0.0
D27,2020-02-07,-67.2667,81.8667,24.0,-6.0173492,-2.2037964,0.0,0.0
D27,2020-02-08,-67.2667,81.8667,24.0,-6.0173492,-2.2037964,0.0,0.0
D27,2020-02-09,-67.2667,81.8667,24.0,-6.0173492,-2.2037964,0.0,0.0
D27,2020-02-10,-67.2667,81.8667,24.0,-6.0173492,-2.2037964,0.0,0.0
D27,2020-02-11,-67.2667,81.8667,24.0,-6.0173492,-2.2037964,0.0,0.0
D27,2020-02-12,-67.2667,81.8667,24.0,-6.0173492,-2.2037964,0.0,0.0
D27,2020-02-13,-67.2667,81.8667,24.0,-6.0173492,-2.2037964,0.0,0.0
D27,2020-02-14,-67.2667,81.8667,24.0,-6.0173492,-2.2037964,0.0,0.0
D27,2020-02-15,-67.2667,81.8667,24.0,-6.0173492,-2.2037964,0.0,0.0
D27,2020-02-16,-67.2667,81.8667,24.0,-6.0173492,-2.2037964,0.0,0.0
D27,2020-02-17,-67.2667,81.8667,24.0,-6.0173492,-2.2037964,0.0,0.0
D27,2020-02-18,-67.2667,81.8667,24.0,-6.0173492,-2.2037964,0.0,0.0
D27,2020-02-19,-67.2667,81.8667,24.0,-6.0173492,-2.2037964,0.0,0.0
D27,2020-02-20,-67.2667,81.8667,24.0,-6.0173492,-2.2037964,0.0,0.0
D27,2020-02-21,-67.2667,81.8667,24.0,-6.0173492,-2.2037964,0.0,0.0
D27,2020-02-22,-67.2667,81.8667,24.0,-6.0173492,-2.2037964,0.0,0.0
D27,2020-02-23,-67.2667,81.8667,24.0,-6.0173492,-2.2037964,0.0,0.0
D27,2020-02-24,-67.2667,81.8667,24.0,-6.0173492,-2.2037964,0.0,0.0
D27,2020-02-25,-67.2667,81.8667,24.0,-6.0173492,-2.2037964,0.0,0.0
D27,2020-02-26,-67.2667,81.8667,24.0,-6.0173492,-2.2037964,0.0,0.0
D27,2020-02-27,-67.2667,81.8667,24.0,-6.0173492,-2.2037964,0.0,0.0
D27,2020-02-28,-67.2667,81.8667,24.0,-6.0173492,-2.2037964,0.0,0.0
D27,2020-02-29,-67.2667,81.8667,24.0,-6.0173492,-2.2037964,0.0,0.0
D27,2020-03-01,-67.2667,81.8667,24.0,-6.0173492,-2.2037964,0.0,0.0
D27,2020-03-02,-67.2667,81.8667,24.0,-6.0173492,-2.2037964,0.0,0.0
D27,2020-03-03,-67.2667,81.8667,24.0,-6.0173492,-2.2037964,0.0,0.0
D27,2020-03-04,-67.2667,81.8667,24.0,-6.0173492,-2.2037964,0.0,0.0
D27,2020-03-05,-67.2667,81.8667,24.0,-6.0173492,-2.2037964,0.0,0.0
D27,2020-03-06,-67.2667,81.8667,24.0,-6.0173492,-2.2037964,0.0,0.0
D27,2020-03-07,-67.2667,81.8667,24.0,-6.0173492,-2.2037964,0.0,0.0
D27,2020-03-08,-67.2667,81.8667,24.0,-6.0173492,-2.2037964,0.0,0.0
D27,2020-03-09,-67.2667,81.8667,24.0,-6.0173492,-2.2037964,0.0,0.0
D27,2020-03-10,-67.2667,81.8667,24.0,-6.0173492,-2.2037964,0.0,0.0
D27,2020-03-11,-67.2667,81.8667,24.0,-6.0173492,-2.2037964,0.0,0.0
D27,2020-03-12,-67.2667,81.8667,24.0,-6.0173492,-2.2037964,0.0,0.0
D27,2020-03-13,-67.2667,81.8667,24.0,-6.0173492,-2.2037964,0.0,0.0
D27,2020-03-14,-67.2667,81.8667,24.0,-6.0173492,-2.2037964,0.0,0.0
D27,2020-03-15,-67.2667,81.8667,24.0,-6.0173492,-2.2037964,0.0,0.0
D27,2020-03-16,-67.2667,81.8667,24.0,-6.0173492,-2.2037964,0.0,0.0
D27,2020-03-17,-67.2667,81.8667,24.0,-6.0173492,-2.2037964,0.0,0.0
D27,2020-03-18,-67.2667,81.8667,24.0,-6.0173492,-2.2037964,0.0,0.0
D27,2020-03-19,-67.2667,81.8667,24.0,-6.0173492,-2.2037964,0.0,0.0
D27,2020-03-20,-67.2667,81.8667,24.0,-6.0173492,-2.2037964,0.0,0.0
D27,2020-03-21,-67.2667,81.8667,24.0,-6.0173492,-2.2037964,0.0,0.0
D27,2020-03-22,-67.2667,81.8667,24.0,-6.0173492,-2.2037964,0.0,0.0
D27,2020-03-23,-67.2667,81.8667,24.0,-6.0173492,-2.2037964,0.0,0.0
D27,2020-03-24,-67.2667,81.8667,24.0,-6.0173492,-2.2037964,0.0,0.0
D27,2020-03-25,-67.2667,81.8667,24.0,-6.0173492,-2.2037964,0.0,0.0
D27,2020-03-26,-67.2667,81.8667,24.0,-6.0173492,-2.2037964,0.0,0.0
D27,2020-03-27,-67.2667,81.8667,24.0,-6.0173492,-2.2037964,0.0,0.0
D27,2020-03-28,-67.2667,81.8667,24.0,-6.0173492,-2.2037964,0.0,0.0
D27,2020-03-29,-67.2667,81.8667,24.0,-6.0173492,-2.2037964,0.0,0.0
D27,2020-03-30,-67.2667,81.8667,24.0,-6.0173492,-2.2037964,0.0,0.0
D27,2020-03-31,-67.2667,81.8667,24.0,-6.0173492,-2.2037964,0.0,0.0
D27,2020-04-01,-67.2667,81.8667,24.0,-6.0173492,-2.2037964,0.0,0.0
D27,2020-04-02,-67.2667,81.8667,24.0,-6.0173492,-2.2037964,0.0,0.0
D27,2020-04-03,-67.2667,81.8667,24.0,-6.0173492,-2.2037964,0.0,0.0
D27,2020-04-04,-67.2667,81.8667,24.0,-6.0173492,-2.2037964,0.0,0.0
D27,2020-04-05,-67.2667,81.8667,24.0,-6.0173492,-2.2037964,0.0,0.0
D27,2020-04-06,-67.2667,81.8667,24.0,-6.0173492,-2.2037964,0.0,0.0
D27,2020-04-07,-67.2667,81.8667,24.0,-6.0173492,-2.2037964,0.0,0.0
D27,2020-04-08,-67.2667,81.8667,24.0,-6.0173492,-2.2037964,0.0,0.0
D27,2020-04-09,-67.2667,81.8667,24.0,-6.0173492,-2.2037964,0.0,0.0
D27,2020-04-10,-67.2667,81.8667,24.0,-6.0173492,-2.2037964,0.0,0.0
D27,2020-04-11,-67.2667,81.8667,24.0,-6.0173492,-2.2037964,0.0,0.0
D27,2020-04-12,-67.2667,81.8667,24.0,-6.0173492,-2.2037964,0.0,0.0
D27,2020-04-13,-67.2667,81.8667,24.0,-6.0173492,-2.2037964,0.0,0.0
D27,2020-04-14,-67.2667,81.8667,24.0,-6.0173492,-2.2037964,0.0,0.0
D27,2020-04-15,-67.2667,81.8667,24.0,-6.0173492,-2.2037964,0.0,0.0
D27,2020-04-16,-67.2667,81.8667,24.0,-6.0173492,-2.2037964,0.0,0.0
D27,2020-04-17,-67.2667,81.8667,24.0,-6.0173492,-2.2037964,0.0,0.0
D27,2020-04-18,-67.2667,81.8667,24.0,-6.0173492,-2.2037964,0.0,0.0
D27,2020-04-19,-67.2667,81.8667,24.0,-6.0173492,-2.2037964,0.0,0.0
D27,2020-04-20,-67.2667,81.8667,24.0,-6.0173492,-2.2037964,0.0,0.0
D27,2020-04-21,-67.2667,81.8667,24.0,-6.0173492,-2.2037964,0.0,0.0
D27,2020-04-22,-67.2667,81.8667,24.0,-6.0173492,-2.2037964,0.0,0.0
D27,2020-04-23,-67.2667,81.8667,24.0,-6.0173492,-2.2037964,0.0,0.0
D27,2020-04-24,-67.2667,81.8667,24.0,-6.0173492,-2.2037964,0.0,0.0
D27,2020-04-25,-67.2667,81.8667,24.0,-6.0173492,-2.2037964,0.0,0.0
D27,2020-04-26,-67.2667,81.8667,24.0,-6.0173492,-2.2037964,0.0,0.0
D27,2020-04-27,-67.2667,81.8667,24.0,-6.0173492,-2.2037964,0.0,0.0
D27,2020-04-28,-67.2667,81.8667,24.0,-6.0173492,-2.2037964,0.0,0.0
D27,2020-04-29,-67.2667,81.8667,24.0,-6.0173492,-2.2037964,0.0,0.0
D27,2020-04-30,-67.2667,81.8667,24.0,-6.0173492,-2.2037964,0.0,0.0
D27,2020-05-01,-67.2667,81.8667,24.0,-6.0173492,-2.2037964,0.0,0.0
D27,2020-05-02,-67.2667,81.8667,24.0,-6.0173492,-2.2037964,0.0,0.0
D27,2020-05-03,-67.2667,81.8667,24.0,-6.0173492,-2.2037964,0.0,0.0
D27,2020-05-04,-67.2667,81.8667,24.0,-6.0173492,-2.2037964,0.0,0.0
D27,2020-05-05,-67.2667,81.8667,24.0,-6.0173492,-2.2037964,0.0,0.0
D27,2020-05-06,-67.2667,81.8667,24.0,-6.0173492,-2.2037964,0.0,0.0
D27,2020-05-07,-67.2667,81.8667,24.0,-6.0173492,-2.2037964,0.0,0.0
D27,2020-05-08,-67.2667,81.8667,24.0,-6.0173492,-2.2037964,0.0,0.0
D27,2020-05-09,-67.2667,81.8556,24.0,-6.0173492,-2.2037964,-0.005510826095253178,0.0
D27,2020-05-10,-67.2667,81.827,24.0,-6.0173492,-2.2037964,-0.014199065434616232,0.0
D27,2020-05-11,-67.2667,81.788,24.0,-6.0173492,-2.2037964,-0.019362361956297428,0.0
D27,2020-05-12,-67.2667,81.7454,24.0,-6.0173492,-2.2037964,-0.021149656906105267,0.0
D27,2020-05-13,-67.2667,81.7064,24.0,-6.0173492,-2.2037964,-0.019362361956297428,0.0
D27,2020-05-14,-67.2667,81.6778,24.0,-6.0173492,-2.2037964,-0.014199065434616232,0.0
D27,2020-05-15,-67.2667,81.6667,24.0,-6.0173492,-2.2037964,-0.005510826095253178,0.0
D27,2020-05-16,-67.2667,81.6667,24.0,-6.0173492,-2.2037964,0.0,0.0
D27,2020-05-17,-67.2667,81.6667,24.0,-6.0173492,-2.2037964,0.0,0.0
D27,2020-05-18,-67.2667,81.6667,24.0,-6.0173492,-2.2037964,0.0,0.0
D27,2020-05-19,-67.2667,81.6667,24.0,-6.0173492,-2.2037964,0.0,0.0
D27,2020-05-20,-67.2667,81.6667,24.0,-6.0173492,-2.2037964,0.0,0.0
D27,2020-05-21,-67.2667,81.6667,24.0,-6.0173492,-2.2037964,0.0,0.0
D27,2020-05-22,-67.2667,81.6667,24.0,-6.0173492,-2.2037964,0.0,0.0
D27,2020-05-23,-67.2676,81.6602,24.0,-6.0173492,-2.2037964,-0.003226939343556511,-0.0011562500000018695
D27,2020-05-24,-67.27,81.6436,24.0,-6.0173492,-2.2037964,-0.008240282699483927,-0.0030833333333261472
D27,2020-05-25,-67.2732,81.6208,24.0,-5.7224274,-2.6989136,-0.011316469729541064,-0.004111111111119787
D27,2020-05-26,-67.2768,81.5959,24.0,-5.7224274,-2.6989136,-0.012356922221532923,-0.004624999999989221
D27,2020-05-27,-67.28,81.5731,24.0,-5.7224274,-2.6989136,-0.011313263161705226,-0.004111111111119787
D27,2020-05-28,-67.2824,81.5565,24.0,-5.7224274,-2.6989136,-0.008236025488488995,-0.0030833333333261472
D27,2020-05-29,-67.2833,81.55,24.0,-5.7224274,-2.6989136,-0.003224828743091005,-0.0011562500000018695
D27,2020-05-30,-67.2833,81.55,24.0,-5.7224274,-2.6989136,0.0,0.0
D27,2020-05-31,-67.2833,81.55,24.0,-5.7224274,-2.6989136,0.0,0.0
D27,2020-06-01,-67.2833,81.55,24.0,-5.7224274,-2.6989136,0.0,0.0
D27,2020-06-02,-67.2833,81.55,24.0,-6.4697723,-1.3928223,0.0,0.0
D27,2020-06-03,-67.2833,81.55,24.0,-8.275482,-2.503418,0.0,0.0
D27,2020-06-04,-67.2833,81.55,24.0,-18.356018,-7.575531,0.0,0.0
D27,2020-06-05,-67.2833,81.55,24.0,-13.606476,-2.6065063,0.0,0.0
D27,2020-06-06,-67.2833,81.5403,24.0,-8.569305,3.9885101,-0.0048124367396853145,0.0
D27,2020-06-07,-67.2833,81.5132,24.0,-12.576111,-5.90271,-0.01344505522119155,0.0
D27,2020-06-08,-67.2833,81.4715,24.0,-7.8713226,-3.54628,-0.020688516705663667,0.0
D27,2020-06-09,-67.2833,81.4181,24.0,-20.475662,-4.6792145,-0.026493208443234523,0.0
D27,2020-06-10,-67.2833,81.356,24.0,-14.640427,-3.7528687,-0.03080951768398059,0.0
D27,2020-06-11,-67.2833,81.2879,24.0,-6.066864,1.4336395,-0.03378628267760197,0.0
D27,2020-06-12,-67.2833,81.2167,24.0,-7.719284,-0.11656189,-0.03532427792430095,0.0
D27,2020-06-13,-67.2824,81.1232,24.0,-8.474991,-1.043335,-0.04638966163698291,0.0011562500000018695
D27,2020-06-14,-67.28,80.9936,24.0,-3.0365906,1.4300385,-0.06430696955073324,0.0030833333333261472
D27,2020-06-15,-67.2768,80.8392,24.0,7.4871674,4.2230835,-0.07662284301222674,0.004111111111119787
D27,2020-06-16,-67.2732,80.6713,24.0,-0.084487915,3.9288788,-0.08333488015744167,0.004624999999989221
D27,2020-06-17,-67.27,80.5013,24.0,-6.806717,0.375412,-0.08438843728388846,0.004111111111119787
D27,2020-06-18,-67.2676,80.3404,24.0,-10.041138,0.32774353,-0.07987916005815807,0.0030833333333261472
D27,2020-06-19,-67.2667,80.2,24.0,-0.81365967,6.763916,-0.06970450304266793,0.0011562500000018695
D27,2020-06-20,-67.2809,80.0637,24.0,4.8840027,-4.021103,-0.06762894393736288,-0.01824305555555868
D27,2020-06-21,-67.3177,79.9157,24.0,-16.56314,-3.4625397,-0.0733215542570712,-0.047277777777777134
D27,2020-06-22,-67.3683,79.7679,24.0,-4.8885345,1.8636017,-0.07306772058148701,-0.06500694444444813
D27,2020-06-23,-67.424,79.6321,24.0,-8.542847,-1.2342987,-0.06697871627731009,-0.07155902777777988
D27,2020-06-24,-67.4759,79.5204,24.0,-13.179932,-4.908493,-0.05497216278961229,-0.06667708333331944
D27,2020-06-25,-67.5152,79.4446,24.0,-10.399261,-4.080612,-0.03724258750994623,-0.050489583333329764
D27,2020-06-26,-67.5333,79.4167,24.0,-8.900711,-2.4398193,-0.013697560524275837,-0.023253472222227362
D27,2020-06-27,-67.5375,79.4167,24.0,-6.461975,-1.1121826,0.0,-0.005395833333329886
D27,2020-06-28,-67.5412,79.4167,24.0,-8.79422,-5.0864716,0.0,-0.0047534722222339655
D27,2020-06-29,-67.5443,79.4167,24.0,-10.057709,-0.81526184,0.0,-0.003982638888893299
D27,2020-06-30,-67.5467,79.4167,24.0,-6.5144043,-0.22496033,0.0,-0.0030833333333261472
D27,2020-07-01,-67.5485,79.4167,24.0,-9.451462,-0.39535522,0.0,-0.002312500000003739
D27,2020-07-02,-67.5496,79.4167,24.0,-0.95474243,4.8158264,0.0,-0.0014131944444365867
D27,2020-07-03,-67.55,79.4167,24.0,1.2874756,-1.1563721,0.0,-0.0005138888888876912
D27,2020-07-04,-67.55,79.4167,24.0,10.207352,3.294876,0.0,0.0
D27,2020-07-05,-67.55,79.4167,24.0,-3.7805023,-1.8706512,0.0,0.0
D27,2020-07-06,-67.55,79.4167,24.0,1.7779388,4.8587494,0.0,0.0
D27,2020-07-07,-67.55,79.4167,24.0,-2.9315796,-2.5471802,0.0,0.0
D27,2020-07-08,-67.55,79.4167,24.0,-9.44751,-1.5097046,0.0,0.0
D27,2020-07-09,-67.55,79.4167,24.0,-10.623108,0.69441223,0.0,0.0
D27,2020-07-10,-67.55,79.4167,24.0,-20.615234,-3.598648,0.0,0.0
D27,2020-07-11,-67.55,79.4167,24.0,-19.32988,-2.1241455,0.0,0.0
D27,2020-07-12,-67.55,79.4167,24.0,-6.3798523,1.2471771,0.0,0.0
D27,2020-07-13,-67.55,79.4167,24.0,-12.834076,1.5915375,0.0,0.0
D27,2020-07-14,-67.55,79.4167,24.0,-0.6132965,4.143631,0.0,0.0
D27,2020-07-15,-67.55,79.4167,24.0,-10.96254,-4.75206,0.0,0.0
D27,2020-07-16,-67.55,79.4167,24.0,-15.538956,-7.0195007,0.0,0.0
D27,2020-07-17,-67.55,79.4167,24.0,-10.20311,-7.5477905,0.0,0.0
D27,2020-07-18,-67.5509,79.4185,24.0,-17.970566,-4.078705,0.0008830571057360637,-0.0011562500000018695
D27,2020-07-19,-67.5533,79.4233,24.0,-22.151718,-4.873474,0.0023545802127100317,-0.0030833333333261472
D27,2020-07-20,-67.5566,79.4298,24.0,-0.4446411,3.3119965,0.003188049507570737,-0.004239583333346274
D27,2020-07-21,-67.5601,79.4369,24.0,-12.485046,-0.690094,0.0034818159957696417,-0.004496527777780991
D27,2020-07-22,-67.5634,79.4434,24.0,-11.019943,-5.0657806,0.0031871334720360404,-0.004239583333328017
D27,2020-07-23,-67.5658,79.4482,24.0,-9.7836,-0.2587738,0.0023533367295940025,-0.0030833333333261472
D27,2020-07-24,-67.5667,79.45,24.0,-5.548462,0.5136719,0.0008824676979332075,-0.0011562500000018695
D27,2020-07-25,-67.5667,79.45,24.0,-2.295517,-2.4240723,0.0,0.0
D27,2020-07-26,-67.5667,79.45,24.0,1.9987183,-2.3906708,0.0,0.0
D27,2020-07-27,-67.5667,79.45,24.0,1.7909088,2.3494415,0.0,0.0
D27,2020-07-28,-67.5667,79.45,24.0,7.7644806,3.11586,0.0,0.0
D27,2020-07-29,-67.5667,79.45,24.0,7.576599,2.8596954,0.0,0.0
D27,2020-07-30,-67.5667,79.45,24.0,-7.2501984,-1.5517578,0.0,0.0
D27,2020-07-31,-67.5667,79.45,24.0,-8.504425,-2.8379364,0.0,0.0
D27,2020-08-01,-67.5667,79.45,24.0,-22.62735,-4.4020233,0.0,0.0
D27,2020-08-02,-67.5667,79.45,24.0,-2.4668121,-10.710175,0.0,0.0
D27,2020-08-03,-67.5667,79.45,24.0,1.678421,0.29541016,0.0,0.0
D27,2020-08-04,-67.5667,79.45,24.0,-2.6424103,4.9132843,0.0,0.0
D27,2020-08-05,-67.5667,79.45,24.0,-8.937103,-3.6365356,0.0,0.0
D27,2020-08-06,-67.5667,79.45,24.0,5.4161987,-2.9136963,0.0,0.0
D27,2020-08-07,-67.5667,79.45,24.0,-0.7058258,-3.3628235,0.0,0.0
D27,2020-08-08,-67.5676,79.45,24.0,-11.280151,-4.0115356,0.0,-0.0011562500000018695
D27,2020-08-09,-67.57,79.45,24.0,-9.914185,-4.1927795,0.0,-0.0030833333333261472
D27,2020-08-10,-67.5732,79.45,24.0,-8.404785,0.85546875,0.0,-0.004111111111119787
D27,2020-08-11,-67.5768,79.45,24.0,-18.280853,-3.6551208,0.0,-0.004625000000007478
D27,2020-08-12,-67.58,79.45,24.0,-20.534851,-5.728958,0.0,-0.00411111111110153
D27,2020-08-13,-67.5824,79.45,24.0,-12.639725,0.2927704,0.0,-0.0030833333333444043
D27,2020-08-14,-67.5833,79.45,24.0,-7.379486,1.555542,0.0,-0.0011562499999836124
D27,2020-08-15,-67.5824,79.4491,24.0,-10.869705,-3.3008118,-0.00044094097704061233,0.0011562499999836124
D27,2020-08-16,-67.58,79.4467,24.0,-17.2155,0.36495972,-0.0011759619984369704,0.0030833333333444043
D27,2020-08-17,-67.5768,79.4434,24.0,-9.6822815,-11.617386,-0.0016171666306128633,0.00411111111110153
D27,2020-08-18,-67.5732,79.4399,24.0,-18.377304,-5.193451,-0.0017154378899603563,0.004625000000007478
D27,2020-08-19,-67.57,79.4366,24.0,-17.561066,-3.8612518,-0.0016176317397068847,0.004111111111119787
D27,2020-08-20,-67.5676,79.4342,24.0,-15.654541,-1.5328064,-0.0011765788293954266,0.0030833333333261472
D27,2020-08-21,-67.5667,79.4333,24.0,-3.8962402,0.5909271,-0.00044123384896660375,0.0011562500000018695
D27,2020-08-22,-67.5667,79.4333,24.0,6.855667,5.8135223,0.0,0.0
D27,2020-08-23,-67.5667,79.4333,24.0,2.5212708,3.4446106,0.0,0.0
D27,2020-08-24,-67.5667,79.4333,24.0,-2.1512756,1.4083099,0.0,0.0
D27,2020-08-25,-67.5667,79.4333,24.0,-12.184357,-3.1004486,0.0,0.0
D27,2020-08-26,-67.5667,79.4333,24.0,-8.755783,-1.2131653,0.0,0.0
D27,2020-08-27,-67.5667,79.4333,24.0,-5.1199493,-0.6491852,0.0,0.0
D27,2020-08-28,-67.5667,79.4333,24.0,-6.6763306,-2.2495422,0.0,0.0
D27,2020-08-29,-67.5667,79.4333,24.0,-5.8186646,-3.540985,0.0,0.0
D27,2020-08-30,-67.5667,79.4333,24.0,-13.0504,-5.2171783,0.0,0.0
D27,2020-08-31,-67.5667,79.4333,24.0,-12.705734,-3.8684845,0.0,0.0
D27,2020-09-01,-67.5667,79.4333,24.0,-3.7990265,-0.3163452,0.0,0.0
D27,2020-09-02,-67.5667,79.4333,24.0,-3.7990265,-0.3163452,0.0,0.0
D27,2020-09-03,-67.5667,79.4333,24.0,-3.7990265,-0.3163452,0.0,0.0
D27,2020-09-04,-67.5667,79.4333,24.0,-3.7990265,-0.3163452,0.0,0.0
D27,2020-09-05,-67.5667,79.4333,24.0,-3.7990265,-0.3163452,0.0,0.0
D27,2020-09-06,-67.5667,79.4333,24.0,-3.7990265,-0.3163452,0.0,0.0
D27,2020-09-07,-67.5667,79.4333,24.0,-3.7990265,-0.3163452,0.0,0.0
D27,2020-09-08,-67.5667,79.4333,24.0,-3.7990265,-0.3163452,0.0,0.0
D27,2020-09-09,-67.5667,79.4333,24.0,-3.7990265,-0.3163452,0.0,0.0
D27,2020-09-10,-67.5667,79.4333,24.0,-3.7990265,-0.3163452,0.0,0.0
D27,2020-09-11,-67.5667,79.4333,24.0,-3.7990265,-0.3163452,0.0,0.0
D27,2020-09-12,-67.5667,79.4333,24.0,-3.7990265,-0.3163452,0.0,0.0
D27,2020-09-13,-67.5667,79.4333,24.0,-3.7990265,-0.3163452,0.0,0.0
D27,2020-09-14,-67.5667,79.4333,24.0,-3.7990265,-0.3163452,0.0,0.0
D27,2020-09-15,-67.5667,79.4333,24.0,-3.7990265,-0.3163452,0.0,0.0
D27,2020-09-16,-67.5667,79.4333,24.0,-3.7990265,-0.3163452,0.0,0.0
D27,2020-09-17,-67.5667,79.4333,24.0,-3.7990265,-0.3163452,0.0,0.0
D27,2020-09-18,-67.5667,79.4333,24.0,-3.7990265,-0.3163452,0.0,0.0
D27,2020-09-19,-67.5667,79.4333,24.0,-3.7990265,-0.3163452,0.0,0.0
D27,2020-09-20,-67.5667,79.4333,24.0,-3.7990265,-0.3163452,0.0,0.0
D27,2020-09-21,-67.5667,79.4333,24.0,-3.7990265,-0.3163452,0.0,0.0
D27,2020-09-22,-67.5667,79.4333,24.0,-3.7990265,-0.3163452,0.0,0.0
D27,2020-09-23,-67.5667,79.4333,24.0,-3.7990265,-0.3163452,0.0,0.0
D27,2020-09-24,-67.5667,79.4333,24.0,-3.7990265,-0.3163452,0.0,0.0
D27,2020-09-25,-67.5667,79.4333,24.0,-3.7990265,-0.3163452,0.0,0.0
D27,2020-10-10,-67.5833,79.4667,24.0,-3.7990265,-0.3163452,0.0,0.0
D27,2020-10-11,-67.5833,79.4667,24.0,-3.7990265,-0.3163452,0.0,0.0
D27,2020-10-12,-67.5833,79.4667,24.0,-3.7990265,-0.3163452,0.0,0.0
D27,2020-10-13,-67.5833,79.4667,24.0,-3.7990265,-0.3163452,0.0,0.0
D27,2020-10-14,-67.5833,79.4667,24.0,-3.7990265,-0.3163452,0.0,0.0
D27,2020-10-15,-67.5833,79.4667,24.0,-3.7990265,-0.3163452,0.0,0.0
D27,2020-10-16,-67.5833,79.4667,24.0,-3.7990265,-0.3163452,0.0,0.0
D27,2020-10-17,-67.5824,79.4695,24.0,-3.7990265,-0.3163452,0.0013718163730098234,0.0011562499999836124
D27,2020-10-18,-67.58,79.4766,24.0,-3.7990265,-0.3163452,0.003478887578721556,0.0030833333333444043
D27,2020-10-19,-67.5768,79.4864,24.0,-3.7990265,-0.3163452,0.004802494842410673,0.00411111111110153
D27,2020-10-20,-67.5732,79.497,24.0,-3.7990265,-0.3163452,0.005195326181017421,0.004625000000007478
D27,2020-10-21,-67.57,79.5068,24.0,-3.7990265,-0.3163452,0.00480387607549845,0.004111111111119787
D27,2020-10-22,-67.5676,79.5139,24.0,-3.7990265,-0.3163452,0.003480712370306995,0.0030833333333261472
D27,2020-10-23,-67.5667,79.5167,24.0,-3.7990265,-0.3163452,0.001372727530112904,0.0011562500000018695
D27,2020-10-24,-67.5672,79.5154,24.0,-3.7990265,-0.3163452,-0.0006373243100543203,-0.0006423611111141783
D27,2020-10-25,-67.5685,79.5115,24.0,-3.7990265,-0.3163452,-0.001911867849554206,-0.0016701388888895607
D27,2020-10-26,-67.5706,79.5055,24.0,-3.7990265,-0.3163452,-0.002941074002885614,-0.002697916666664943
D27,2020-10-27,-67.5733,79.4977,24.0,-3.7990265,-0.3163452,-0.0038229597021768886,-0.0034687500000056084
D27,2020-10-28,-67.5764,79.4885,24.0,-3.7990265,-0.3163452,-0.004508540822268059,-0.003982638888893299
D27,2020-10-29,-67.5798,79.478,24.0,-3.7990265,-0.3163452,-0.005144877271467858,-0.004368055555554504
D27,2020-10-30,-67.5833,79.4667,24.0,-3.7990265,-0.3163452,-0.005536048128171203,-0.004496527777762734
D27,2020-10-31,-67.5884,79.4489,24.0,-3.7990265,-0.3163452,-0.008718618844866612,-0.006552083333331756
D27,2020-11-01,-67.5958,79.4211,24.0,-3.7990265,-0.3163452,-0.013612454830754154,-0.009506944444449673
D27,2020-11-02,-67.6046,79.3866,24.0,-3.7990265,-0.3163452,-0.016886860509670025,-0.01130555555556572
D27,2020-11-03,-67.6138,79.3489,24.0,-3.9123077,-0.3895874,-0.01844598727498432,-0.011819444444435155
D27,2020-11-04,-67.6223,79.3112,24.0,-3.9123077,-0.3895874,-0.018439343241909895,-0.010920138888886259
D27,2020-11-05,-67.6291,79.2772,24.0,-4.0890656,-0.7723999,-0.016624852588609827,-0.008736111111109009
D27,2020-11-06,-67.6333,79.25,24.0,-4.0890656,-0.7723999,-0.013297513258101393,-0.005395833333348143
D28,2020-01-01,-68.0701,71.0647,24.0,2.7062836,14.3723755,0.001679326890885549,0.020298611111109446
D28,2020-01-02,-68.0597,71.0662,24.0,2.7062836,14.3723755,0.0007200359953661514,0.013361111111098228
D28,2020-01-03,-68.05,71.0667,24.0,2.7062836,14.3723755,0.00024011286844057356,0.012461805555567591
D28,2020-01-04,-68.0405,71.0667,24.0,2.7062836,14.3723755,0.0,0.012204861111114617
D28,2020-01-05,-68.0307,71.0667,24.0,2.7062836,14.3723755,0.0,0.012590277777775822
D28,2020-01-06,-68.0207,71.0667,24.0,2.7062836,14.3723755,0.0,0.012847222222210538
D28,2020-01-07,-68.0108,71.0667,24.0,2.7062836,14.3723755,0.0,0.012718750000002306
D28,2020-01-08,-68.0011,71.0667,24.0,2.7062836,14.3723755,0.0,0.012461805555567591
D28,2020-01-09,-67.9919,71.0667,24.0,2.7062836,14.3723755,0.0,0.011819444444435155
D28,2020-01-10,-67.9833,71.0667,24.0,2.7062836,14.3723755,0.0,0.011048611111112747
D28,2020-01-11,-67.9756,71.0682,24.0,2.7062836,14.3723755,0.0007226589677005227,0.009892361111110878
D28,2020-01-12,-67.9687,71.0725,24.0,2.7062836,14.3723755,0.0020722390892774323,0.008864583333335495
D28,2020-01-13,-67.9622,71.079,24.0,2.7062836,14.3723755,0.003133332596517892,0.008350694444447804
D28,2020-01-14,-67.9557,71.0872,24.0,2.7062836,14.3723755,0.003953927364096279,0.008350694444447804
D28,2020-01-15,-67.949,71.0966,24.0,2.7062836,14.3723755,0.00453385978848161,0.00860763888888252
D28,2020-01-16,-67.9416,71.1066,24.0,2.7062836,14.3723755,0.004824792952841904,0.009506944444449673
D28,2020-01-17,-67.9333,71.1167,24.0,2.7062836,14.3723755,0.00487478293018252,0.010663194444433286
D28,2020-01-18,-67.9232,71.1285,24.0,2.890854,13.784485,0.005697767433226234,0.012975694444455281
D28,2020-01-19,-67.9113,71.1432,24.0,2.890854,13.784485,0.007101700860994921,0.015288194444440763
D28,2020-01-20,-67.8983,71.1601,24.0,2.890854,13.784485,0.008169104914790176,0.01670138888887735
D28,2020-01-21,-67.885,71.1784,24.0,2.890854,13.784485,0.008850891678810287,0.01708680555555681
D28,2020-01-22,-67.872,71.1973,24.0,2.4601898,13.363586,0.00914618853986177,0.016701388888895607
D28,2020-01-23,-67.8601,71.2158,24.0,2.4601898,13.363586,0.008957190973527013,0.015288194444440763
D28,2020-01-24,-67.85,71.2333,24.0,2.4601898,13.363586,0.008476689336149971,0.012975694444455281
D28,2020-01-25,-67.8418,71.249,24.0,2.4601898,13.363586,0.00760747486417634,0.010534722222206798
D28,2020-01-26,-67.8349,71.2635,24.0,2.4601898,13.363586,0.007028089467755689,0.008864583333335495
D28,2020-01-27,-67.8286,71.2777,24.0,2.4601898,13.363586,0.006884538370261721,0.008093750000013087
D28,2020-01-28,-67.8224,71.2924,24.0,2.4601898,13.363586,0.007128844144594342,0.007965277777768343
D28,2020-01-29,-67.816,71.3088,24.0,2.4601898,13.363586,0.007955447612706069,0.008222222222221317
D28,2020-01-30,-67.8087,71.3277,24.0,2.4601898,13.363586,0.009171032857381616,0.009378472222223187
D28,2020-01-31,-67.8,71.35,24.0,2.4601898,13.363586,0.010824876152914437,0.011177083333339234
D28,2020-02-01,-67.7891,71.3802,24.0,2.524643,12.156555,0.014666531411308048,0.014003472222212408
D28,2020-02-02,-67.7758,71.4202,24.0,2.524643,12.156555,0.01943691260046373,0.01708680555555681
D28,2020-02-03,-67.7609,71.4671,24.0,2.524643,12.156555,0.02280428436568828,0.019142361111107575
D28,2020-02-04,-67.7451,71.5181,24.0,2.524643,12.156555,0.024814559047113327,0.020298611111127702
D28,2020-02-05,-67.7292,71.5703,24.0,2.524643,12.156555,0.025415654064225673,0.020427083333317678
D28,2020-02-06,-67.7139,71.6208,24.0,2.524643,12.156555,0.02460397278082582,0.019656250000013524
D28,2020-02-07,-67.7,71.6667,24.0,1.9572601,10.257141,0.02237605540722756,0.017857638888879222
D28,2020-02-08,-67.688,71.7119,24.0,1.9572601,10.257141,0.022046060325415805,0.015416666666667252
D28,2020-02-09,-67.6775,71.7602,24.0,1.9572601,10.257141,0.023568588738118443,0.013489583333342972
D28,2020-02-10,-67.6676,71.8087,24.0,1.9572601,10.257141,0.023676140297631158,0.012718750000002306
D28,2020-02-11,-67.6574,71.8548,24.0,1.9572601,10.257141,0.02251428987191574,0.013104166666663511
D28,2020-02-12,-67.6461,71.8955,24.0,1.6086273,8.336243,0.019886578994293722,0.014517361111100097
D28,2020-02-13,-67.6328,71.9282,24.0,1.6086273,8.336243,0.015986687687955074,0.01708680555555681
D28,2020-02-14,-67.6167,71.95,24.0,2.3937836,8.151672,0.010665069167534768,0.020684027777788907
D28,2020-02-15,-67.5916,71.9633,24.0,2.3937836,8.151672,0.00651359139377534,0.03224652777777109
D28,2020-02-16,-67.5551,71.9733,24.0,2.3937836,8.151672,0.00490500241259039,0.04689236111111593
D28,2020-02-17,-67.5119,71.9811,24.0,2.3937836,8.151672,0.003832883970842999,0.05549999999999845
D28,2020-02-18,-67.4667,71.9881,24.0,2.3937836,8.151672,0.0034463216415865894,0.05806944444443691
D28,2020-02-19,-67.4243,71.9955,24.0,2.3937836,8.151672,0.003649751535806088,0.054472222222223074
D28,2020-02-20,-67.3894,72.0046,24.0,2.3937836,8.151672,0.0044947826649623535,0.04483680555556517
D28,2020-02-21,-67.3667,72.0167,24.0,3.1369476,7.6692505,0.005982264130486676,0.029163194444444943
D28,2020-02-22,-67.352,72.0325,24.0,3.1369476,7.6692505,0.007816358056739676,0.0188854166666546
D28,2020-02-23,-67.3381,72.0518,24.0,3.1369476,7.6692505,0.00955338096318256,0.01785763888889748
D28,2020-02-24,-67.3257,72.0746,24.0,3.1369476,7.6692505,0.011291709007698535,0.01593055555555494
D28,2020-02-25,-67.3152,72.1009,24.0,3.1369476,7.6692505,0.013030798608060347,0.013489583333324718
D28,2020-02-26,-67.3071,72.1306,24.0,3.408432,6.0549927,0.014720365313925291,0.01040624999999857
D28,2020-02-27,-67.3019,72.1637,24.0,3.408432,6.0549927,0.016409085524779515,0.006680555555558243
D28,2020-02-28,-67.3,72.2,24.0,3.408432,6.0549927,0.01799688907797747,0.002440972222230226
D28,2020-02-29,-67.3,72.2455,24.0,3.408432,6.0549927,0.022558084106008642,0.0
D28,2020-03-01,-67.3,72.3041,24.0,3.408432,6.0549927,0.029052829200262684,0.0
D28,2020-03-02,-67.3,72.3727,24.0,3.408432,6.0549927,0.034010649882896996,0.0
D28,2020-03-03,-67.3,72.448,24.0,3.6994476,4.697571,0.03733238974026959,0.0
D28,2020-03-04,-67.3,72.5269,24.0,3.6994476,4.697571,0.03911720518602245,0.0
D28,2020-03-05,-67.3,72.6064,24.0,3.6994476,4.697571,0.03941467442697656,0.0
D28,2020-03-06,-67.3,72.6833,24.0,3.7385101,3.433899,0.03812564104949699,0.0
D28,2020-03-07,-67.3037,72.7643,24.0,3.7385101,3.433899,0.04015214793153195,-0.0047534722222339655
D28,2020-03-08,-67.3132,72.8545,24.0,3.7385101,3.433899,0.044694912109962716,-0.012204861111096359
D28,2020-03-09,-67.3263,72.9483,24.0,3.7756195,2.170227,0.046453322644070004,-0.016829861111122096
D28,2020-03-10,-67.3404,73.0403,24.0,3.7756195,2.170227,0.0455350542162807,-0.018114583333332195
D28,2020-03-11,-67.3535,73.125,24.0,3.6066742,0.9319458,0.041898986525220186,-0.016829861111103836
D28,2020-03-12,-67.363,73.1967,24.0,3.6066742,0.9319458,0.03545411330083812,-0.012204861111114617
D28,2020-03-13,-67.3667,73.25,24.0,3.6066742,0.9319458,0.026351626293785006,-0.004753472222215708
D28,2020-03-14,-67.3647,73.2879,24.0,3.6066742,0.9319458,0.01873940431188047,0.0025694444444384562
D28,2020-03-15,-67.359,73.3188,24.0,3.6066742,0.9319458,0.01528194563430954,0.007322916666672421
D28,2020-03-16,-67.3504,73.3449,24.0,3.6066742,0.9319458,0.012912696138566786,0.011048611111112747
D28,2020-03-17,-67.3396,73.3687,24.0,3.6066742,0.9319458,0.011780114518535468,0.01387499999998592
D28,2020-03-18,-67.3271,73.3926,24.0,2.9592133,-0.47332764,0.011835792164326057,0.01605902777778143
D28,2020-03-19,-67.3137,73.4189,24.0,2.9592133,-0.47332764,0.013031614746284026,0.0172152777777833
D28,2020-03-20,-67.3,73.45,24.0,2.9592133,-0.47332764,0.015418822323011295,0.017600694444444502
D28,2020-03-21,-67.2832,73.4864,24.0,2.9592133,-0.47332764,0.01805911624815875,0.021583333333337805
D28,2020-03-22,-67.2611,73.5265,24.0,2.9592133,-0.47332764,0.0199131238205625,0.028392361111104273
D28,2020-03-23,-67.2355,73.5693,24.0,2.9592133,-0.47332764,0.021276564097988074,0.03288888888888527
D28,2020-03-24,-67.2081,73.614,24.0,2.9592133,-0.47332764,0.022246405450053876,0.035201388888889004
D28,2020-03-25,-67.1808,73.6596,24.0,2.3264008,-1.8473511,0.02272005102073967,0.03507291666666252
D28,2020-03-26,-67.1553,73.7052,24.0,2.3264008,-1.8473511,0.022744081155048723,0.032760416666677034
D28,2020-03-27,-67.1333,73.75,24.0,2.3264008,-1.8473511,0.0223654267944551,0.028263888888877788
D28,2020-03-28,-67.1149,73.7999,24.0,3.9279633,-1.6657104,0.02493045933728269,0.023638888888888567
D28,2020-03-29,-67.0985,73.8577,24.0,3.9279633,-1.6657104,0.028896946361019093,0.021069444444450112
D28,2020-03-30,-67.0832,73.9178,24.0,3.5256195,-2.673523,0.030065816829714778,0.019656249999995268
D28,2020-03-31,-67.0681,73.9744,24.0,3.5256195,-2.673523,0.028332545891607993,0.01939930555556055
D28,2020-04-01,-67.0526,74.0219,24.0,3.5256195,-2.673523,0.02379251633882599,0.01991319444444824
D28,2020-04-02,-67.0357,74.0545,24.0,3.5256195,-2.673523,0.016340554830650614,0.021711805555546033
D28,2020-04-03,-67.0167,74.0667,24.0,3.5256195,-2.673523,0.006119962274276801,0.024409722222229233
D28,2020-04-04,-66.9954,74.0625,24.0,3.5256195,-2.673523,-0.002108718808225541,0.027364583333328894
D28,2020-04-05,-66.9722,74.0508,24.0,3.5256195,-2.673523,-0.00587988999618641,0.02980555555555912
D28,2020-04-06,-66.9474,74.0326,24.0,3.5256195,-2.673523,-0.009155808907327043,0.03186111111110988
D28,2020-04-07,-66.9209,74.0089,24.0,3.5256195,-2.673523,-0.01193563094514989,0.03404513888888713
D28,2020-04-08,-66.893,73.981,24.0,3.5256195,-2.673523,-0.014066861445571403,0.035843750000003186
D28,2020-04-09,-66.8638,73.9499,24.0,4.4162445,-2.1530151,-0.015698991706768795,0.037513888888892746
D28,2020-04-10,-66.8333,73.9167,24.0,4.4162445,-2.1530151,-0.01677992892451359,0.03918402777778231
D28,2020-04-11,-66.7997,73.8702,24.0,4.6056976,-1.3795776,-0.023534213037789527,0.04316666666665735
D28,2020-04-12,-66.7621,73.8023,24.0,4.6056976,-1.3795776,-0.034417621344432124,0.04830555555555252
D28,2020-04-13,-66.7219,73.719,24.0,4.6056976,-1.3795776,-0.04229266380172653,0.051645833333331635
D28,2020-04-14,-66.6808,73.6263,24.0,4.6056976,-1.3795776,-0.04714364855013155,0.052802083333333506
D28,2020-04-15,-66.6402,73.5299,24.0,4.794174,-0.60809326,-0.049105903614350174,0.05215972222223759
D28,2020-04-16,-66.6017,73.4358,24.0,5.0920258,-0.16864014,-0.04800885424936737,0.049461805555554385
D28,2020-04-17,-66.5667,73.35,24.0,5.075424,0.41436768,-0.04383606921494122,0.0449652777777734
D28,2020-04-18,-66.5334,73.2731,24.0,5.075424,0.41436768,-0.03934164796641157,0.04278124999999614
D28,2020-04-19,-66.4996,73.2002,24.0,5.075424,0.41436768,-0.03734594209982285,0.04342361111111032
D28,2020-04-20,-66.4665,73.1285,24.0,5.075424,0.41436768,-0.03677998911815942,0.04252430555556143
D28,2020-04-21,-66.4354,73.0554,24.0,5.0724945,1.0315552,-0.037544878387900306,0.03995486111110472
D28,2020-04-22,-66.4076,72.978,24.0,5.0724945,1.0315552,-0.03979761985156226,0.035715277777776694
D28,2020-04-23,-66.3843,72.8938,24.0,5.0724945,1.0315552,-0.04333436118174379,0.029934027777785605
D28,2020-04-24,-66.3667,72.8,24.0,4.870346,1.8713989,-0.04830901067683204,0.022611111111113184
D28,2020-04-25,-66.3525,72.6878,24.0,4.870346,1.8713989,-0.05781813172675154,0.018243055555540424
D28,2020-04-26,-66.3389,72.5551,24.0,4.7805023,2.2844849,-0.06841911731472113,0.017472222222236274
D28,2020-04-27,-66.3264,72.4096,24.0,4.7805023,2.2844849,-0.07505605171807417,0.016059027777763173
D28,2020-04-28,-66.3158,72.2588,24.0,4.6701508,2.6985474,-0.07782287682829242,0.01361805555556946
D28,2020-04-29,-66.3074,72.1102,24.0,4.479721,3.2376099,-0.07671316041798065,0.010791666666659773
D28,2020-04-30,-66.3019,71.9715,24.0,4.479721,3.2376099,-0.07161805438190379,0.007065972222219447
D28,2020-05-01,-66.3,71.85,24.0,4.0451508,3.647766,-0.06274153576239733,0.002440972222230226
D28,2020-05-02,-66.3018,71.7485,24.0,4.0451508,3.647766,-0.052409959802547486,-0.002312500000003739
D28,2020-05-03,-66.3069,71.6602,24.0,4.0451508,3.647766,-0.04558483696854949,-0.006552083333331756
D28,2020-05-04,-66.3149,71.579,24.0,3.6994476,3.9280396,-0.041906126607720154,-0.010277777777772081
D28,2020-05-05,-66.3253,71.4986,24.0,3.6994476,3.9280396,-0.041476088048339216,-0.013361111111116486
D28,2020-05-06,-66.3377,71.4128,24.0,3.6994476,3.9280396,-0.04423994624242595,-0.01593055555555494
D28,2020-05-07,-66.3517,71.3153,24.0,3.3195648,4.1624146,-0.050244631007674435,-0.017986111111105707
D28,2020-05-08,-66.3667,71.2,24.0,3.3195648,4.1624146,-0.05938197154624928,-0.019270833333334066
D28,2020-05-09,-66.3894,71.0547,24.0,2.3000336,5.3948364,-0.07476485471884436,-0.029163194444444943
D28,2020-05-10,-66.4243,70.8775,24.0,2.3000336,5.3948364,-0.09105208544699417,-0.04483680555556517
D28,2020-05-11,-66.4675,70.677,24.0,1.7472992,5.5823364,-0.10284647535686085,-0.05549999999999845
D28,2020-05-12,-66.5155,70.4619,24.0,1.205307,5.4212036,-0.11012325124355142,-0.06166666666666901
D28,2020-05-13,-66.5643,70.241,24.0,0.66722107,5.087219,-0.11287090342156493,-0.06269444444444439
D28,2020-05-14,-66.6104,70.023,24.0,0.12815857,4.712219,-0.11118233174191419,-0.05922569444443877
D28,2020-05-15,-66.65,69.8167,24.0,-0.99879456,5.929016,-0.10504705283953487,-0.050875000000009225
D28,2020-05-16,-66.6878,69.6156,24.0,-1.1735992,5.0735474,-0.10224272549515673,-0.048562499999987234
D28,2020-05-17,-66.7288,69.4098,24.0,-1.1735992,5.0735474,-0.10445850818651102,-0.05267361111112528
D28,2020-05-18,-66.7697,69.2028,24.0,-1.115982,4.2112427,-0.10489317635835818,-0.05254513888888054
D28,2020-05-19,-66.8072,68.9981,24.0,-0.5554352,3.4788208,-0.10356950712680209,-0.04817708333332603
D28,2020-05-20,-66.8381,68.7993,24.0,0.0021820068,2.746399,-0.10045773413413166,-0.03969791666667
D28,2020-05-21,-66.859,68.6099,24.0,0.74046326,2.2698364,-0.0956261093286802,-0.026850694444441204
D28,2020-05-22,-66.8667,68.4333,24.0,0.74046326,2.2698364,-0.08913548287877188,-0.009892361111110878
D28,2020-05-23,-66.8663,68.2735,24.0,1.5695648,1.9221802,-0.080657321203286,0.0005138888888876912
D28,2020-05-24,-66.8651,68.128,24.0,1.5695648,1.9221802,-0.0734431510812115,0.0015416666666630736
D28,2020-05-25,-66.8631,67.9906,24.0,2.3830414,1.5579224,-0.06936022947365637,0.0025694444444384562
D28,2020-05-26,-66.8606,67.8553,24.0,2.6437836,1.6897583,-0.06830711299254161,0.0032118055555526346
D28,2020-05-27,-66.8575,67.7158,24.0,2.6437836,1.6897583,-0.0704364276605073,0.003982638888893299
D28,2020-05-28,-66.8539,67.5661,24.0,2.899643,1.826477,-0.07559772952891008,0.004625000000007478
D28,2020-05-29,-66.85,67.4,24.0,2.899643,1.826477,-0.08389300088998104,0.005010416666668682
D28,2020-05-30,-66.843,67.2089,24.0,3.0441742,1.9729614,-0.09654746124142698,0.008993055555543725
D28,2020-05-31,-66.8313,66.9939,24.0,2.9670258,2.138977,-0.10867406656915467,0.015031250000006045
D28,2020-06-01,-66.8162,66.7639,24.0,2.8869476,2.304016,-0.11632756746514643,0.01939930555556055
D28,2020-06-02,-66.7991,66.5275,24.0,-2.7559052,2.1560059,-0.11964782564047162,0.021968749999999006
D28,2020-06-03,-66.7814,66.2934,24.0,-8.826263,11.472168,-0.11856912975354157,0.022739583333321416
D28,2020-06-04,-66.7646,66.0702,24.0,-11.736877,8.054352,-0.11312566191389554,0.021583333333337805
D28,2020-06-05,-66.75,65.8667,24.0,-9.978546,10.327087,-0.10320221759185483,0.018756944444446373
D28,2020-06-06,-66.7369,65.6651,24.0,-0.39938354,5.48851,-0.10229306444362075,0.016829861111103836
D28,2020-06-07,-66.7239,65.4513,24.0,0.95025635,-1.0013428,-0.10854067053746844,0.016701388888895607
D28,2020-06-08,-66.7111,65.2391,24.0,-17.67308,6.502548,-0.10778433628288889,0.016444444444442635
D28,2020-06-09,-66.6987,65.0424,24.0,-16.031326,10.359848,-0.09996153735070289,0.01593055555555494
D28,2020-06-10,-66.687,64.8749,24.0,-3.7957,2.9004517,-0.08516266246764226,0.015031250000006045
D28,2020-06-11,-66.6763,64.7506,24.0,-3.5619812,1.3057098,-0.06322570848591948,0.013746527777777691
D28,2020-06-12,-66.6667,64.6833,24.0,1.9965363,0.6490631,-0.03424572552817133,0.012333333333322849
D28,2020-06-13,-66.6586,64.6551,24.0,-0.47303772,2.970337,-0.014354323260246653,0.01040624999999857
D28,2020-06-14,-66.6518,64.6364,24.0,4.1128235,0.5667572,-0.009521264833245328,0.008736111111127265
D28,2020-06-15,-66.6456,64.6233,24.0,4.500839,0.086364746,-0.006671648966630322,0.007965277777768343
D28,2020-06-16,-66.6396,64.612,24.0,-7.1186676,0.46794128,-0.00575632951056972,0.007708333333333626
D28,2020-06-17,-66.6332,64.5986,24.0,-2.2383575,0.35783386,-0.0068278551569151994,0.008222222222221317
D28,2020-06-18,-66.6257,64.5792,24.0,1.4871826,-0.2523346,-0.009888098568337424,0.00963541666667616
D28,2020-06-19,-66.6167,64.55,24.0,4.075989,1.3283691,-0.014888526321507901,0.011562500000000439
D28,2020-06-20,-66.6038,64.453,24.0,-3.6091614,-0.052352905,-0.049484212564191915,0.016572916666650863
D28,2020-06-21,-66.5864,64.2533,24.0,-13.706696,15.778671,-0.10194776332596055,0.022354166666678468
D28,2020-06-22,-66.5664,63.982,24.0,-3.4871674,3.6848907,-0.13861152968024115,0.025694444444439333
D28,2020-06-23,-66.5458,63.67,24.0,-18.57898,3.980545,-0.15953803179382062,0.02646527777778
D28,2020-06-24,-66.5266,63.3483,24.0,-4.9367676,-3.4348602,-0.1646250727994802,0.02466666666666395
D28,2020-06-25,-66.5107,63.048,24.0,-23.651215,10.196732,-0.1537721459164132,0.020427083333335934
D28,2020-06-26,-66.5,62.8,24.0,-17.022781,4.6968994,-0.12704588390479613,0.013746527777777691
D28,2020-06-27,-66.4927,62.587,24.0,-14.460022,3.817505,-0.10914799362637388,0.009378472222223187
D28,2020-06-28,-66.4858,62.3746,24.0,-4.622345,0.27583313,-0.10887066819589167,0.008864583333335495
D28,2020-06-29,-66.4796,62.1685,24.0,-1.4639587,5.0363007,-0.1056677256968572,0.007965277777768343
D28,2020-06-30,-66.4744,61.9741,24.0,-5.9675293,3.4185944,-0.09968990417706004,0.006680555555558243
D28,2020-07-01,-66.4703,61.797,24.0,-4.2288055,4.1163635,-0.09083325099182647,0.005267361111121656
D28,2020-07-02,-66.4676,61.6427,24.0,-2.6002502,4.0101624,-0.07914786806725392,0.0034687499999873517
D28,2020-07-03,-66.4667,61.5167,24.0,3.8323975,-2.3223877,-0.06463377244685696,0.0011562500000018695
D28,2020-07-04,-66.4677,61.4178,24.0,4.119461,1.6444855,-0.050730348541916305,-0.0012847222222100996
D28,2020-07-05,-66.4705,61.3366,24.0,0.763443,3.1527863,-0.041646532200941284,-0.0035972222222320958
D28,2020-07-06,-66.4748,61.2665,24.0,4.5982513,-0.2642975,-0.035947274776476995,-0.005524305555556374
D28,2020-07-07,-66.4802,61.2011,24.0,-6.401306,3.1500854,-0.033529854373045204,-0.00693749999999296
D28,2020-07-08,-66.4865,61.1337,24.0,-13.888916,6.544983,-0.034546501867117704,-0.008093750000013087
D28,2020-07-09,-66.4932,61.0577,24.0,-6.104553,4.8565216,-0.03894404266848738,-0.00860763888888252
D28,2020-07-10,-66.5,60.9667,24.0,1.6904297,3.6884613,-0.04661764288441719,-0.008736111111109009
D28,2020-07-11,-66.5096,60.8514,24.0,-15.463669,5.07312,-0.05904332888679674,-0.012333333333341103
D28,2020-07-12,-66.5235,60.7131,24.0,3.1250305,3.5088959,-0.07078173513390873,-0.017857638888879222
D28,2020-07-13,-66.5394,60.5605,24.0,1.7137756,2.3054047,-0.0780505494609952,-0.020427083333335934
D28,2020-07-14,-66.5555,60.4024,24.0,4.755844,0.11042786,-0.08081128281509203,-0.02068402777777065
D28,2020-07-15,-66.5696,60.2476,24.0,-17.93129,4.6493073,-0.07907961628475155,-0.018114583333332195
D28,2020-07-16,-66.5795,60.105,24.0,5.4561615,2.9795227,-0.0728181975559797,-0.012718750000002306
D28,2020-07-17,-66.5833,59.9833,24.0,-0.7060394,-4.126892,-0.06213616934635353,-0.004881944444442195
D28,2020-07-18,-66.5789,59.8755,24.0,1.5938873,7.0746155,-0.055049028538230065,0.005652777777764604
D28,2020-07-19,-66.5674,59.7703,24.0,-0.09312439,5.5913696,-0.053746206207055926,0.014774305555553072
D28,2020-07-20,-66.5509,59.6701,24.0,-9.446594,4.68602,-0.05122574061269128,0.0211979166666766
D28,2020-07-21,-66.532,59.5772,24.0,-10.236023,6.8216248,-0.04752984147313481,0.02428125000000274
D28,2020-07-22,-66.5128,59.4941,24.0,1.6079865,3.7105865,-0.04254874333495467,0.02466666666666395
D28,2020-07-23,-66.4958,59.4231,24.0,-2.6878967,3.650406,-0.036378138845077464,0.021840277777772518
D28,2020-07-24,-66.4833,59.3667,24.0,-0.96936035,3.7890625,-0.02891205951041765,0.01605902777778143
D28,2020-07-25,-66.474,59.3204,24.0,3.8802643,2.6882324,-0.023743398051759904,0.011947916666661642
D28,2020-07-26,-66.4651,59.2782,24.0,-6.255188,3.3505402,-0.021648572152770804,0.01143402777777395
D28,2020-07-27,-66.4569,59.2403,24.0,2.9500885,4.415848,-0.01944906363586087,0.010534722222225056
D28,2020-07-28,-66.4495,59.2068,24.0,-9.100754,2.3316803,-0.017196220580707876,0.009506944444449673
D28,2020-07-29,-66.443,59.1777,24.0,-14.397034,6.12825,-0.0149415003889663,0.008350694444447804
D28,2020-07-30,-66.4375,59.1532,24.0,-4.652542,1.6630859,-0.012582383322574067,0.007065972222219447
D28,2020-07-31,-66.4333,59.1333,24.0,-9.111847,5.959915,-0.010221694461565116,0.005395833333329886
D28,2020-08-01,-66.4302,59.1171,24.0,-4.1322327,6.6116486,-0.008322210539201173,0.003982638888893299
D28,2020-08-02,-66.4277,59.1032,24.0,6.3046722,1.0827942,-0.007141376304299341,0.0032118055555526346
D28,2020-08-03,-66.4256,59.0911,24.0,-9.87529,6.7338867,-0.006217115973341969,0.002697916666664943
D28,2020-08-04,-66.4237,59.0803,24.0,-23.872879,5.181839,-0.005549583073719461,0.002440972222230226
D28,2020-08-05,-66.4218,59.0702,24.0,-0.11972046,2.6378784,-0.0051902822448832405,0.002440972222211969
D28,2020-08-06,-66.4195,59.0602,24.0,-5.0046997,3.7991943,-0.005139365973240369,0.0029548611111179174
D28,2020-08-07,-66.4167,59.05,24.0,-8.066177,-1.7720032,-0.005242740203557811,0.0035972222222138387
D28,2020-08-08,-66.4129,59.0385,24.0,-9.534058,-4.796692,-0.0059118305992190605,0.004881944444460452
D28,2020-08-09,-66.4081,59.026,24.0,-15.100708,5.752533,-0.006427135759818991,0.0061666666666522945
D28,2020-08-10,-66.4028,59.0134,24.0,-23.885254,6.979492,-0.006479925049272145,0.00680902777778473
D28,2020-08-11,-66.3972,59.0018,24.0,-2.6412048,7.2374573,-0.005966980033781783,0.007194444444445934
D28,2020-08-12,-66.3919,58.9922,24.0,1.7590942,5.732956,-0.0049392357741804655,0.006809027777766473
D28,2020-08-13,-66.3871,58.9857,24.0,-9.041092,5.396286,-0.0033449152454253996,0.0061666666666705516
D28,2020-08-14,-66.3833,58.9833,24.0,-2.8580017,3.329956,-0.0012352329989843416,0.004881944444442195
D28,2020-08-15,-66.3801,58.9842,24.0,-6.1909943,3.3007507,0.000463271542482164,0.004111111111119787
D28,2020-08-16,-66.3768,58.9866,24.0,-3.241867,6.1159363,0.001235553487537255,0.004239583333328017
D28,2020-08-17,-66.3737,58.9899,24.0,2.1058044,3.941208,0.0016990962041921339,0.003982638888893299
D28,2020-08-18,-66.3709,58.9934,24.0,4.232071,2.8309631,0.001802273052364162,0.0035972222222138387
D28,2020-08-19,-66.3687,58.9967,24.0,-3.7124329,6.1446075,0.0016994351595684234,0.00282638888889143
D28,2020-08-20,-66.3672,58.9991,24.0,3.588623,2.4144592,0.0012360267953897828,0.0019270833333425348
D28,2020-08-21,-66.3667,59.0,24.0,2.3342285,-0.9002838,0.00046351929220915094,0.0006423611111141783
D28,2020-08-22,-66.3676,58.9995,24.0,-5.2439423,0.92778015,-0.00025750147394314177,-0.0011562500000018695
D28,2020-08-23,-66.37,58.998,24.0,-13.967987,5.4670715,-0.0007724304692807697,-0.0030833333333444043
D28,2020-08-24,-66.3732,58.9958,24.0,-13.489166,1.5782318,-0.0011327534002068317,-0.00411111111110153
D28,2020-08-25,-66.3768,58.993,24.0,-1.5896301,4.045059,-0.0014414790687928545,-0.004625000000007478
D28,2020-08-26,-66.38,58.9899,24.0,-2.8573456,3.4899597,-0.0015957194594538712,-0.00411111111110153
D28,2020-08-27,-66.3824,58.9866,24.0,-5.372879,4.0998383,-0.0016985063909940672,-0.0030833333333444043
D28,2020-08-28,-66.3833,58.9833,24.0,-5.8950806,5.0014343,-0.001698445373603927,-0.0011562500000018695
D28,2020-08-29,-66.3823,58.98,24.0,-12.804993,4.706085,-0.001698513170682277,0.0012847222222283567
D28,2020-08-30,-66.3795,58.9762,24.0,-23.606064,9.893173,-0.0019560822421326,0.0035972222222320958
D28,2020-08-31,-66.3752,58.9721,24.0,2.258133,-7.496414,-0.002110871973254552,0.0055243055555381166
D28,2020-09-01,-66.3698,58.9674,24.0,-7.671097,4.357483,-0.0024203014470728975,0.006937500000011217
D28,2020-09-02,-66.3635,58.9622,24.0,-7.671097,4.357483,-0.0026784532815282854,0.008093749999994829
D28,2020-09-03,-66.3568,58.9564,24.0,-7.671097,4.357483,-0.0029883038071447316,0.00860763888888252
D28,2020-09-04,-66.35,58.95,24.0,-7.671097,4.357483,-0.0032983325826754684,0.008736111111127265
D28,2020-09-05,-66.3423,58.9423,24.0,-7.671097,4.357483,-0.003969524135101659,0.009892361111110878
D28,2020-09-06,-66.3328,58.9328,24.0,-7.671097,4.357483,-0.00489931834852438,0.012204861111096359
D28,2020-09-07,-66.3218,58.9218,24.0,-7.671097,4.357483,-0.005675379768691835,0.01413194444445715
D28,2020-09-08,-66.3095,58.9095,24.0,-7.671097,4.357483,-0.0063492130615727125,0.015802083333328457
D28,2020-09-09,-66.2961,58.8961,24.0,-7.671097,4.357483,-0.00692071559090579,0.0172152777777833
D28,2020-09-10,-66.2817,58.8817,24.0,-7.671097,4.357483,-0.007441443967040041,0.018499999999993397
D28,2020-09-11,-66.2667,58.8667,24.0,-7.5578156,4.529358,-0.0077561228210804465,0.019270833333334066
D28,2020-09-12,-66.2501,58.8516,24.0,-7.5578156,4.529358,-0.007812975107271667,0.02132638888888483
D28,2020-09-13,-66.2313,58.8362,24.0,-7.5578156,4.529358,-0.007974141373427997,0.02415277777777626
D28,2020-09-14,-66.2107,58.8194,24.0,-7.5578156,4.529358,-0.008706164573373603,0.02646527777778
D28,2020-09-15,-66.1885,58.8001,24.0,-7.5578156,4.529358,-0.010010514952271217,0.02852083333333076
D28,2020-09-16,-66.1652,58.7773,24.0,-7.5578156,4.529358,-0.011836790184353083,0.029934027777785605
D28,2020-09-17,-66.1411,58.7498,24.0,-7.5578156,4.529358,-0.0142904222074679,0.03096180555556099
D28,2020-09-18,-66.1167,58.7167,24.0,-7.6251984,4.335022,-0.017217032123512617,0.03134722222222219
D28,2020-09-19,-66.0907,58.6537,24.0,-7.6251984,4.335022,-0.032803157686660145,0.03340277777777296
D28,2020-09-20,-66.0622,58.5472,24.0,-7.4689484,4.6690063,-0.055515168268901356,0.03661458333332559
D28,2020-09-21,-66.0323,58.4121,24.0,-7.4689484,4.6690063,-0.07050624262397416,0.03841319444444164
D28,2020-09-22,-66.0018,58.2634,24.0,-7.29805,5.031311,-0.07769675109657448,0.03918402777778231
D28,2020-09-23,-65.9717,58.1157,24.0,-7.0246124,5.496155,-0.07726530255618803,0.03867013888889462
D28,2020-09-24,-65.9431,57.9841,24.0,-7.0246124,5.496155,-0.0689200900622907,0.03674305555555208
D28,2020-09-25,-65.9167,57.8833,24.0,-7.0246124,5.496155,-0.052844337116283766,0.03391666666666065
D28,2020-10-10,-65.6065,56.9871,24.0,-8.797073,7.3477173,-0.05104292232545226,0.013104166666663511
D28,2020-10-11,-65.5964,56.864,24.0,-9.031448,7.917053,-0.06534122786379555,0.012975694444437025
D28,2020-10-12,-65.5871,56.727,24.0,-9.031448,7.917053,-0.07274533472065646,0.011947916666661642
D28,2020-10-13,-65.5789,56.5891,24.0,-9.353714,8.471741,-0.07324631111514873,0.010534722222225056
D28,2020-10-14,-65.5725,56.4633,24.0,-9.353714,8.471741,-0.06683576972818246,0.008222222222221317
D28,2020-10-15,-65.5682,56.3626,24.0,-9.620316,9.017639,-0.053509332893260764,0.005524305555556374
D28,2020-10-16,-65.5667,56.3,24.0,-9.620316,9.017639,-0.03326591136671822,0.0019270833333425348
D28,2020-10-17,-65.5667,56.2651,24.0,-9.620316,9.017639,-0.01854601128911209,0.0
D28,2020-10-18,-65.5667,56.2375,24.0,-9.620316,9.017639,-0.014666759644111209,0.0
D28,2020-10-19,-65.5667,56.215,24.0,-9.620316,9.017639,-0.011956597535957066,0.0
D28,2020-10-20,-65.5667,56.1955,24.0,-9.620316,9.017639,-0.010362384531166061,0.0
D28,2020-10-21,-65.5667,56.1768,24.0,-9.620316,9.017639,-0.009937261063221795,0.0
D28,2020-10-22,-65.5667,56.1568,24.0,-9.620316,9.017639,-0.010628086698633119,0.0
D28,2020-10-23,-65.5667,56.1333,24.0,-9.620316,9.017639,-0.012488001870891175,0.0
D28,2020-10-24,-65.5667,56.1079,24.0,-9.916214,9.338928,-0.013497670107260698,0.0
D28,2020-10-25,-65.5667,56.0831,24.0,-9.916214,9.338928,-0.013178827506302497,0.0
D28,2020-10-26,-65.5667,56.0579,24.0,-9.916214,9.338928,-0.01339138924027841,0.0
D28,2020-10-27,-65.5667,56.0312,24.0,-9.916214,9.338928,-0.014188495742672022,0.0
D28,2020-10-28,-65.5667,56.0022,24.0,-9.916214,9.338928,-0.015410725713013678,0.0
D28,2020-10-29,-65.5667,55.9699,24.0,-9.916214,9.338928,-0.017164360018289446,0.0
D28,2020-10-30,-65.5667,55.9333,24.0,-9.916214,9.338928,-0.019449398658495546,0.0
D28,2020-10-31,-65.5629,55.8857,24.0,-9.916214,9.338928,-0.02529853886879542,0.004881944444442195
D28,2020-11-01,-65.5528,55.8245,24.0,-10.280472,9.713928,-0.03253931058003161,0.012975694444437025
D28,2020-11-02,-65.5387,55.755,24.0,-10.280472,9.713928,-0.03697232355754941,0.018114583333332195
D28,2020-11-03,-65.5225,55.6826,24.0,-10.280472,9.713928,-0.038538990550168205,0.02081250000001539
D28,2020-11-04,-65.5065,55.6124,24.0,-10.73848,9.875061,-0.037390836360597646,0.020555555555544162
D28,2020-11-05,-65.4927,55.5498,24.0,-10.73848,9.875061,-0.033360451902416946,0.01772916666667099
D28,2020-11-06,-65.4833,55.5,24.0,-10.73848,9.875061,-0.026548695924129388,0.01207638888888813
